Player Name,Fantasy Team,POS,TEAM,SLOT,PROJ,FPTS,Week,Year
Josh Allen,Team Dupre,QB,,QB,,17.2,1,2021
Nick Chubb,Team Dupre,RB,,RB,,22.1,1,2021
Chase Edmonds,Team Dupre,RB,,RB,,14.6,1,2021
Calvin Ridley,Team Dupre,WR,,WR,,10.1,1,2021
Terry McLaurin,Team Dupre,WR,,WR,,10.2,1,2021
Kyle Pitts,Team Dupre,TE,,TE,,7.1,1,2021
Tee Higgins,Team Dupre,WR,,FLEX,,15.8,1,2021
Bills,Team Dupre,D/ST,,D/ST,,4,1,2021
Younghoe Koo,Team Dupre,K,,K,,6,1,2021
Tom Brady,Team Chasse,QB,,QB,,27.16,1,2021
Derrick Henry,Team Chasse,RB,,RB,,10.7,1,2021
Najee Harris,Team Chasse,RB,,RB,,5.9,1,2021
A.J. Brown,Team Chasse,WR,,WR,,14.9,1,2021
Amari Cooper,Team Chasse,WR,,WR,,38.9,1,2021
Noah Fant,Team Chasse,TE,,TE,,12.2,1,2021
Chris Godwin,Team Chasse,WR,,FLEX,,23.5,1,2021
Buccaneers,Team Chasse,D/ST,,D/ST,,-3,1,2021
Graham Gano,Team Chasse,K,,K,,1,1,2021
Kyler Murray,Team Perrotti,QB,,QB,,33.56,1,2021
Christian McCaffrey,Team Perrotti,RB,,RB,,27.7,1,2021
Miles Sanders,Team Perrotti,RB,,RB,,17.3,1,2021
DK Metcalf,Team Perrotti,WR,,WR,,16,1,2021
Jerry Jeudy,Team Perrotti,WR,,WR,,13.2,1,2021
George Kittle,Team Perrotti,TE,,TE,,11.8,1,2021
Raheem Mostert,Team Perrotti,RB,,FLEX,,2,1,2021
Dolphins,Team Perrotti,D/ST,,D/ST,,5,1,2021
Josh Lambo,Team Perrotti,K,,K,,2,1,2021
Ryan Tannehill,Team Sachs,QB,,QB,,14.18,1,2021
Austin Ekeler,Team Sachs,RB,,RB,,11.7,1,2021
Aaron Jones,Team Sachs,RB,,RB,,4.2,1,2021
CeeDee Lamb,Team Sachs,WR,,WR,,23.4,1,2021
Cooper Kupp,Team Sachs,WR,,WR,,23.8,1,2021
T.J. Hockenson,Team Sachs,TE,,TE,,25.7,1,2021
David Montgomery,Team Sachs,RB,,FLEX,,18.8,1,2021
Giants,Team Sachs,D/ST,,D/ST,,1,1,2021
Matt Gay,Team Sachs,K,,K,,12,1,2021
Lamar Jackson,Team Acquarulo,QB,,QB,,18,1,2021
Dalvin Cook,Team Acquarulo,RB,,RB,,20.4,1,2021
James Robinson,Team Acquarulo,RB,,RB,,8.4,1,2021
Stefon Diggs,Team Acquarulo,WR,,WR,,15.9,1,2021
Julio Jones,Team Acquarulo,WR,,WR,,5.9,1,2021
Logan Thomas,Team Acquarulo,TE,,TE,,12,1,2021
Brandon Aiyuk,Team Acquarulo,WR,,FLEX,,0,1,2021
49ers,Team Acquarulo,D/ST,,D/ST,,7,1,2021
Brandon McManus,Team Acquarulo,K,,K,,9,1,2021
Jalen Hurts,Team Shamas,QB,,QB,,28.76,1,2021
Saquon Barkley,Team Shamas,RB,,RB,,3.7,1,2021
Joe Mixon,Team Shamas,RB,,RB,,25,1,2021
Allen Robinson,Team Shamas,WR,,WR,,9.5,1,2021
Adam Thielen,Team Shamas,WR,,WR,,30.2,1,2021
Travis Kelce,Team Shamas,TE,,TE,,25.6,1,2021
D'Andre Swift,Team Shamas,RB,,FLEX,,24.4,1,2021
Broncos,Team Shamas,D/ST,,D/ST,,7,1,2021
Jason Myers,Team Shamas,K,,K,,4,1,2021
Dak Prescott,Team Pawlowicz,QB,,QB,,27.42,1,2021
Antonio Gibson,Team Pawlowicz,RB,,RB,,11.8,1,2021
Empty,Team Pawlowicz,RB,,RB,,0,1,2021
Tyreek Hill,Team Pawlowicz,WR,,WR,,37.1,1,2021
Tyler Lockett,Team Pawlowicz,WR,,WR,,26,1,2021
Robert Tonyan,Team Pawlowicz,TE,,TE,,2.8,1,2021
Justin Jefferson,Team Pawlowicz,WR,,FLEX,,12.54,1,2021
Steelers,Team Pawlowicz,D/ST,,D/ST,,13,1,2021
Jason Sanders,Team Pawlowicz,K,,K,,6,1,2021
Aaron Rodgers,Team Loomis,QB,,QB,,1.32,1,2021
Alvin Kamara,Team Loomis,RB,,RB,,18.1,1,2021
Chris Carson,Team Loomis,RB,,RB,,12.7,1,2021
DeAndre Hopkins,Team Loomis,WR,,WR,,26.3,1,2021
Keenan Allen,Team Loomis,WR,,WR,,19,1,2021
Mike Gesicki,Team Loomis,TE,,TE,,0,1,2021
Henry Ruggs III,Team Loomis,WR,,FLEX,,6.6,1,2021
Rams,Team Loomis,D/ST,,D/ST,,8,1,2021
Harrison Butker,Team Loomis,K,,K,,10,1,2021
Patrick Mahomes,Team Piazza,QB,,QB,,33.28,1,2021
Jonathan Taylor,Team Piazza,RB,,RB,,17.6,1,2021
Kareem Hunt,Team Piazza,RB,,RB,,17.1,1,2021
Davante Adams,Team Piazza,WR,,WR,,10.6,1,2021
Robert Woods,Team Piazza,WR,,WR,,12.4,1,2021
Mark Andrews,Team Piazza,TE,,TE,,5,1,2021
Alex Collins,Team Shamas,RB,,FLEX,,9.2,5,2021
Commanders,Team Piazza,D/ST,,D/ST,,1,1,2021
Justin Tucker,Team Piazza,K,,K,,11,1,2021
Justin Herbert,Team Graver,QB,,QB,,13.38,1,2021
Ezekiel Elliott,Team Graver,RB,,RB,,5.9,1,2021
Clyde Edwards-Helaire,Team Graver,RB,,RB,,10.2,1,2021
Mike Evans,Team Graver,WR,,WR,,5.4,1,2021
Diontae Johnson,Team Graver,WR,,WR,,14.6,1,2021
Darren Waller,Team Graver,TE,,TE,,26.5,1,2021
Robby Anderson,Team Graver,WR,,FLEX,,12.7,1,2021
Ravens,Team Graver,D/ST,,D/ST,,-1,1,2021
Matt Prater,Team Graver,K,,K,,7,1,2021
Josh Allen,Team Dupre,QB,,QB,,16.66,2,2021
Nick Chubb,Team Dupre,RB,,RB,,16.8,2,2021
Chase Edmonds,Team Dupre,RB,,RB,,12.5,2,2021
Calvin Ridley,Team Dupre,WR,,WR,,19.3,2,2021
Terry McLaurin,Team Dupre,WR,,WR,,27.7,2,2021
Kyle Pitts,Team Dupre,TE,,TE,,12.3,2,2021
Tee Higgins,Team Dupre,WR,,FLEX,,16,2,2021
Bills,Team Dupre,D/ST,,D/ST,,19,2,2021
Younghoe Koo,Team Dupre,K,,K,,5,2,2021
Tom Brady,Team Chasse,QB,,QB,,29.64,2,2021
Derrick Henry,Team Chasse,RB,,RB,,47.7,2,2021
Najee Harris,Team Chasse,RB,,RB,,19.1,2,2021
A.J. Brown,Team Chasse,WR,,WR,,7.3,2,2021
Amari Cooper,Team Chasse,WR,,WR,,5.4,2,2021
Noah Fant,Team Chasse,TE,,TE,,13.3,2,2021
Chris Godwin,Team Chasse,WR,,FLEX,,16.2,2,2021
Buccaneers,Team Chasse,D/ST,,D/ST,,19,2,2021
Graham Gano,Team Chasse,K,,K,,22,2,2021
Kyler Murray,Team Perrotti,QB,,QB,,33.1,2,2021
Miles Sanders,Team Perrotti,RB,,RB,,6.9,2,2021
Dalvin Cook,Team Perrotti,RB,,RB,,16.8,2,2021
Allen Robinson II,Team Perrotti,WR,,WR,,10.4,2,2021
Julio Joes,Team Perrotti,WR,,WR,,18.8,2,2021
Logan Thomas,Team Perrotti,TE,,TE,,9.5,2,2021
Devonta Smith,Team Perrotti,WR,,FLEX,,3.6,2,2021
Saints,Team Perrotti,D/ST,,D/ST,,5,2,2021
Chase McLaughlin,Team Perrotti,K,,K,,7,2,2021
Matthew Stafford,Team Sachs,QB,,QB,,17.22,2,2021
Austin Ekeler,Team Sachs,RB,,RB,,22.5,2,2021
Aaron Jones,Team Sachs,RB,,RB,,41.5,2,2021
CeeDee Lamb,Team Sachs,WR,,WR,,17.4,2,2021
Cooper Kupp,Team Sachs,WR,,WR,,36.8,2,2021
T.J. Hockenson,Team Sachs,TE,,TE,,20.6,2,2021
David Montgomery,Team Sachs,RB,,FLEX,,10.9,2,2021
Giants,Team Sachs,D/ST,,D/ST,,-1,2,2021
Matt Gay,Team Sachs,K,,K,,9,2,2021
Lamar Jackson,Team Acquarulo,QB,,QB,,32.26,2,2021
D'Andre Swift,Team Acquarulo,RB,,RB,,11.8,2,2021
Joe Mixon,Team Acquarulo,RB,,RB,,8.1,2,2021
Stefon Diggs,Team Acquarulo,WR,,WR,,16,2,2021
Adam Thielen,Team Acquarulo,WR,,WR,,15.9,2,2021
George Kittle,Team Acquarulo,TE,,TE,,5.7,2,2021
Antonio Gibson,Team Shamas,RB,,FLEX,,23.6,12,2021
Browns,Team Acquarulo,D/ST,,D/ST,,5,2,2021
Brandon McManus,Team Acquarulo,K,,K,,13,2,2021
Jalen Hurts,Team Shamas,QB,,QB,,21.8,2,2021
Saquon Barkley,Team Shamas,RB,,RB,,8.9,2,2021
Christian McCaffrey,Team Shamas,RB,,RB,,24.7,2,2021
DK Metcalf,Team Shamas,WR,,WR,,11.3,2,2021
Mike Evans,Team Shamas,WR,,WR,,24.5,2,2021
Travis Kelce,Team Shamas,TE,,TE,,23.9,2,2021
Antonio Gibson,Team Shamas,RB,,FLEX,,22.1,13,2021
Broncos,Team Shamas,D/ST,,D/ST,,11,2,2021
Daniel Carlson,Team Shamas,K,,K,,17,2,2021
Dak Prescott,Team Pawlowicz,QB,,QB,,7.48,2,2021
Antonio Gibson,Team Pawlowicz,RB,,RB,,9.3,2,2021
AJ Dillon,Team Pawlowicz,RB,,RB,,3.6,2,2021
Tyreek Hill,Team Pawlowicz,WR,,WR,,5.9,2,2021
Tyler Lockett,Team Pawlowicz,WR,,WR,,31.8,2,2021
Rob Gronkowski,Team Pawlowicz,TE,,TE,,19.9,2,2021
Justin Jefferson,Team Pawlowicz,WR,,FLEX,,18.5,2,2021
Steelers,Team Pawlowicz,D/ST,,D/ST,,-1,2,2021
Jason Sanders,Team Pawlowicz,K,,K,,0,2,2021
Aaron Rodgers,Team Loomis,QB,,QB,,26.8,2,2021
Alvin Kamara,Team Loomis,RB,,RB,,7,2,2021
Chris Carson,Team Loomis,RB,,RB,,15.1,2,2021
DeAndre Hopkins,Team Loomis,WR,,WR,,15.4,2,2021
Keenan Allen,Team Loomis,WR,,WR,,14.8,2,2021
Tyler Higbee,Team Loomis,TE,,TE,,1.8,2,2021
Chase Claypool,Team Loomis,WR,,FLEX,,9.7,2,2021
Rams,Team Loomis,D/ST,,D/ST,,6,2,2021
Harrison Butker,Team Loomis,K,,K,,5,2,2021
Patrick Mahomes,Team Piazza,QB,,QB,,24.02,2,2021
Jonathan Taylor,Team Piazza,RB,,RB,,6.3,2,2021
Kareem Hunt,Team Piazza,RB,,RB,,6.3,2,2021
Davante Adams,Team Piazza,WR,,WR,,20.1,2,2021
Robert Woods,Team Piazza,WR,,WR,,12,2,2021
Mark Andrews,Team Piazza,TE,,TE,,10.7,2,2021
Antonio Brown,Team Piazza,WR,,FLEX,,2.7,2,2021
Commanders,Team Piazza,D/ST,,D/ST,,2,2,2021
Justin Tucker,Team Piazza,K,,K,,7,2,2021
Justin Herbert,Team Graver,QB,,QB,,14.72,2,2021
Ezekiel Elliott,Team Graver,RB,,RB,,17.7,2,2021
Clyde Edwards-Helaire,Team Graver,RB,,RB,,2.6,2,2021
Diontae Johnson,Team Graver,WR,,WR,,19.5,2,2021
Courtland Sutton,Team Graver,WR,,WR,,24.9,2,2021
Darren Waller,Team Graver,TE,,TE,,11.5,2,2021
Deebo Samuel,Team Graver,WR,,FLEX,,16.1,2,2021
Patriots,Team Graver,D/ST,,D/ST,,16,2,2021
Matt Prater,Team Graver,K,,K,,13,2,2021
Josh Allen,Team Dupre,QB,,QB,,37.22,3,2021
Nick Chubb,Team Dupre,RB,,RB,,8.4,3,2021
Chase Edmonds,Team Dupre,RB,,RB,,14.5,3,2021
Calvin Ridley,Team Dupre,WR,,WR,,14.1,3,2021
Terry McLaurin,Team Dupre,WR,,WR,,10.2,3,2021
Kyle Pitts,Team Dupre,TE,,TE,,5.5,3,2021
Antonio Gibson,Team Shamas,RB,,FLEX,,4.1,14,2021
Bills,Team Dupre,D/ST,,D/ST,,9,3,2021
Younghoe Koo,Team Dupre,K,,K,,6,3,2021
Lamar Jackson,Team Chasse,QB,,QB,,19.28,3,2021
Derrick Henry,Team Chasse,RB,,RB,,19.4,3,2021
Najee Harris,Team Chasse,RB,,RB,,28.2,3,2021
A.J. Brown,Team Chasse,WR,,WR,,0.3,3,2021
Mike Williams,Team Chasse,WR,,WR,,33.2,3,2021
Noah Fant,Team Chasse,TE,,TE,,3.5,3,2021
Chris Godwin,Team Chasse,WR,,FLEX,,19.6,3,2021
Buccaneers,Team Chasse,D/ST,,D/ST,,-3,3,2021
Graham Gano,Team Chasse,K,,K,,6,3,2021
Kyler Murray,Team Perrotti,QB,,QB,,18.54,3,2021
Miles Sanders,Team Perrotti,RB,,RB,,8.5,3,2021
Austin Ekeler,Team Perrotti,RB,,RB,,22.7,3,2021
Allen Robinson II,Team Perrotti,WR,,WR,,4.7,3,2021
CeeDee Lamb,Team Perrotti,WR,,WR,,9.5,3,2021
Logan Thomas,Team Perrotti,TE,,TE,,12.2,3,2021
Chase Claypool,Team Perrotti,WR,,FLEX,,18.6,3,2021
Saints,Team Perrotti,D/ST,,D/ST,,19,3,2021
Greg Zuerlein,Team Perrotti,K,,K,,5,3,2021
Daniel Jones,Team Sachs,QB,,QB,,16.54,3,2021
Aaron Jones,Team Sachs,RB,,RB,,17.6,3,2021
Christian McCaffrey,Team Sachs,RB,,RB,,6,3,2021
Cooper Kupp,Team Sachs,WR,,WR,,30.6,3,2021
Amari Cooper,Team Sachs,WR,,WR,,5.6,3,2021
T.J. Hockenson,Team Sachs,TE,,TE,,3,3,2021
Mike Evans,Team Sachs,WR,,FLEX,,18.6,3,2021
Cardinals,Team Sachs,D/ST,,D/ST,,16,3,2021
Matt Gay,Team Sachs,K,,K,,11,3,2021
Jalen Hurts,Team Acquarulo,QB,,QB,,20.54,3,2021
D'Andre Swift,Team Acquarulo,RB,,RB,,23.7,3,2021
Saquon Barkley,Team Acquarulo,RB,,RB,,21.4,3,2021
Adam Thielen,Team Acquarulo,WR,,WR,,17,3,2021
DJ Moore,Team Acquarulo,WR,,WR,,20.5,3,2021
George Kittle,Team Acquarulo,TE,,TE,,17.1,3,2021
David Montgomery,Team Acquarulo,RB,,FLEX,,7.5,3,2021
Panthers,Team Acquarulo,D/ST,,D/ST,,10,3,2021
Brandon McManus,Team Acquarulo,K,,K,,16,3,2021
Russell Wilson,Team Shamas,QB,,QB,,16.62,3,2021
Ty'Son Williams,Team Shamas,RB,,RB,,2.2,3,2021
Joe Mixon,Team Shamas,RB,,RB,,10.4,3,2021
DK Metcalf,Team Shamas,WR,,WR,,22.7,3,2021
Stefon Diggs,Team Shamas,WR,,WR,,12.2,3,2021
Travis Kelce,Team Shamas,TE,,TE,,17.4,3,2021
Julio Jones,Team Shamas,WR,,FLEX,,7.7,3,2021
Broncos,Team Shamas,D/ST,,D/ST,,17,3,2021
Daniel Carlson,Team Shamas,K,,K,,13,3,2021
Dak Prescott,Team Pawlowicz,QB,,QB,,20.12,3,2021
Antonio Gibson,Team Pawlowicz,RB,,RB,,17.4,3,2021
Zack Moss,Team Pawlowicz,RB,,RB,,18.1,3,2021
Tyreek Hill,Team Pawlowicz,WR,,WR,,9.7,3,2021
Tyler Lockett,Team Pawlowicz,WR,,WR,,7.1,3,2021
Rob Gronkowski,Team Pawlowicz,TE,,TE,,9.5,3,2021
Justin Jefferson,Team Pawlowicz,WR,,FLEX,,26.8,3,2021
Steelers,Team Pawlowicz,D/ST,,D/ST,,4,3,2021
Jason Myers,Team Pawlowicz,K,,K,,6,3,2021
Aaron Rodgers,Team Loomis,QB,,QB,,19.04,3,2021
Alvin Kamara,Team Loomis,RB,,RB,,20.8,3,2021
Chris Carson,Team Loomis,RB,,RB,,16.2,3,2021
DeAndre Hopkins,Team Loomis,WR,,WR,,5.1,3,2021
Keenan Allen,Team Loomis,WR,,WR,,19,3,2021
Tyler Higbee,Team Loomis,TE,,TE,,15,3,2021
JuJu Smith-Schuster,Team Loomis,WR,,FLEX,,5.5,3,2021
Browns,Team Loomis,D/ST,,D/ST,,18,3,2021
Harrison Butker,Team Loomis,K,,K,,6,3,2021
Patrick Mahomes,Team Piazza,QB,,QB,,22.9,3,2021
Jonathan Taylor,Team Piazza,RB,,RB,,8.2,3,2021
Kareem Hunt,Team Piazza,RB,,RB,,27.5,3,2021
Davante Adams,Team Piazza,WR,,WR,,31.2,3,2021
Robert Woods,Team Piazza,WR,,WR,,6.8,3,2021
Mark Andrews,Team Piazza,TE,,TE,,15.9,3,2021
Antonio Gibson,Team Shamas,RB,,FLEX,,18.5,15,2021
Raiders,Team Piazza,D/ST,,D/ST,,4,3,2021
Justin Tucker,Team Piazza,K,,K,,17,3,2021
Justin Herbert,Team Graver,QB,,QB,,30.84,3,2021
Ezekiel Elliott,Team Graver,RB,,RB,,26.6,3,2021
Clyde Edwards-Helaire,Team Graver,RB,,RB,,16.9,3,2021
Marquise Brown,Team Graver,WR,,WR,,8.3,3,2021
Courtland Sutton,Team Graver,WR,,WR,,8.7,3,2021
Darren Waller,Team Graver,TE,,TE,,10.4,3,2021
Deebo Samuel,Team Graver,WR,,FLEX,,10.2,3,2021
Patriots,Team Graver,D/ST,,D/ST,,5,3,2021
Matt Prater,Team Graver,K,,K,,6,3,2021
Josh Allen,Team Dupre,QB,,QB,,20.02,4,2021
Nick Chubb,Team Dupre,RB,,RB,,11.5,4,2021
Chase Edmonds,Team Dupre,RB,,RB,,17.9,4,2021
Terry McLaurin,Team Dupre,WR,,WR,,30.3,4,2021
Adam Thielen,Team Dupre,WR,,WR,,7.6,4,2021
Kyle Pitts,Team Dupre,TE,,TE,,9,4,2021
Tee Higgins,Team Dupre,WR,,FLEX,,0,4,2021
Bills,Team Dupre,D/ST,,D/ST,,21,4,2021
Younghoe Koo,Team Dupre,K,,K,,6,4,2021
Tom Brady,Team Chasse,QB,,QB,,11.06,4,2021
Derrick Henry,Team Chasse,RB,,RB,,25.7,4,2021
Najee Harris,Team Chasse,RB,,RB,,21.1,4,2021
Brandin Cooks,Team Chasse,WR,,WR,,9.7,4,2021
Mike Williams,Team Chasse,WR,,WR,,2.1,4,2021
Noah Fant,Team Chasse,TE,,TE,,16.6,4,2021
Chris Godwin,Team Chasse,WR,,FLEX,,8.5,4,2021
Titans,Team Chasse,D/ST,,D/ST,,2,4,2021
Graham Gano,Team Chasse,K,,K,,7,4,2021
Dak Prescott,Team Perrotti,QB,,QB,,27.02,4,2021
Austin Ekeler,Team Perrotti,RB,,RB,,29.5,4,2021
Joe Mixon,Team Perrotti,RB,,RB,,13.7,4,2021
Allen Robinson II,Team Perrotti,WR,,WR,,9.3,4,2021
Justin Jefferson,Team Perrotti,WR,,WR,,20.4,4,2021
Logan Thomas,Team Perrotti,TE,,TE,,0,4,2021
Chuba Hubbard,Team Perrotti,RB,,FLEX,,9.1,4,2021
Saints,Team Perrotti,D/ST,,D/ST,,-3,4,2021
Greg Zuerlein,Team Perrotti,K,,K,,6,4,2021
Matthew Stafford,Team Sachs,QB,,QB,,19.3,4,2021
Aaron Jones,Team Sachs,RB,,RB,,10.9,4,2021
Jamaal Williams,Team Sachs,RB,,RB,,6.6,4,2021
Cooper Kupp,Team Sachs,WR,,WR,,11.4,4,2021
Amari Cooper,Team Sachs,WR,,WR,,15.9,4,2021
T.J. Hockenson,Team Sachs,TE,,TE,,8.2,4,2021
Mike Evans,Team Sachs,WR,,FLEX,,14.5,4,2021
Dolphins,Team Sachs,D/ST,,D/ST,,4,4,2021
Matt Gay,Team Sachs,K,,K,,8,4,2021
Jalen Hurts,Team Acquarulo,QB,,QB,,28.18,4,2021
D'Andre Swift,Team Acquarulo,RB,,RB,,8.9,4,2021
David Montgomery,Team Acquarulo,RB,,RB,,22.6,4,2021
DJ Moore,Team Acquarulo,WR,,WR,,31.9,4,2021
Calvin Ridley,Team Acquarulo,WR,,WR,,15,4,2021
George Kittle,Team Acquarulo,TE,,TE,,8,4,2021
Saquon Barkley,Team Acquarulo,RB,,FLEX,,29.6,4,2021
Colts,Team Acquarulo,D/ST,,D/ST,,10,4,2021
Brandon McManus,Team Acquarulo,K,,K,,1,4,2021
Russell Wilson,Team Shamas,QB,,QB,,22.56,4,2021
Dalvin Cook,Team Shamas,RB,,RB,,6.4,4,2021
James Robinson,Team Shamas,RB,,RB,,20.6,4,2021
DK Metcalf,Team Shamas,WR,,WR,,16.5,4,2021
Stefon Diggs,Team Shamas,WR,,WR,,18.4,4,2021
Travis Kelce,Team Shamas,TE,,TE,,6.3,4,2021
CeeDee Lamb,Team Shamas,WR,,FLEX,,3.3,4,2021
Bears,Team Shamas,D/ST,,D/ST,,8,4,2021
Daniel Carlson,Team Shamas,K,,K,,1,4,2021
Kyler Murray,Team Pawlowicz,QB,,QB,,22.62,4,2021
Antonio Gibson,Team Pawlowicz,RB,,RB,,15.5,4,2021
Zack Moss,Team Pawlowicz,RB,,RB,,12.1,4,2021
Tyreek Hill,Team Pawlowicz,WR,,WR,,47.6,4,2021
Ja'Marr Chase,Team Pawlowicz,WR,,WR,,13.7,4,2021
Robert Tonyan,Team Pawlowicz,TE,,TE,,2.8,4,2021
Tyler Lockett,Team Pawlowicz,WR,,FLEX,,6.4,4,2021
Cowboys,Team Pawlowicz,D/ST,,D/ST,,7,4,2021
Greg Joseph,Team Pawlowicz,K,,K,,1,4,2021
Aaron Rodgers,Team Loomis,QB,,QB,,24.12,4,2021
Alvin Kamara,Team Loomis,RB,,RB,,12,4,2021
Chris Carson,Team Loomis,RB,,RB,,4.1,4,2021
DeAndre Hopkins,Team Loomis,WR,,WR,,10.7,4,2021
Keenan Allen,Team Loomis,WR,,WR,,10.6,4,2021
Tyler Higbee,Team Loomis,TE,,TE,,7.6,4,2021
Odell Beckham Jr.,Team Loomis,WR,,FLEX,,5.1,4,2021
Browns,Team Loomis,D/ST,,D/ST,,9,4,2021
Harrison Butker,Team Loomis,K,,K,,6,4,2021
Patrick Mahomes,Team Piazza,QB,,QB,,31.72,4,2021
Jonathan Taylor,Team Piazza,RB,,RB,,20.4,4,2021
Kareem Hunt,Team Piazza,RB,,RB,,16.6,4,2021
Davante Adams,Team Piazza,WR,,WR,,12.4,4,2021
Robert Woods,Team Piazza,WR,,WR,,14.8,4,2021
Mark Andrews,Team Piazza,TE,,TE,,11.7,4,2021
Antonio Gibson,Team Shamas,RB,,FLEX,,13.8,16,2021
Commanders,Team Piazza,D/ST,,D/ST,,5,4,2021
Justin Tucker,Team Piazza,K,,K,,13,4,2021
Justin Herbert,Team Graver,QB,,QB,,21.28,4,2021
Ezekiel Elliott,Team Graver,RB,,RB,,20.3,4,2021
Darrell Henderson Jr.,Team Graver,RB,,RB,,16.6,4,2021
Diontae Johnson,Team Graver,WR,,WR,,24.2,4,2021
Courtland Sutton,Team Graver,WR,,WR,,7.7,4,2021
Darren Waller,Team Graver,TE,,TE,,15,4,2021
Deebo Samuel,Team Graver,WR,,FLEX,,35.7,4,2021
Bengals,Team Graver,D/ST,,D/ST,,1,4,2021
Matt Prater,Team Graver,K,,K,,15,4,2021
Josh Allen,Team Dupre,QB,,QB,,36.5,5,2021
Nick Chubb,Team Dupre,RB,,RB,,24,5,2021
Chase Edmonds,Team Dupre,RB,,RB,,4.4,5,2021
Terry McLaurin,Team Dupre,WR,,WR,,8.6,5,2021
Adam Thielen,Team Dupre,WR,,WR,,6,5,2021
Kyle Pitts,Team Dupre,TE,,TE,,26.9,5,2021
Tee Higgins,Team Dupre,WR,,FLEX,,10.2,5,2021
Bills,Team Dupre,D/ST,,D/ST,,15,5,2021
Younghoe Koo,Team Dupre,K,,K,,11,5,2021
Tom Brady,Team Chasse,QB,,QB,,37.74,5,2021
Derrick Henry,Team Chasse,RB,,RB,,31,5,2021
Najee Harris,Team Chasse,RB,,RB,,22.2,5,2021
Brandin Cooks,Team Chasse,WR,,WR,,5.3,5,2021
Mike Williams,Team Chasse,WR,,WR,,36.5,5,2021
Noah Fant,Team Chasse,TE,,TE,,5,5,2021
Chris Godwin,Team Chasse,WR,,FLEX,,14,5,2021
Buccaneers,Team Chasse,D/ST,,D/ST,,8,5,2021
Tyler Bass,Team Chasse,K,,K,,8,5,2021
Dak Prescott,Team Perrotti,QB,,QB,,20.68,5,2021
Austin Ekeler,Team Perrotti,RB,,RB,,32.9,5,2021
Joe Mixon,Team Perrotti,RB,,RB,,10.5,5,2021
Justin Jefferson,Team Perrotti,WR,,WR,,19.4,5,2021
A.J. Brown,Team Perrotti,WR,,WR,,6.8,5,2021
Dawson Knox,Team Perrotti,TE,,TE,,20.7,5,2021
Jakobi Meyers,Team Perrotti,WR,,FLEX,,9.6,5,2021
Patriots,Team Perrotti,D/ST,,D/ST,,4,5,2021
Greg Zuerlein,Team Perrotti,K,,K,,14,5,2021
Matthew Stafford,Team Sachs,QB,,QB,,16.5,5,2021
Alvin Kamara,Team Sachs,RB,,RB,,29.2,5,2021
Chuba Hubbard,Team Sachs,RB,,RB,,18.4,5,2021
Cooper Kupp,Team Sachs,WR,,WR,,16.2,5,2021
Amari Cooper,Team Sachs,WR,,WR,,15,5,2021
Mike Gesicki,Team Sachs,TE,,TE,,8.3,5,2021
Michael Pittman Jr.,Team Sachs,WR,,FLEX,,20.9,5,2021
Cardinals,Team Sachs,D/ST,,D/ST,,7,5,2021
Matt Gay,Team Sachs,K,,K,,9,5,2021
Jalen Hurts,Team Acquarulo,QB,,QB,,22.92,5,2021
Saquon Barkley,Team Acquarulo,RB,,RB,,0.9,5,2021
James Robinson,Team Acquarulo,RB,,RB,,21.7,5,2021
DJ Moore,Team Acquarulo,WR,,WR,,8.8,5,2021
Stefon Diggs,Team Acquarulo,WR,,WR,,8.9,5,2021
Austin Hooper,Team Acquarulo,TE,,TE,,2,5,2021
Boston Scott,Team Perrotti,RB,,FLEX,,4,9,2021
Raiders,Team Acquarulo,D/ST,,D/ST,,4,5,2021
Daniel Carlson,Team Acquarulo,K,,K,,3,5,2021
Russell Wilson,Team Shamas,QB,,QB,,9.08,5,2021
D'Andre Swift,Team Shamas,RB,,RB,,22.4,5,2021
Alexander Mattison,Team Shamas,RB,,RB,,26.3,5,2021
DK Metcalf,Team Shamas,WR,,WR,,26.8,5,2021
CeeDee Lamb,Team Shamas,WR,,WR,,18.8,5,2021
Travis Kelce,Team Shamas,TE,,TE,,17.7,5,2021
Bryan Edwards,Team Acquarulo,WR,,FLEX,,0,9,2021
Broncos,Team Shamas,D/ST,,D/ST,,2,5,2021
Brandon McManus,Team Shamas,K,,K,,7,5,2021
Kyler Murray,Team Pawlowicz,QB,,QB,,13.66,5,2021
Antonio Gibson,Team Pawlowicz,RB,,RB,,21.2,5,2021
Josh Jacobs,Team Pawlowicz,RB,,RB,,16.7,5,2021
Tyreek Hill,Team Pawlowicz,WR,,WR,,14.8,5,2021
Ja'Marr Chase,Team Pawlowicz,WR,,WR,,27.9,5,2021
Robert Tonyan,Team Pawlowicz,TE,,TE,,1.8,5,2021
Tyler Lockett,Team Pawlowicz,WR,,FLEX,,10.7,5,2021
Cowboys,Team Pawlowicz,D/ST,,D/ST,,9,5,2021
Ryan Succop,Team Pawlowicz,K,,K,,10,5,2021
Aaron Rodgers,Team Loomis,QB,,QB,,19.76,5,2021
Damien Williams,Team Loomis,RB,,RB,,16.4,5,2021
Darrell Henderson Jr.,Team Loomis,RB,,RB,,16.9,5,2021
Keenan Allen,Team Loomis,WR,,WR,,13.5,5,2021
Deebo Samuel,Team Loomis,WR,,WR,,16.1,5,2021
Darren Waller,Team Loomis,TE,,TE,,8.5,5,2021
Kenny Golladay,Team Loomis,WR,,FLEX,,0,5,2021
Browns,Team Loomis,D/ST,,D/ST,,-6,5,2021
Harrison Butker,Team Loomis,K,,K,,10,5,2021
Patrick Mahomes,Team Piazza,QB,,QB,,18.98,5,2021
Jonathan Taylor,Team Piazza,RB,,RB,,31.9,5,2021
Kareem Hunt,Team Piazza,RB,,RB,,25.9,5,2021
Davante Adams,Team Piazza,WR,,WR,,37.6,5,2021
Robert Woods,Team Piazza,WR,,WR,,27,5,2021
Mark Andrews,Team Piazza,TE,,TE,,41.7,5,2021
Bryan Edwards,Team Acquarulo,WR,,FLEX,,18.4,10,2021
Commanders,Team Piazza,D/ST,,D/ST,,4,5,2021
Justin Tucker,Team Piazza,K,,K,,3,5,2021
Justin Herbert,Team Graver,QB,,QB,,42.82,5,2021
Ezekiel Elliott,Team Graver,RB,,RB,,25.2,5,2021
Aaron Jones,Team Graver,RB,,RB,,14.9,5,2021
Diontae Johnson,Team Graver,WR,,WR,,15.2,5,2021
DeAndre Hopkins,Team Graver,WR,,WR,,20.7,5,2021
T.J. Hockenson,Team Graver,TE,,TE,,4.2,5,2021
Mike Evans,Team Graver,WR,,FLEX,,29.3,5,2021
Ravens,Team Graver,D/ST,,D/ST,,0,5,2021
Matt Prater,Team Graver,K,,K,,4,5,2021
Josh Allen,Team Dupre,QB,,QB,,28.72,6,2021
Tony Pollard,Team Dupre,RB,,RB,,9.3,6,2021
Myles Gaskin,Team Dupre,RB,,RB,,3.4,6,2021
Terry McLaurin,Team Dupre,WR,,WR,,6.8,6,2021
Adam Thielen,Team Dupre,WR,,WR,,29.8,6,2021
Hunter Henry,Team Dupre,TE,,TE,,10.5,6,2021
Tee Higgins,Team Dupre,WR,,FLEX,,7.4,6,2021
Bills,Team Dupre,D/ST,,D/ST,,0,6,2021
Chris Boswell,Team Dupre,K,,K,,13,6,2021
Tom Brady,Team Chasse,QB,,QB,,17.98,6,2021
Derrick Henry,Team Chasse,RB,,RB,,35.6,6,2021
Najee Harris,Team Chasse,RB,,RB,,24.7,6,2021
Chris Godwin,Team Chasse,WR,,WR,,9.3,6,2021
Mike Williams,Team Chasse,WR,,WR,,4.7,6,2021
Jared Cook,Team Chasse,TE,,TE,,12.5,6,2021
Leonard Fournette,Team Chasse,RB,,FLEX,,30.7,6,2021
Buccaneers,Team Chasse,D/ST,,D/ST,,6,6,2021
Tyler Bass,Team Chasse,K,,K,,13,6,2021
Dak Prescott,Team Perrotti,QB,,QB,,26.8,6,2021
Austin Ekeler,Team Perrotti,RB,,RB,,9.5,6,2021
Darrell Henderson Jr.,Team Perrotti,RB,,RB,,24.7,6,2021
Justin Jefferson,Team Perrotti,WR,,WR,,14,6,2021
Marquise Brown,Team Perrotti,WR,,WR,,7.5,6,2021
Dawson Knox,Team Perrotti,TE,,TE,,7.5,6,2021
Chase Claypool,Team Perrotti,WR,,FLEX,,3.7,6,2021
Colts,Team Perrotti,D/ST,,D/ST,,11,6,2021
Greg Zuerlein,Team Perrotti,K,,K,,12,6,2021
Matthew Stafford,Team Sachs,QB,,QB,,25.24,6,2021
Jamaal Williams,Team Sachs,RB,,RB,,1.9,6,2021
Chuba Hubbard,Team Sachs,RB,,RB,,13.5,6,2021
Cooper Kupp,Team Sachs,WR,,WR,,34,6,2021
Amari Cooper,Team Sachs,WR,,WR,,10.5,6,2021
Mike Gesicki,Team Sachs,TE,,TE,,19.5,6,2021
Michael Pittman Jr.,Team Sachs,WR,,FLEX,,5.8,6,2021
Bengals,Team Sachs,D/ST,,D/ST,,8,6,2021
Matt Gay,Team Sachs,K,,K,,8,6,2021
Jalen Hurts,Team Acquarulo,QB,,QB,,25,6,2021
James Robinson,Team Acquarulo,RB,,RB,,19.1,6,2021
D'Andre Swift,Team Acquarulo,RB,,RB,,17.7,6,2021
DJ Moore,Team Acquarulo,WR,,WR,,10.9,6,2021
Stefon Diggs,Team Acquarulo,WR,,WR,,23.9,6,2021
Zach Ertz,Team Acquarulo,TE,,TE,,12.9,6,2021
Chase Edmonds,Team Sachs,RB,,FLEX,,5.3,15,2021
Panthers,Team Acquarulo,D/ST,,D/ST,,2,6,2021
Zane Gonzalez,Team Acquarulo,K,,K,,9,6,2021
Sam Darnold,Team Shamas,QB,,QB,,15.08,6,2021
Dalvin Cook,Team Shamas,RB,,RB,,22.3,6,2021
Joe Mixon,Team Shamas,RB,,RB,,26.3,6,2021
DK Metcalf,Team Shamas,WR,,WR,,11.8,6,2021
CeeDee Lamb,Team Shamas,WR,,WR,,36.1,6,2021
Travis Kelce,Team Shamas,TE,,TE,,17.9,6,2021
Corey Davis,Team Acquarulo,WR,,FLEX,,2.8,2,2021
Broncos,Team Shamas,D/ST,,D/ST,,-2,6,2021
Nick Folk,Team Shamas,K,,K,,3,6,2021
Kyler Murray,Team Pawlowicz,QB,,QB,,25.76,6,2021
Antonio Gibson,Team Pawlowicz,RB,,RB,,4.4,6,2021
Josh Jacobs,Team Pawlowicz,RB,,RB,,15.2,6,2021
Tyreek Hill,Team Pawlowicz,WR,,WR,,22.6,6,2021
Ja'Marr Chase,Team Pawlowicz,WR,,WR,,13.7,6,2021
Jonnu Smith,Team Pawlowicz,TE,,TE,,1.9,6,2021
DeVonta Smith,Team Pawlowicz,WR,,FLEX,,5.1,6,2021
Cowboys,Team Pawlowicz,D/ST,,D/ST,,13,6,2021
Ryan Succop,Team Pawlowicz,K,,K,,4,6,2021
Aaron Rodgers,Team Loomis,QB,,QB,,23.7,6,2021
Devontae Booker,Team Loomis,RB,,RB,,10.9,6,2021
Chase Edmonds,Team Loomis,RB,,RB,,8,6,2021
Keenan Allen,Team Loomis,WR,,WR,,10,6,2021
Kadarius Toney,Team Loomis,WR,,WR,,6.6,6,2021
Darren Waller,Team Loomis,TE,,TE,,10.9,6,2021
Corey Davis,Team Acquarulo,WR,,FLEX,,8.5,5,2021
Rams,Team Loomis,D/ST,,D/ST,,17,6,2021
Harrison Butker,Team Loomis,K,,K,,9,6,2021
Patrick Mahomes,Team Piazza,QB,,QB,,22.98,6,2021
Jonathan Taylor,Team Piazza,RB,,RB,,28.8,6,2021
Kareem Hunt,Team Piazza,RB,,RB,,10.8,6,2021
Davante Adams,Team Piazza,WR,,WR,,12.9,6,2021
Robert Woods,Team Piazza,WR,,WR,,11.1,6,2021
Mark Andrews,Team Piazza,TE,,TE,,17.8,6,2021
Antonio Brown,Team Piazza,WR,,FLEX,,24.3,6,2021
Commanders,Team Piazza,D/ST,,D/ST,,3,6,2021
Justin Tucker,Team Piazza,K,,K,,12,6,2021
Justin Herbert,Team Graver,QB,,QB,,11,6,2021
Ezekiel Elliott,Team Graver,RB,,RB,,18.9,6,2021
Aaron Jones,Team Graver,RB,,RB,,21,6,2021
Diontae Johnson,Team Graver,WR,,WR,,18.6,6,2021
DeAndre Hopkins,Team Graver,WR,,WR,,20.5,6,2021
Dalton Schultz,Team Graver,TE,,TE,,12.9,6,2021
Mike Evans,Team Graver,WR,,FLEX,,4.7,6,2021
Packers,Team Graver,D/ST,,D/ST,,9,6,2021
Matt Prater,Team Graver,K,,K,,15,6,2021
Matt Ryan,Team Dupre,QB,,QB,,17.44,7,2021
Myles Gaskin,Team Dupre,RB,,RB,,17.7,7,2021
Elijah Mitchell,Team Dupre,RB,,RB,,16.7,7,2021
Terry McLaurin,Team Dupre,WR,,WR,,25.2,7,2021
Tyler Boyd,Team Dupre,WR,,WR,,7.9,7,2021
Kyle Pitts,Team Dupre,TE,,TE,,23.3,7,2021
Tee Higgins,Team Dupre,WR,,FLEX,,13.2,7,2021
Falcons,Team Dupre,D/ST,,D/ST,,3,7,2021
Younghoe Koo,Team Dupre,K,,K,,12,7,2021
Tom Brady,Team Chasse,QB,,QB,,24.44,7,2021
Derrick Henry,Team Chasse,RB,,RB,,16.4,7,2021
Leonard Fournette,Team Chasse,RB,,RB,,17,7,2021
Chris Godwin,Team Chasse,WR,,WR,,25.1,7,2021
Julio Jones,Team Chasse,WR,,WR,,5.8,7,2021
Noah Fant,Team Chasse,TE,,TE,,8.9,7,2021
Brandin Cooks,Team Chasse,WR,,FLEX,,7.1,7,2021
Buccaneers,Team Chasse,D/ST,,D/ST,,18,7,2021
Randy Bullock,Team Chasse,K,,K,,11,7,2021
Ryan Tannehill,Team Perrotti,QB,,QB,,19.4,7,2021
Darrell Henderson Jr.,Team Perrotti,RB,,RB,,9.4,7,2021
Darrel Williams,Team Perrotti,RB,,RB,,8,7,2021
Marquise Brown,Team Perrotti,WR,,WR,,19,7,2021
A.J. Brown,Team Perrotti,WR,,WR,,27.3,7,2021
Dallas Goedert,Team Perrotti,TE,,TE,,12,7,2021
James Conner,Team Perrotti,RB,,FLEX,,12.4,7,2021
Colts,Team Perrotti,D/ST,,D/ST,,12,7,2021
Daniel Carlson,Team Perrotti,K,,K,,9,7,2021
Matthew Stafford,Team Sachs,QB,,QB,,27.16,7,2021
Alvin Kamara,Team Sachs,RB,,RB,,33.9,7,2021
Chuba Hubbard,Team Sachs,RB,,RB,,9.6,7,2021
Cooper Kupp,Team Sachs,WR,,WR,,37.6,7,2021
Courtland Sutton,Team Sachs,WR,,WR,,11.8,7,2021
Mike Gesicki,Team Sachs,TE,,TE,,21.5,7,2021
Jaylen Waddle,Team Sachs,WR,,FLEX,,15.3,7,2021
Cardinals,Team Sachs,D/ST,,D/ST,,11,7,2021
Matt Gay,Team Sachs,K,,K,,9,7,2021
Jalen Hurts,Team Acquarulo,QB,,QB,,23.54,7,2021
Damien Harris,Team Acquarulo,RB,,RB,,25.3,7,2021
D'Andre Swift,Team Acquarulo,RB,,RB,,28.4,7,2021
DJ Moore,Team Acquarulo,WR,,WR,,13.3,7,2021
Allen Robinson II,Team Acquarulo,WR,,WR,,3.6,7,2021
Zach Ertz,Team Acquarulo,TE,,TE,,16,7,2021
Corey Davis,Team Acquarulo,WR,,FLEX,,14.7,7,2021
Patriots,Team Acquarulo,D/ST,,D/ST,,13,7,2021
Zane Gonzalez,Team Acquarulo,K,,K,,4,7,2021
Tua Tagovailoa,Team Shamas,QB,,QB,,26.54,7,2021
Joe Mixon,Team Shamas,RB,,RB,,11.9,7,2021
Miles Sanders,Team Shamas,RB,,RB,,3.7,7,2021
DK Metcalf,Team Shamas,WR,,WR,,17.6,7,2021
Calvin Ridley,Team Shamas,WR,,WR,,12.6,7,2021
Travis Kelce,Team Shamas,TE,,TE,,13.5,7,2021
Darrel Williams,Team Loomis,RB,,FLEX,,10.7,9,2021
Saints,Team Shamas,D/ST,,D/ST,,10,7,2021
Nick Folk,Team Shamas,K,,K,,14,7,2021
Kyler Murray,Team Pawlowicz,QB,,QB,,21.44,7,2021
Antonio Gibson,Team Pawlowicz,RB,,RB,,7.6,7,2021
Josh Jacobs,Team Pawlowicz,RB,,RB,,15.8,7,2021
Tyreek Hill,Team Pawlowicz,WR,,WR,,12.7,7,2021
Ja'Marr Chase,Team Pawlowicz,WR,,WR,,34.1,7,2021
Jonnu Smith,Team Pawlowicz,TE,,TE,,7.7,7,2021
DeVonta Smith,Team Pawlowicz,WR,,FLEX,,11.1,7,2021
Raiders,Team Pawlowicz,D/ST,,D/ST,,5,7,2021
Ryan Succop,Team Pawlowicz,K,,K,,7,7,2021
Aaron Rodgers,Team Loomis,QB,,QB,,24.66,7,2021
Chase Edmonds,Team Loomis,RB,,RB,,10,7,2021
D'Ernest Johnson,Team Loomis,RB,,RB,,24.8,7,2021
Deebo Samuel,Team Loomis,WR,,WR,,21,7,2021
Darnell Mooney,Team Loomis,WR,,WR,,5.9,7,2021
Tyler Higbee,Team Loomis,TE,,TE,,9.6,7,2021
Darrel Williams,Team Loomis,RB,,FLEX,,29.4,10,2021
Rams,Team Loomis,D/ST,,D/ST,,3,7,2021
Harrison Butker,Team Loomis,K,,K,,3,7,2021
Patrick Mahomes,Team Piazza,QB,,QB,,7.74,7,2021
Jonathan Taylor,Team Piazza,RB,,RB,,18,7,2021
Kenneth Gainwell,Team Piazza,RB,,RB,,14.1,7,2021
Davante Adams,Team Piazza,WR,,WR,,19.6,7,2021
Robert Woods,Team Piazza,WR,,WR,,15,7,2021
Mark Andrews,Team Piazza,TE,,TE,,7.8,7,2021
Christian Kirk,Team Piazza,WR,,FLEX,,15,7,2021
Giants,Team Piazza,D/ST,,D/ST,,17,7,2021
Justin Tucker,Team Piazza,K,,K,,6,7,2021
Taylor Heinecke,Team Graver,QB,,QB,,20.22,7,2021
Cordarrelle Patterson,Team Graver,RB,,RB,,14.1,7,2021
Aaron Jones,Team Graver,RB,,RB,,8.9,7,2021
DeAndre Hopkins,Team Graver,WR,,WR,,18.3,7,2021
Hunter Renfrow,Team Graver,WR,,WR,,12.8,7,2021
T.J. Hockenson,Team Graver,TE,,TE,,10.8,7,2021
Mike Evans,Team Graver,WR,,FLEX,,31.6,7,2021
Ravens,Team Graver,D/ST,,D/ST,,-6,7,2021
Matt Prater,Team Graver,K,,K,,7,7,2021
Josh Allen,Team Dupre,QB,,QB,,29.46,8,2021
Nick Chubb,Team Dupre,RB,,RB,,7.9,8,2021
Elijah Mitchell,Team Dupre,RB,,RB,,19.7,8,2021
Terry McLaurin,Team Dupre,WR,,WR,,6.5,8,2021
Adam Thielen,Team Dupre,WR,,WR,,19.8,8,2021
Kyle Pitts,Team Dupre,TE,,TE,,3.3,8,2021
Tee Higgins,Team Dupre,WR,,FLEX,,13.7,8,2021
Bills,Team Dupre,D/ST,,D/ST,,13,8,2021
Younghoe Koo,Team Dupre,K,,K,,9,8,2021
Tom Brady,Team Chasse,QB,,QB,,25.2,8,2021
Derrick Henry,Team Chasse,RB,,RB,,6.8,8,2021
Najee Harris,Team Chasse,RB,,RB,,21,8,2021
Chris Godwin,Team Chasse,WR,,WR,,28,8,2021
Mike Williams,Team Chasse,WR,,WR,,3.9,8,2021
Zach Ertz,Team Chasse,TE,,TE,,8.2,8,2021
Leonard Fournette,Team Chasse,RB,,FLEX,,7.3,8,2021
Buccaneers,Team Chasse,D/ST,,D/ST,,-1,8,2021
Tyler Bass,Team Chasse,K,,K,,10,8,2021
Cooper Rush,Team Perrotti,QB,,QB,,17.2,8,2021
Austin Ekeler,Team Perrotti,RB,,RB,,24.4,8,2021
Darrell Henderson Jr.,Team Perrotti,RB,,RB,,22.3,8,2021
Justin Jefferson,Team Perrotti,WR,,WR,,4.1,8,2021
A.J. Brown,Team Perrotti,WR,,WR,,31.5,8,2021
Dallas Goedert,Team Perrotti,TE,,TE,,13.2,8,2021
Darrel Williams,Team Piazza,RB,,FLEX,,11,13,2021
Steelers,Team Perrotti,D/ST,,D/ST,,9,8,2021
Greg Joseph,Team Perrotti,K,,K,,12,8,2021
Matthew Stafford,Team Sachs,QB,,QB,,24.2,8,2021
Alvin Kamara,Team Sachs,RB,,RB,,16.6,8,2021
Chuba Hubbard,Team Sachs,RB,,RB,,14.1,8,2021
Cooper Kupp,Team Sachs,WR,,WR,,24.5,8,2021
Courtland Sutton,Team Sachs,WR,,WR,,6,8,2021
Mike Gesicki,Team Sachs,TE,,TE,,9.8,8,2021
Michael Pittman Jr.,Team Sachs,WR,,FLEX,,30.6,8,2021
Bengals,Team Sachs,D/ST,,D/ST,,1,8,2021
Matt Gay,Team Sachs,K,,K,,8,8,2021
Jalen Hurts,Team Acquarulo,QB,,QB,,11.22,8,2021
James Robinson,Team Acquarulo,RB,,RB,,4.9,8,2021
D'Andre Swift,Team Acquarulo,RB,,RB,,8.1,8,2021
DJ Moore,Team Acquarulo,WR,,WR,,9.9,8,2021
Stefon Diggs,Team Acquarulo,WR,,WR,,15,8,2021
Robert Tonyan,Team Acquarulo,TE,,TE,,7.9,8,2021
Darrell Henderson Jr.,Team Perrotti,RB,,FLEX,,17.3,12,2021
Broncos,Team Acquarulo,D/ST,,D/ST,,16,8,2021
Brandon McManus,Team Acquarulo,K,,K,,5,8,2021
Daniel Jones,Team Shamas,QB,,QB,,16.08,8,2021
Dalvin Cook,Team Shamas,RB,,RB,,7.8,8,2021
Joe Mixon,Team Shamas,RB,,RB,,25.1,8,2021
DK Metcalf,Team Shamas,WR,,WR,,22.3,8,2021
CeeDee Lamb,Team Shamas,WR,,WR,,17.2,8,2021
Travis Kelce,Team Shamas,TE,,TE,,4.7,8,2021
Devontae Booker,Team Loomis,RB,,FLEX,,14.6,7,2021
Seahawks,Team Shamas,D/ST,,D/ST,,12,8,2021
Nick Folk,Team Shamas,K,,K,,15,8,2021
Kyler Murray,Team Pawlowicz,QB,,QB,,9.06,8,2021
Antonio Gibson,Team Pawlowicz,RB,,RB,,8.4,8,2021
Zack Moss,Team Pawlowicz,RB,,RB,,11.8,8,2021
Tyreek Hill,Team Pawlowicz,WR,,WR,,27.4,8,2021
Ja'Marr Chase,Team Pawlowicz,WR,,WR,,13.1,8,2021
Ricky Seals-Jones,Team Pawlowicz,TE,,TE,,3.2,8,2021
DeVonta Smith,Team Pawlowicz,WR,,FLEX,,2.5,8,2021
Cowboys,Team Pawlowicz,D/ST,,D/ST,,4,8,2021
Ryan Succop,Team Pawlowicz,K,,K,,3,8,2021
Kirk Cousins,Team Loomis,QB,,QB,,13.16,8,2021
Chase Edmonds,Team Loomis,RB,,RB,,15.9,8,2021
Cordarrelle Patterson,Team Loomis,RB,,RB,,18.2,8,2021
Keenan Allen,Team Loomis,WR,,WR,,19.7,8,2021
Mike Evans,Team Loomis,WR,,WR,,12.8,8,2021
Tyler Higbee,Team Loomis,TE,,TE,,5.5,8,2021
Kadarius Toney,Team Loomis,WR,,FLEX,,7.36,8,2021
Rams,Team Loomis,D/ST,,D/ST,,7,8,2021
Harrison Butker,Team Loomis,K,,K,,8,8,2021
Patrick Mahomes,Team Piazza,QB,,QB,,14,8,2021
Jonathan Taylor,Team Piazza,RB,,RB,,21.2,8,2021
Kenneth Gainwell,Team Piazza,RB,,RB,,2.7,8,2021
Robert Woods,Team Piazza,WR,,WR,,20.7,8,2021
Marvin Jones Jr.,Team Piazza,WR,,WR,,8.5,8,2021
Jared Cook,Team Piazza,TE,,TE,,4.5,8,2021
Christian Kirk,Team Piazza,WR,,FLEX,,8.6,8,2021
Bears,Team Piazza,D/ST,,D/ST,,-6,8,2021
Greg Zuerlein,Team Piazza,K,,K,,7,8,2021
Justin Herbert,Team Graver,QB,,QB,,13.82,8,2021
Ezekiel Elliott,Team Graver,RB,,RB,,11.3,8,2021
Aaron Jones,Team Graver,RB,,RB,,24,8,2021
Diontae Johnson,Team Graver,WR,,WR,,15.8,8,2021
Deebo Samuel,Team Graver,WR,,WR,,23.1,8,2021
T.J. Hockenson,Team Graver,TE,,TE,,18.9,8,2021
DeAndre Hopkins,Team Graver,WR,,FLEX,,8.6,8,2021
Chargers,Team Graver,D/ST,,D/ST,,2,8,2021
Matt Prater,Team Graver,K,,K,,3,8,2021
Josh Allen,Team Dupre,QB,,QB,,9.56,9,2021
Nick Chubb,Team Dupre,RB,,RB,,30.3,9,2021
Elijah Mitchell,Team Dupre,RB,,RB,,12.9,9,2021
Adam Thielen,Team Dupre,WR,,WR,,8.6,9,2021
Cole Beasley,Team Dupre,WR,,WR,,11.3,9,2021
Kyle Pitts,Team Dupre,TE,,TE,,9.2,9,2021
Tee Higgins,Team Dupre,WR,,FLEX,,13.8,9,2021
Bills,Team Dupre,D/ST,,D/ST,,9,9,2021
Younghoe Koo,Team Dupre,K,,K,,9,9,2021
Lamar Jackson,Team Chasse,QB,,QB,,30.64,9,2021
Najee Harris,Team Chasse,RB,,RB,,16.8,9,2021
Adrian Peterson,Team Chasse,RB,,RB,,9.6,9,2021
Brandin Cooks,Team Chasse,WR,,WR,,11.6,9,2021
Mike Williams,Team Chasse,WR,,WR,,7.8,9,2021
Zach Ertz,Team Chasse,TE,,TE,,5.7,9,2021
Marquise Brown,Team Chasse,WR,,FLEX,,20.6,9,2021
Patriots,Team Chasse,D/ST,,D/ST,,19,9,2021
Tyler Bass,Team Chasse,K,,K,,7,9,2021
Dak Prescott,Team Perrotti,QB,,QB,,18.88,9,2021
Austin Ekeler,Team Perrotti,RB,,RB,,11.2,9,2021
Darrell Henderson Jr.,Team Perrotti,RB,,RB,,8.8,9,2021
Justin Jefferson,Team Perrotti,WR,,WR,,17,9,2021
A.J. Brown,Team Perrotti,WR,,WR,,9.2,9,2021
George Kittle,Team Perrotti,TE,,TE,,20.1,9,2021
Devontae Booker,Team Graver,RB,,FLEX,,15.2,9,2021
Steelers,Team Perrotti,D/ST,,D/ST,,4,9,2021
Greg Joseph,Team Perrotti,K,,K,,7,9,2021
Matthew Stafford,Team Sachs,QB,,QB,,13.06,9,2021
Christian McCaffrey,Team Sachs,RB,,RB,,14.6,9,2021
Alvin Kamara,Team Sachs,RB,,RB,,20.4,9,2021
Cooper Kupp,Team Sachs,WR,,WR,,20.5,9,2021
Amari Cooper,Team Sachs,WR,,WR,,5.7,9,2021
Mike Gesicki,Team Sachs,TE,,TE,,9.4,9,2021
Michael Pittman Jr.,Team Sachs,WR,,FLEX,,17.4,9,2021
Saints,Team Sachs,D/ST,,D/ST,,1,9,2021
Matt Gay,Team Sachs,K,,K,,12,9,2021
Jalen Hurts,Team Acquarulo,QB,,QB,,16.68,9,2021
Damien Harris,Team Acquarulo,RB,,RB,,10.3,9,2021
Myles Gaskin,Team Acquarulo,RB,,RB,,15.7,9,2021
Stefon Diggs,Team Acquarulo,WR,,WR,,14.5,9,2021
Chase Claypool,Team Acquarulo,WR,,WR,,7.3,9,2021
Dallas Goedert,Team Acquarulo,TE,,TE,,7.3,9,2021
Emmanuel Sanders,Team Pawlowicz,WR,,FLEX,,10.5,9,2021
Panthers,Team Acquarulo,D/ST,,D/ST,,8,9,2021
Graham Gano,Team Acquarulo,K,,K,,11,9,2021
Tyrod Taylor,Team Shamas,QB,,QB,,5.9,9,2021
Dalvin Cook,Team Shamas,RB,,RB,,15.2,9,2021
Michael Carter,Team Shamas,RB,,RB,,9.6,9,2021
CeeDee Lamb,Team Shamas,WR,,WR,,4.3,9,2021
DJ Moore,Team Shamas,WR,,WR,,7.6,9,2021
Travis Kelce,Team Shamas,TE,,TE,,17.8,9,2021
Jerry Jeudy,Team Shamas,WR,,FLEX,,12.9,9,2021
Colts,Team Shamas,D/ST,,D/ST,,0,9,2021
Nick Folk,Team Shamas,K,,K,,5,9,2021
Joe Burrow,Team Pawlowicz,QB,,QB,,7.38,9,2021
Josh Jacobs,Team Pawlowicz,RB,,RB,,13.5,9,2021
Zack Moss,Team Pawlowicz,RB,,RB,,4.4,9,2021
Tyreek Hill,Team Pawlowicz,WR,,WR,,7.3,9,2021
Ja'Marr Chase,Team Pawlowicz,WR,,WR,,8.9,9,2021
Tyler Conklin,Team Pawlowicz,TE,,TE,,9.5,9,2021
Emmanuel Sanders,Team Pawlowicz,WR,,FLEX,,7.1,10,2021
Cowboys,Team Pawlowicz,D/ST,,D/ST,,0,9,2021
Evan McPherson,Team Pawlowicz,K,,K,,4,9,2021
Carson Wentz,Team Loomis,QB,,QB,,24.18,9,2021
Cordarrelle Patterson,Team Loomis,RB,,RB,,19.6,9,2021
Joe Mixon,Team Loomis,RB,,RB,,28,9,2021
Keenan Allen,Team Loomis,WR,,WR,,22.4,9,2021
Julio Jones,Team Loomis,WR,,WR,,7.5,9,2021
Darren Waller,Team Loomis,TE,,TE,,16.2,9,2021
Empty,Team Perrotti,,,FLEX,,0,8,2021
Rams,Team Loomis,D/ST,,D/ST,,8,9,2021
Harrison Butker,Team Loomis,K,,K,,9,9,2021
Patrick Mahomes,Team Piazza,QB,,QB,,10.44,9,2021
Jonathan Taylor,Team Piazza,RB,,RB,,34,9,2021
Devin Singletary,Team Piazza,RB,,RB,,12.9,9,2021
Davante Adams,Team Piazza,WR,,WR,,10.2,9,2021
Robert Woods,Team Piazza,WR,,WR,,17.4,9,2021
Mark Andrews,Team Piazza,TE,,TE,,9.4,9,2021
Christian Kirk,Team Piazza,WR,,FLEX,,16.42,9,2021
Bears,Team Piazza,D/ST,,D/ST,,13,9,2021
Greg Zuerlein,Team Piazza,K,,K,,0,9,2021
Justin Herbert,Team Graver,QB,,QB,,31.64,9,2021
Ezekiel Elliott,Team Graver,RB,,RB,,12.6,9,2021
Aaron Jones,Team Graver,RB,,RB,,5.3,9,2021
Diontae Johnson,Team Graver,WR,,WR,,11.7,9,2021
Deebo Samuel,Team Graver,WR,,WR,,11.3,9,2021
Dalton Schultz,Team Graver,TE,,TE,,9.4,9,2021
James Robinson,Team Acquarulo,RB,,FLEX,,11.8,11,2021
Dolphins,Team Graver,D/ST,,D/ST,,18,9,2021
Matt Prater,Team Graver,K,,K,,7,9,2021
Josh Allen,Team Dupre,QB,,QB,,20.94,10,2021
Elijah Mitchell,Team Dupre,RB,,RB,,9.1,10,2021
J.D. McKissic,Team Dupre,RB,,RB,,7.9,10,2021
Adam Thielen,Team Dupre,WR,,WR,,11.5,10,2021
Cole Beasley,Team Dupre,WR,,WR,,3.5,10,2021
Kyle Pitts,Team Dupre,TE,,TE,,10,10,2021
James Robinson,Team Acquarulo,RB,,FLEX,,12.5,12,2021
Bills,Team Dupre,D/ST,,D/ST,,11,10,2021
Younghoe Koo,Team Dupre,K,,K,,3,10,2021
Lamar Jackson,Team Chasse,QB,,QB,,15.42,10,2021
Najee Harris,Team Chasse,RB,,RB,,17.3,10,2021
Leonard Fournette,Team Chasse,RB,,RB,,17.2,10,2021
Mike Williams,Team Chasse,WR,,WR,,7.3,10,2021
Marquise Brown,Team Chasse,WR,,WR,,9.7,10,2021
Zach Ertz,Team Chasse,TE,,TE,,8.6,10,2021
Van Jefferson,Team Chasse,WR,,FLEX,,8.4,10,2021
Patriots,Team Chasse,D/ST,,D/ST,,12,10,2021
Tyler Bass,Team Chasse,K,,K,,9,10,2021
Dak Prescott,Team Perrotti,QB,,QB,,26.34,10,2021
Austin Ekeler,Team Perrotti,RB,,RB,,14.9,10,2021
Darrell Henderson Jr.,Team Perrotti,RB,,RB,,8.1,10,2021
A.J. Brown,Team Perrotti,WR,,WR,,3.3,10,2021
Chris Godwin,Team Perrotti,WR,,WR,,12.7,10,2021
George Kittle,Team Perrotti,TE,,TE,,16,10,2021
Justin Jefferson,Team Perrotti,WR,,FLEX,,22.9,10,2021
Steelers,Team Perrotti,D/ST,,D/ST,,5,10,2021
Greg Joseph,Team Perrotti,K,,K,,10,10,2021
Matthew Stafford,Team Sachs,QB,,QB,,9.82,10,2021
Christian McCaffrey,Team Sachs,RB,,RB,,26.1,10,2021
Melvin Gordon III,Team Sachs,RB,,RB,,9.3,10,2021
Cooper Kupp,Team Sachs,WR,,WR,,23.2,10,2021
Jaylen Waddle,Team Sachs,WR,,WR,,10.1,10,2021
Mike Gesicki,Team Sachs,TE,,TE,,0,10,2021
Michael Pittman Jr.,Team Sachs,WR,,FLEX,,12.1,10,2021
Cardinals,Team Sachs,D/ST,,D/ST,,3,10,2021
Matt Gay,Team Sachs,K,,K,,4,10,2021
Jalen Hurts,Team Acquarulo,QB,,QB,,18.62,10,2021
Damien Harris,Team Acquarulo,RB,,RB,,16.5,10,2021
Myles Gaskin,Team Acquarulo,RB,,RB,,22.7,10,2021
Stefon Diggs,Team Acquarulo,WR,,WR,,30.2,10,2021
Chase Claypool,Team Acquarulo,WR,,WR,,5.6,10,2021
Dallas Goedert,Team Acquarulo,TE,,TE,,4.8,10,2021
James Robinson,Team Acquarulo,RB,,FLEX,,2.5,13,2021
Panthers,Team Acquarulo,D/ST,,D/ST,,5,10,2021
Graham Gano,Team Acquarulo,K,,K,,2,10,2021
Russell Wilson,Team Shamas,QB,,QB,,5.64,10,2021
Dalvin Cook,Team Shamas,RB,,RB,,20.8,10,2021
Michael Carter,Team Shamas,RB,,RB,,18.2,10,2021
CeeDee Lamb,Team Shamas,WR,,WR,,28.6,10,2021
DJ Moore,Team Shamas,WR,,WR,,6.4,10,2021
Travis Kelce,Team Shamas,TE,,TE,,19.9,10,2021
Jerry Jeudy,Team Shamas,WR,,FLEX,,11.1,10,2021
Colts,Team Shamas,D/ST,,D/ST,,14,10,2021
Nick Folk,Team Shamas,K,,K,,9,10,2021
Derek Carr,Team Pawlowicz,QB,,QB,,18.24,10,2021
Josh Jacobs,Team Pawlowicz,RB,,RB,,8.6,10,2021
Zack Moss,Team Pawlowicz,RB,,RB,,8.7,10,2021
Tyreek Hill,Team Pawlowicz,WR,,WR,,27.5,10,2021
Tyler Lockett,Team Pawlowicz,WR,,WR,,4.3,10,2021
Tyler Conklin,Team Pawlowicz,TE,,TE,,16.1,10,2021
Jamison Crowder,Team Shamas,WR,,FLEX,,16.4,8,2021
Cowboys,Team Pawlowicz,D/ST,,D/ST,,22,10,2021
Chris Boswell,Team Pawlowicz,K,,K,,12,10,2021
Carson Wentz,Team Loomis,QB,,QB,,7.1,10,2021
Cordarrelle Patterson,Team Loomis,RB,,RB,,4.9,10,2021
James Conner,Team Loomis,RB,,RB,,15.4,10,2021
Keenan Allen,Team Loomis,WR,,WR,,17.8,10,2021
Mike Evans,Team Loomis,WR,,WR,,14.2,10,2021
Darren Waller,Team Loomis,TE,,TE,,6.4,10,2021
Rams,Team Loomis,D/ST,,D/ST,,1,10,2021
Harrison Butker,Team Loomis,K,,K,,11,10,2021
Patrick Mahomes,Team Piazza,QB,,QB,,36.24,10,2021
Jonathan Taylor,Team Piazza,RB,,RB,,24.6,10,2021
Devin Singletary,Team Piazza,RB,,RB,,11.9,10,2021
Davante Adams,Team Piazza,WR,,WR,,14.8,10,2021
Christian Kirk,Team Piazza,WR,,WR,,12.8,10,2021
Mark Andrews,Team Piazza,TE,,TE,,18.3,10,2021
Packers,Team Piazza,D/ST,,D/ST,,14,10,2021
Justin Tucker,Team Piazza,K,,K,,4,10,2021
Justin Herbert,Team Graver,QB,,QB,,12,10,2021
Ezekiel Elliott,Team Graver,RB,,RB,,20.76,10,2021
Aaron Jones,Team Graver,RB,,RB,,12.6,10,2021
Diontae Johnson,Team Graver,WR,,WR,,13.3,10,2021
Deebo Samuel,Team Graver,WR,,WR,,30.3,10,2021
T.J. Hockenson,Team Graver,TE,,TE,,0,10,2021
Hunter Renfrow,Team Graver,WR,,FLEX,,17.6,10,2021
Ravens,Team Graver,D/ST,,D/ST,,4,10,2021
Matt Prater,Team Graver,K,,K,,5,10,2021
Josh Allen,Team Dupre,QB,,QB,,16.16,11,2021
Nick Chubb,Team Dupre,RB,,RB,,22.4,11,2021
Elijah Mitchell,Team Dupre,RB,,RB,,0,11,2021
Tee Higgins,Team Dupre,WR,,WR,,3.5,11,2021
Adam Thielen,Team Dupre,WR,,WR,,22.2,11,2021
Kyle Pitts,Team Dupre,TE,,TE,,5.9,11,2021
Khalil Herbert,Team Acquarulo,RB,,FLEX,,19.2,6,2021
Bills,Team Dupre,D/ST,,D/ST,,-4,11,2021
Younghoe Koo,Team Dupre,K,,K,,-1,11,2021
Tom Brady,Team Chasse,QB,,QB,,19.28,11,2021
Najee Harris,Team Chasse,RB,,RB,,16.9,11,2021
Rhamondre Stevenson,Team Chasse,RB,,RB,,8.5,11,2021
Brandin Cooks,Team Chasse,WR,,WR,,3.8,11,2021
Mike Williams,Team Chasse,WR,,WR,,20.7,11,2021
Travis Kelce,Team Chasse,TE,,TE,,18.8,11,2021
Rob Gronkowski,Team Chasse,TE,,FLEX,,13.1,11,2021
Patriots,Team Chasse,D/ST,,D/ST,,26,11,2021
Tyler Bass,Team Chasse,K,,K,,-1,11,2021
Dak Prescott,Team Perrotti,QB,,QB,,2.64,11,2021
Austin Ekeler,Team Perrotti,RB,,RB,,41.5,11,2021
Saquon Barkley,Team Perrotti,RB,,RB,,11.6,11,2021
Chris Godwin,Team Perrotti,WR,,WR,,19.2,11,2021
Deebo Samuel,Team Perrotti,WR,,WR,,16.4,11,2021
T.J. Hockenson,Team Perrotti,TE,,TE,,11.1,11,2021
A.J. Brown,Team Perrotti,WR,,FLEX,,9.8,11,2021
49ers,Team Perrotti,D/ST,,D/ST,,12,11,2021
Greg Joseph,Team Perrotti,K,,K,,10,11,2021
Justin Fields,Team Sachs,QB,,QB,,3.46,11,2021
Christian McCaffrey,Team Sachs,RB,,RB,,24.9,11,2021
D'Onta Foreman,Team Sachs,RB,,RB,,5,11,2021
Jaylen Waddle,Team Sachs,WR,,WR,,20.6,11,2021
Chase Claypool,Team Sachs,WR,,WR,,14.4,11,2021
Mike Gesicki,Team Sachs,TE,,TE,,10,11,2021
Michael Pittman Jr.,Team Sachs,WR,,FLEX,,4.3,11,2021
Cardinals,Team Sachs,D/ST,,D/ST,,9,11,2021
Randy Bullock,Team Sachs,K,,K,,1,11,2021
Jalen Hurts,Team Acquarulo,QB,,QB,,30.78,11,2021
David Montgomery,Team Acquarulo,RB,,RB,,7.7,11,2021
D'Andre Swift,Team Acquarulo,RB,,RB,,22.6,11,2021
Stefon Diggs,Team Acquarulo,WR,,WR,,18.3,11,2021
DK Metcalf,Team Acquarulo,WR,,WR,,7.1,11,2021
Pat Freiermuth,Team Acquarulo,TE,,TE,,11.1,11,2021
Khalil Herbert,Team Acquarulo,RB,,FLEX,,8.8,8,2021
Titans,Team Acquarulo,D/ST,,D/ST,,3,11,2021
Daniel Carlson,Team Acquarulo,K,,K,,8,11,2021
Tua Tagovailoa,Team Shamas,QB,,QB,,17.52,11,2021
Dalvin Cook,Team Shamas,RB,,RB,,22.5,11,2021
Leonard Fournette,Team Shamas,RB,,RB,,13.4,11,2021
CeeDee Lamb,Team Shamas,WR,,WR,,4.4,11,2021
DJ Moore,Team Shamas,WR,,WR,,16,11,2021
Darren Waller,Team Shamas,TE,,TE,,18.6,11,2021
Browns,Team Shamas,D/ST,,D/ST,,9,11,2021
Nick Folk,Team Shamas,K,,K,,16,11,2021
Tim Boyle,Team Pawlowicz,QB,,QB,,-0.92,11,2021
Josh Jacobs,Team Pawlowicz,RB,,RB,,11.1,11,2021
Zack Moss,Team Pawlowicz,RB,,RB,,0.5,11,2021
Tyreek Hill,Team Pawlowicz,WR,,WR,,20,11,2021
Ja'Marr Chase,Team Pawlowicz,WR,,WR,,13,11,2021
Tyler Conklin,Team Pawlowicz,TE,,TE,,6.5,11,2021
Tyler Lockett,Team Pawlowicz,WR,,FLEX,,15.5,11,2021
Cowboys,Team Pawlowicz,D/ST,,D/ST,,6,11,2021
Chris Boswell,Team Pawlowicz,K,,K,,14,11,2021
Aaron Rodgers,Team Loomis,QB,,QB,,33.5,11,2021
James Conner,Team Loomis,RB,,RB,,20.9,11,2021
Ezekiel Elliott,Team Loomis,RB,,RB,,12.8,11,2021
Mike Evans,Team Loomis,WR,,WR,,20.3,11,2021
Diontae Johnson,Team Loomis,WR,,WR,,23.1,11,2021
Zach Ertz,Team Loomis,TE,,TE,,28.8,11,2021
Hunter Renfrow,Team Loomis,WR,,FLEX,,7.5,11,2021
Empty,Team Loomis,D/ST,,D/ST,,0,11,2021
Harrison Butker,Team Loomis,K,,K,,8,11,2021
Patrick Mahomes,Team Piazza,QB,,QB,,7.5,11,2021
Jonathan Taylor,Team Piazza,RB,,RB,,53.4,11,2021
Alex Collins,Team Piazza,RB,,RB,,3.6,11,2021
Davante Adams,Team Piazza,WR,,WR,,30.5,11,2021
Christian Kirk,Team Piazza,WR,,WR,,4.5,11,2021
Mark Andrews,Team Piazza,TE,,TE,,15.3,11,2021
Marvin Jones Jr.,Team Piazza,WR,,FLEX,,12.2,3,2021
Bears,Team Piazza,D/ST,,D/ST,,11,11,2021
Justin Tucker,Team Piazza,K,,K,,11,11,2021
Justin Herbert,Team Graver,QB,,QB,,34.28,11,2021
AJ Dillon,Team Graver,RB,,RB,,15.7,11,2021
Joe Mixon,Team Graver,RB,,RB,,24.3,11,2021
Justin Jefferson,Team Graver,WR,,WR,,37.2,11,2021
Keenan Allen,Team Graver,WR,,WR,,20.2,11,2021
George Kittle,Team Graver,TE,,TE,,13.4,11,2021
Dalton Schultz,Team Graver,TE,,FLEX,,11.3,11,2021
Ravens,Team Graver,D/ST,,D/ST,,7,11,2021
Matt Prater,Team Graver,K,,K,,5,11,2021
Josh Allen,Team Dupre,QB,,QB,,26.7,12,2021
Nick Chubb,Team Dupre,RB,,RB,,5.9,12,2021
Myles Gaskin,Team Dupre,RB,,RB,,19.2,12,2021
Adam Thielen,Team Dupre,WR,,WR,,23.2,12,2021
Brandon Aiyuk,Team Dupre,WR,,WR,,12.5,12,2021
Pat Freiermuth,Team Dupre,TE,,TE,,14,12,2021
Marvin Jones Jr.,Team Piazza,WR,,FLEX,,5.4,4,2021
Bills,Team Dupre,D/ST,,D/ST,,11,12,2021
Younghoe Koo,Team Dupre,K,,K,,3,12,2021
Tom Brady,Team Chasse,QB,,QB,,11.24,12,2021
Najee Harris,Team Chasse,RB,,RB,,6.7,12,2021
Melvin Gordon III,Team Chasse,RB,,RB,,9.8,12,2021
Brandin Cooks,Team Chasse,WR,,WR,,13.5,12,2021
Mike Williams,Team Chasse,WR,,WR,,7.9,12,2021
Rob Gronkowski,Team Chasse,TE,,TE,,19.3,12,2021
Darnell Mooney,Team Chasse,WR,,FLEX,,17.5,12,2021
Patriots,Team Chasse,D/ST,,D/ST,,12,12,2021
Tyler Bass,Team Chasse,K,,K,,7,12,2021
Dak Prescott,Team Perrotti,QB,,QB,,25.3,12,2021
Austin Ekeler,Team Perrotti,RB,,RB,,21.9,12,2021
Saquon Barkley,Team Perrotti,RB,,RB,,9.3,12,2021
Chris Godwin,Team Perrotti,WR,,WR,,4.7,12,2021
Deebo Samuel,Team Perrotti,WR,,WR,,20.8,12,2021
T.J. Hockenson,Team Perrotti,TE,,TE,,12.5,12,2021
Marvin Jones Jr.,Team Piazza,WR,,FLEX,,3.5,5,2021
Dolphins,Team Perrotti,D/ST,,D/ST,,25,12,2021
Greg Joseph,Team Perrotti,K,,K,,2,12,2021
Lamar Jackson,Team Sachs,QB,,QB,,9.4,12,2021
Christian McCaffrey,Team Sachs,RB,,RB,,3.5,12,2021
Devonta Freeman,Team Sachs,RB,,RB,,7,12,2021
Cooper Kupp,Team Sachs,WR,,WR,,18.6,12,2021
Jaylen Waddle,Team Sachs,WR,,WR,,28.7,12,2021
Mike Gesicki,Team Sachs,TE,,TE,,4.7,12,2021
Michael Pittman Jr.,Team Sachs,WR,,FLEX,,9.3,12,2021
Texans,Team Sachs,D/ST,,D/ST,,8,12,2021
Matt Gay,Team Sachs,K,,K,,8,12,2021
Jalen Hurts,Team Acquarulo,QB,,QB,,6.86,12,2021
David Montgomery,Team Acquarulo,RB,,RB,,10.4,12,2021
D'Andre Swift,Team Acquarulo,RB,,RB,,3.9,12,2021
Stefon Diggs,Team Acquarulo,WR,,WR,,20.4,12,2021
DK Metcalf,Team Acquarulo,WR,,WR,,2.3,12,2021
Darren Waller,Team Acquarulo,TE,,TE,,5.3,12,2021
Marvin Jones Jr.,Team Piazza,WR,,FLEX,,5.5,10,2021
Jaguars,Team Acquarulo,D/ST,,D/ST,,3,12,2021
Brandon McManus,Team Acquarulo,K,,K,,4,12,2021
Cam Newton,Team Shamas,QB,,QB,,6.18,12,2021
Dalvin Cook,Team Shamas,RB,,RB,,14.3,12,2021
Leonard Fournette,Team Shamas,RB,,RB,,44.1,12,2021
DJ Moore,Team Shamas,WR,,WR,,14.3,12,2021
Elijah Moore,Team Shamas,WR,,WR,,9.3,12,2021
Kyle Pitts,Team Shamas,TE,,TE,,4.6,12,2021
Marvin Jones Jr.,Team Piazza,WR,,FLEX,,8.3,12,2021
Eagles,Team Shamas,D/ST,,D/ST,,6,12,2021
Nick Folk,Team Shamas,K,,K,,20,12,2021
Joe Burrow,Team Pawlowicz,QB,,QB,,16.4,12,2021
Josh Jacobs,Team Pawlowicz,RB,,RB,,19.2,12,2021
J.D. McKissic,Team Pawlowicz,RB,,RB,,22.6,12,2021
Ja'Marr Chase,Team Pawlowicz,WR,,WR,,6.9,12,2021
Tyler Lockett,Team Pawlowicz,WR,,WR,,12.6,12,2021
Tyler Conklin,Team Pawlowicz,TE,,TE,,4.5,12,2021
DeVonta Smith,Team Pawlowicz,WR,,FLEX,,4.2,12,2021
Cowboys,Team Pawlowicz,D/ST,,D/ST,,0,12,2021
Evan McPherson,Team Pawlowicz,K,,K,,13,12,2021
Aaron Rodgers,Team Loomis,QB,,QB,,26.28,12,2021
Cordarrelle Patterson,Team Loomis,RB,,RB,,27.5,12,2021
Ezekiel Elliott,Team Loomis,RB,,RB,,16.9,12,2021
Mike Evans,Team Loomis,WR,,WR,,4.6,12,2021
Diontae Johnson,Team Loomis,WR,,WR,,18.5,12,2021
Tyler Higbee,Team Loomis,TE,,TE,,1.3,12,2021
Marquise Brown,Team Loomis,WR,,FLEX,,13.1,12,2021
Ravens,Team Loomis,D/ST,,D/ST,,12,12,2021
Ryan Succop,Team Loomis,K,,K,,8,12,2021
Tyrod Taylor,Team Piazza,QB,,QB,,15.32,12,2021
Jonathan Taylor,Team Piazza,RB,,RB,,19.7,12,2021
Kareem Hunt,Team Piazza,RB,,RB,,2,12,2021
Davante Adams,Team Piazza,WR,,WR,,18.4,12,2021
Michael Gallup,Team Piazza,WR,,WR,,15.6,12,2021
Mark Andrews,Team Piazza,TE,,TE,,16.5,12,2021
Michael Carter,Team Shamas,RB,,FLEX,,7.5,11,2021
Bears,Team Piazza,D/ST,,D/ST,,6,12,2021
Justin Tucker,Team Piazza,K,,K,,13,12,2021
Justin Herbert,Team Graver,QB,,QB,,19.72,12,2021
Aaron Jones,Team Graver,RB,,RB,,2.3,12,2021
Joe Mixon,Team Graver,RB,,RB,,32.3,12,2021
Justin Jefferson,Team Graver,WR,,WR,,13.26,12,2021
Keenan Allen,Team Graver,WR,,WR,,15.5,12,2021
George Kittle,Team Graver,TE,,TE,,2.3,12,2021
Dalton Schultz,Team Graver,TE,,FLEX,,15.6,12,2021
Buccaneers,Team Graver,D/ST,,D/ST,,11,12,2021
Graham Gano,Team Graver,K,,K,,6,12,2021
Josh Allen,Team Dupre,QB,,QB,,11.7,13,2021
Elijah Mitchell,Team Dupre,RB,,RB,,17.4,13,2021
Myles Gaskin,Team Dupre,RB,,RB,,6.9,13,2021
Adam Thielen,Team Dupre,WR,,WR,,1,13,2021
Brandon Aiyuk,Team Dupre,WR,,WR,,8.5,13,2021
Pat Freiermuth,Team Dupre,TE,,TE,,7.6,13,2021
Michael Gallup,Team Piazza,WR,,FLEX,,7.6,1,2021
Bills,Team Dupre,D/ST,,D/ST,,5,13,2021
Younghoe Koo,Team Dupre,K,,K,,5,13,2021
Matthew Stafford,Team Chasse,QB,,QB,,24,13,2021
Najee Harris,Team Chasse,RB,,RB,,15.7,13,2021
Rhamondre Stevenson,Team Chasse,RB,,RB,,7.8,13,2021
Brandin Cooks,Team Chasse,WR,,WR,,8.4,13,2021
Darnell Mooney,Team Chasse,WR,,WR,,7.7,13,2021
Travis Kelce,Team Chasse,TE,,TE,,5.7,13,2021
Rob Gronkowski,Team Chasse,TE,,FLEX,,21.8,13,2021
Patriots,Team Chasse,D/ST,,D/ST,,9,13,2021
Nick Folk,Team Chasse,K,,K,,7,13,2021
Dak Prescott,Team Perrotti,QB,,QB,,11.22,13,2021
Austin Ekeler,Team Perrotti,RB,,RB,,17.4,13,2021
Sony Michel,Team Perrotti,RB,,RB,,21.9,13,2021
Chris Godwin,Team Perrotti,WR,,WR,,30.2,13,2021
Odell Beckham Jr.,Team Perrotti,WR,,WR,,10.8,13,2021
T.J. Hockenson,Team Perrotti,TE,,TE,,14.9,13,2021
Saquon Barkley,Team Perrotti,RB,,FLEX,,13.4,13,2021
Dolphins,Team Perrotti,D/ST,,D/ST,,10,13,2021
Greg Joseph,Team Perrotti,K,,K,,10,13,2021
Lamar Jackson,Team Sachs,QB,,QB,,17.62,13,2021
Tevin Coleman,Team Sachs,RB,,RB,,10.7,13,2021
Rex Burkhead,Team Sachs,RB,,RB,,5.5,13,2021
Cooper Kupp,Team Sachs,WR,,WR,,26.9,13,2021
Jaylen Waddle,Team Sachs,WR,,WR,,18,13,2021
Mike Gesicki,Team Sachs,TE,,TE,,11.6,13,2021
Michael Pittman Jr.,Team Sachs,WR,,FLEX,,17,13,2021
Cardinals,Team Sachs,D/ST,,D/ST,,11,13,2021
Matt Gay,Team Sachs,K,,K,,15,13,2021
Derek Carr,Team Acquarulo,QB,,QB,,12.36,13,2021
David Montgomery,Team Acquarulo,RB,,RB,,28.1,13,2021
Jamaal Williams,Team Acquarulo,RB,,RB,,9,13,2021
Stefon Diggs,Team Acquarulo,WR,,WR,,9.1,13,2021
DK Metcalf,Team Acquarulo,WR,,WR,,11,13,2021
Noah Fant,Team Acquarulo,TE,,TE,,7.3,13,2021
Michael Gallup,Team Piazza,WR,,FLEX,,9.4,11,2021
Vikings,Team Acquarulo,D/ST,,D/ST,,5,13,2021
Brandon McManus,Team Acquarulo,K,,K,,4,13,2021
Tom Brady,Team Shamas,QB,,QB,,28.62,13,2021
Alexander Mattison,Team Shamas,RB,,RB,,21.4,13,2021
Leonard Fournette,Team Shamas,RB,,RB,,22.2,13,2021
CeeDee Lamb,Team Shamas,WR,,WR,,19.2,13,2021
Elijah Moore,Team Shamas,WR,,WR,,20.6,13,2021
Kyle Pitts,Team Shamas,TE,,TE,,8.8,13,2021
Michael Gallup,Team Piazza,WR,,FLEX,,11,14,2021
Eagles,Team Shamas,D/ST,,D/ST,,6,13,2021
Daniel Carlson,Team Shamas,K,,K,,11,13,2021
Kyler Murray,Team Pawlowicz,QB,,QB,,30.82,13,2021
Josh Jacobs,Team Pawlowicz,RB,,RB,,24,13,2021
Matt Breida,Team Pawlowicz,RB,,RB,,1.8,13,2021
Tyreek Hill,Team Pawlowicz,WR,,WR,,4.2,13,2021
Ja'Marr Chase,Team Pawlowicz,WR,,WR,,10.2,13,2021
Tyler Conklin,Team Pawlowicz,TE,,TE,,12.6,13,2021
Tyler Lockett,Team Pawlowicz,WR,,FLEX,,19.8,13,2021
Rams,Team Pawlowicz,D/ST,,D/ST,,12,13,2021
Evan McPherson,Team Pawlowicz,K,,K,,5,13,2021
Taylor Heinecke,Team Loomis,QB,,QB,,14.84,13,2021
Cordarrelle Patterson,Team Loomis,RB,,RB,,12.6,13,2021
James Conner,Team Loomis,RB,,RB,,19.1,13,2021
Marquise Brown,Team Loomis,WR,,WR,,10.5,13,2021
Diontae Johnson,Team Loomis,WR,,WR,,30.5,13,2021
Logan Thomas,Team Loomis,TE,,TE,,13.8,13,2021
Mike Evans,Team Loomis,WR,,FLEX,,16.9,13,2021
Ravens,Team Loomis,D/ST,,D/ST,,1,13,2021
Ryan Succop,Team Loomis,K,,K,,6,13,2021
Patrick Mahomes,Team Piazza,QB,,QB,,12.56,13,2021
Jonathan Taylor,Team Piazza,RB,,RB,,24.3,13,2021
Devin Singletary,Team Piazza,RB,,RB,,3.6,13,2021
Marvin Jones Jr.,Team Piazza,WR,,WR,,3.1,13,2021
Christian Kirk,Team Piazza,WR,,WR,,1.4,13,2021
Mark Andrews,Team Piazza,TE,,TE,,9,13,2021
Russell Gage,Team Sachs,WR,,FLEX,,10.4,14,2021
Colts,Team Piazza,D/ST,,D/ST,,16,13,2021
Justin Tucker,Team Piazza,K,,K,,7,13,2021
Justin Herbert,Team Graver,QB,,QB,,25.28,13,2021
Javonte Williams,Team Graver,RB,,RB,,29.8,13,2021
Joe Mixon,Team Graver,RB,,RB,,9.4,13,2021
Justin Jefferson,Team Graver,WR,,WR,,35.6,13,2021
Keenan Allen,Team Graver,WR,,WR,,22.4,13,2021
George Kittle,Team Graver,TE,,TE,,39.6,13,2021
DeAndre Hopkins,Team Graver,WR,,FLEX,,11.2,13,2021
Buccaneers,Team Graver,D/ST,,D/ST,,9,13,2021
Graham Gano,Team Graver,K,,K,,10,13,2021
Josh Allen,Team Dupre,QB,,QB,,35.22,14,2021
Nick Chubb,Team Dupre,RB,,RB,,9.5,14,2021
Myles Gaskin,Team Dupre,RB,,RB,,9.7,14,2021
Adam Thielen,Team Dupre,WR,,WR,,16.4,14,2021
Brandon Aiyuk,Team Dupre,WR,,WR,,0,14,2021
Pat Freiermuth,Team Dupre,TE,,TE,,11.2,14,2021
Terry McLaurin,Team Dupre,WR,,FLEX,,11.9,10,2021
Bills,Team Dupre,D/ST,,D/ST,,-4,14,2021
Younghoe Koo,Team Dupre,K,,K,,12,14,2021
Matthew Stafford,Team Chasse,QB,,QB,,23.48,14,2021
Najee Harris,Team Chasse,RB,,RB,,25.4,14,2021
Dontrell Hilliard,Team Chasse,RB,,RB,,1.3,14,2021
Mike Williams,Team Chasse,WR,,WR,,12.1,14,2021
Amari Cooper,Team Chasse,WR,,WR,,16.1,14,2021
Travis Kelce,Team Chasse,TE,,TE,,5.7,14,2021
Rob Gronkowski,Team Chasse,TE,,FLEX,,11.2,14,2021
Panthers,Team Chasse,D/ST,,D/ST,,2,14,2021
Tyler Bass,Team Chasse,K,,K,,9,14,2021
Dak Prescott,Team Perrotti,QB,,QB,,9.94,14,2021
Austin Ekeler,Team Perrotti,RB,,RB,,16.4,14,2021
Sony Michel,Team Perrotti,RB,,RB,,0.9,14,2021
Chris Godwin,Team Perrotti,WR,,WR,,20.5,14,2021
Deebo Samuel,Team Perrotti,WR,,WR,,12.9,14,2021
Dawson Knox,Team Perrotti,TE,,TE,,19,14,2021
Saquon Barkley,Team Perrotti,RB,,FLEX,,18.5,14,2021
Saints,Team Perrotti,D/ST,,D/ST,,8,14,2021
Greg Joseph,Team Perrotti,K,,K,,12,14,2021
Lamar Jackson,Team Sachs,QB,,QB,,1.18,14,2021
Alvin Kamara,Team Sachs,RB,,RB,,24.5,14,2021
Chuba Hubbard,Team Sachs,RB,,RB,,9.3,14,2021
Cooper Kupp,Team Sachs,WR,,WR,,31.3,14,2021
Chase Claypool,Team Sachs,WR,,WR,,17.5,14,2021
Cole Kmet,Team Sachs,TE,,TE,,4.7,14,2021
Terry McLaurin,Team Dupre,WR,,FLEX,,21.3,11,2021
Chargers,Team Sachs,D/ST,,D/ST,,6,14,2021
Matt Gay,Team Sachs,K,,K,,14,14,2021
Russell Wilson,Team Acquarulo,QB,,QB,,21.2,14,2021
David Montgomery,Team Acquarulo,RB,,RB,,14.1,14,2021
James Robinson,Team Acquarulo,RB,,RB,,0.4,14,2021
Stefon Diggs,Team Acquarulo,WR,,WR,,14.4,14,2021
DK Metcalf,Team Acquarulo,WR,,WR,,8.3,14,2021
Noah Fant,Team Acquarulo,TE,,TE,,9.1,14,2021
Jerry Jeudy,Team Acquarulo,WR,,FLEX,,9.7,14,2021
Titans,Team Acquarulo,D/ST,,D/ST,,19,14,2021
Brandon McManus,Team Acquarulo,K,,K,,10,14,2021
Taysom Hill,Team Shamas,QB,,QB,,26.3,14,2021
Dalvin Cook,Team Shamas,RB,,RB,,35.2,14,2021
Leonard Fournette,Team Shamas,RB,,RB,,23.2,14,2021
CeeDee Lamb,Team Shamas,WR,,WR,,14.6,14,2021
DJ Moore,Team Shamas,WR,,WR,,14.4,14,2021
Kyle Pitts,Team Shamas,TE,,TE,,11.1,14,2021
Terry McLaurin,Team Dupre,WR,,FLEX,,9.1,12,2021
Broncos,Team Shamas,D/ST,,D/ST,,9,14,2021
Daniel Carlson,Team Shamas,K,,K,,3,14,2021
Kyler Murray,Team Pawlowicz,QB,,QB,,17.42,14,2021
Josh Jacobs,Team Pawlowicz,RB,,RB,,10,14,2021
J.D. McKissic,Team Pawlowicz,RB,,RB,,0,14,2021
Tyreek Hill,Team Pawlowicz,WR,,WR,,11.6,14,2021
Ja'Marr Chase,Team Pawlowicz,WR,,WR,,25.3,14,2021
Tyler Conklin,Team Pawlowicz,TE,,TE,,4,14,2021
Tyler Lockett,Team Pawlowicz,WR,,FLEX,,27.2,14,2021
Cowboys,Team Pawlowicz,D/ST,,D/ST,,24,14,2021
Evan McPherson,Team Pawlowicz,K,,K,,11,14,2021
Aaron Rodgers,Team Loomis,QB,,QB,,29.64,14,2021
Cordarrelle Patterson,Team Loomis,RB,,RB,,13.9,14,2021
James Conner,Team Loomis,RB,,RB,,33.5,14,2021
Marquise Brown,Team Loomis,WR,,WR,,9.1,14,2021
Diontae Johnson,Team Loomis,WR,,WR,,15.3,14,2021
Zach Ertz,Team Loomis,TE,,TE,,9.2,14,2021
Mike Evans,Team Loomis,WR,,FLEX,,21.1,14,2021
Ravens,Team Loomis,D/ST,,D/ST,,4,14,2021
Harrison Butker,Team Loomis,K,,K,,14,14,2021
Patrick Mahomes,Team Piazza,QB,,QB,,20.32,14,2021
Kareem Hunt,Team Piazza,RB,,RB,,3.8,14,2021
D'Onta Foreman,Team Piazza,RB,,RB,,14.2,14,2021
Davante Adams,Team Piazza,WR,,WR,,34.1,14,2021
Van Jefferson,Team Piazza,WR,,WR,,14.8,14,2021
Mark Andrews,Team Piazza,TE,,TE,,28.5,14,2021
Terry McLaurin,Team Dupre,WR,,FLEX,,5.2,13,2021
Seahawks,Team Piazza,D/ST,,D/ST,,4,14,2021
Justin Tucker,Team Piazza,K,,K,,15,14,2021
Justin Herbert,Team Graver,QB,,QB,,24.9,14,2021
Aaron Jones,Team Graver,RB,,RB,,21.5,14,2021
Joe Mixon,Team Graver,RB,,RB,,8.8,14,2021
DeAndre Hopkins,Team Graver,WR,,WR,,10.4,14,2021
Justin Jefferson,Team Graver,WR,,WR,,20.5,14,2021
George Kittle,Team Graver,TE,,TE,,34.1,14,2021
Javonte Williams,Team Graver,RB,,FLEX,,21.3,14,2021
Packers,Team Graver,D/ST,,D/ST,,13,14,2021
Graham Gano,Team Graver,K,,K,,1,14,2021
Dak Prescott,Team Perrotti,QB,,QB,,10.58,15,2021
Austin Ekeler,Team Perrotti,RB,,RB,,18.2,15,2021
Saquon Barkley,Team Perrotti,RB,,RB,,9.4,15,2021
Chris Godwin,Team Perrotti,WR,,WR,,10.9,15,2021
Deebo Samuel,Team Perrotti,WR,,WR,,18.9,15,2021
Dawson Knox,Team Perrotti,TE,,TE,,7.8,15,2021
Odell Beckham Jr.,Team Perrotti,WR,,FLEX,,1.7,15,2021
Jaguars,Team Perrotti,D/ST,,D/ST,,4,15,2021
Greg Joseph,Team Perrotti,K,,K,,5,15,2021
Tua Tagovailoa,Team Sachs,QB,,QB,,13.74,15,2021
Alvin Kamara,Team Sachs,RB,,RB,,5.1,15,2021
Devonta Freeman,Team Sachs,RB,,RB,,3.4,15,2021
Cooper Kupp,Team Sachs,WR,,WR,,34.7,15,2021
Chase Claypool,Team Sachs,WR,,WR,,1.9,15,2021
Mike Gesicki,Team Sachs,TE,,TE,,9.3,15,2021
Terry McLaurin,Team Dupre,WR,,FLEX,,0,14,2021
Cardinals,Team Sachs,D/ST,,D/ST,,3,15,2021
Matt Gay,Team Sachs,K,,K,,10,15,2021
Tom Brady,Team Shamas,QB,,QB,,4.76,15,2021
Dalvin Cook,Team Shamas,RB,,RB,,11.1,15,2021
Leonard Fournette,Team Shamas,RB,,RB,,13.7,15,2021
CeeDee Lamb,Team Shamas,WR,,WR,,11,15,2021
Amon-Ra St. Brown,Team Shamas,WR,,WR,,23.5,15,2021
Kyle Pitts,Team Shamas,TE,,TE,,11.7,15,2021
49ers,Team Shamas,D/ST,,D/ST,,10,15,2021
Jake Elliott,Team Shamas,K,,K,,9,15,2021
Aaron Rodgers,Team Loomis,QB,,QB,,23.82,15,2021
Cordarrelle Patterson,Team Loomis,RB,,RB,,4.3,15,2021
James Conner,Team Loomis,RB,,RB,,9,15,2021
Mike Evans,Team Loomis,WR,,WR,,2.4,15,2021
Diontae Johnson,Team Loomis,WR,,WR,,9.8,15,2021
Zach Ertz,Team Loomis,TE,,TE,,13.4,15,2021
Hunter Renfrow,Team Loomis,WR,,FLEX,,6.2,15,2021
Dolphins,Team Loomis,D/ST,,D/ST,,10,15,2021
Harrison Butker,Team Loomis,K,,K,,8,15,2021
Matthew Stafford,Team Chasse,QB,,QB,,6.68,16,2021
Najee Harris,Team Chasse,RB,,RB,,16,16,2021
Melvin Gordon III,Team Chasse,RB,,RB,,1,16,2021
Amari Cooper,Team Chasse,WR,,WR,,21.5,16,2021
Darnell Mooney,Team Chasse,WR,,WR,,10.9,16,2021
Rob Gronkowski,Team Chasse,TE,,TE,,3.3,16,2021
Dallas Goedert,Team Chasse,TE,,FLEX,,4.8,16,2021
Patriots,Team Chasse,D/ST,,D/ST,,-4,16,2021
Nick Folk,Team Chasse,K,,K,,3,16,2021
Tom Brady,Team Shamas,QB,,QB,,14.38,16,2021
Alexander Mattison,Team Shamas,RB,,RB,,16,16,2021
Ronald Jones II,Team Shamas,RB,,RB,,16.1,16,2021
CeeDee Lamb,Team Shamas,WR,,WR,,10.4,16,2021
DJ Moore,Team Shamas,WR,,WR,,10.5,16,2021
Kyle Pitts,Team Shamas,TE,,TE,,16.2,16,2021
Chiefs,Team Shamas,D/ST,,D/ST,,11,16,2021
Elliot Fry,Team Shamas,K,,K,,12,16,2021
Aaron Rodgers,Team Loomis,QB,,QB,,19.98,16,2021
Cordarrelle Patterson,Team Loomis,RB,,RB,,8.3,16,2021
Ezekiel Elliott,Team Loomis,RB,,RB,,17.2,16,2021
Marquise Brown,Team Loomis,WR,,WR,,9.4,16,2021
Diontae Johnson,Team Loomis,WR,,WR,,15.1,16,2021
Zach Ertz,Team Loomis,TE,,TE,,13.4,16,2021
Hunter Renfrow,Team Loomis,WR,,FLEX,,13,16,2021
Dolphins,Team Loomis,D/ST,,D/ST,,25,16,2021
Daniel Carlson,Team Loomis,K,,K,,6,16,2021
Justin Herbert,Team Graver,QB,,QB,,16.94,16,2021
Javonte Williams,Team Graver,RB,,RB,,10,16,2021
Joe Mixon,Team Graver,RB,,RB,,31.5,16,2021
Justin Jefferson,Team Graver,WR,,WR,,19.6,16,2021
Keenan Allen,Team Graver,WR,,WR,,7.5,16,2021
George Kittle,Team Graver,TE,,TE,,4.1,16,2021
Antonio Brown,Team Graver,WR,,FLEX,,20.1,16,2021
Buccaneers,Team Graver,D/ST,,D/ST,,15,16,2021
Greg Zuerlein,Team Graver,K,,K,,8,16,2021
Aaron Rodgers,Team Loomis,QB,,QB,,20.32,17,2021
Ezekiel Elliott,Team Loomis,RB,,RB,,4,17,2021
Sony Michel,Team Loomis,RB,,RB,,18.9,17,2021
Mike Evans,Team Loomis,WR,,WR,,14.7,17,2021
Diontae Johnson,Team Loomis,WR,,WR,,17.1,17,2021
Zach Ertz,Team Loomis,TE,,TE,,11.1,17,2021
Hunter Renfrow,Team Loomis,WR,,FLEX,,20.6,17,2021
Dolphins,Team Loomis,D/ST,,D/ST,,0,17,2021
Harrison Butker,Team Loomis,K,,K,,7,17,2021
Justin Herbert,Team Graver,QB,,QB,,17.68,17,2021
Aaron Jones,Team Graver,RB,,RB,,15.6,17,2021
Joe Mixon,Team Graver,RB,,RB,,15.6,17,2021
Justin Jefferson,Team Graver,WR,,WR,,11.8,17,2021
Keenan Allen,Team Graver,WR,,WR,,14.4,17,2021
George Kittle,Team Graver,TE,,TE,,4.5,17,2021
Antonio Brown,Team Graver,WR,,FLEX,,5.6,17,2021
Buccaneers,Team Graver,D/ST,,D/ST,,2,17,2021
Greg Zuerlein,Team Graver,K,,K,,1,17,2021
Tim Patrick,Team Shamas,WR,,FLEX,,13.2,6,2021
Tim Patrick,Team Shamas,WR,,FLEX,,3.6,7,2021
Tyler Boyd,Team Dupre,WR,,FLEX,,13.6,3,2021
Ty'Son Williams,Team Shamas,RB,,FLEX,,11.3,2,2021
Zach Pascal,Team Loomis,WR,,FLEX,,0,6,2021
Aaron Rodgers,Dave Sucks,QB,GB,Bench,19.7,3.7,1,2022
Breece Hall,Dave Sucks,RB,NYJ,Bench,10.3,10.1,1,2022
Gabe Davis,Dave Sucks,WR,BUF,Bench,12.3,18.8,1,2022
Kadarius Toney,Dave Sucks,WR,NYG,Bench,12.2,2.3,1,2022
Matthew Stafford,Dave Sucks,QB,LAR,Bench,16.9,7.8,1,2022
Russell Gage,Dave Sucks,WR,TB,Bench,10,3.3,1,2022
Tyler Boyd,Dave Sucks,WR,CIN,Bench,8.4,13.3,1,2022
Colts,Dave Sucks,D/ST,IND,D/ST,7.3,7,1,2022
DJ Moore,Dave Sucks,WR,CAR,FLEX,14.5,8,1,2022
Matt Prater,Dave Sucks,K,ARI,K,8.1,1,1,2022
Lamar Jackson,Dave Sucks,QB,BAL,QB,21.2,20.22,1,2022
D'Andre Swift,Dave Sucks,RB,DET,RB,16,26.5,1,2022
J.K. Dobbins,Dave Sucks,RB,BAL,RB,0,0,1,2022
Pat Freiermuth,Dave Sucks,TE,PIT,TE,9.5,12.5,1,2022
Stefon Diggs,Dave Sucks,WR,BUF,WR,16.7,26.2,1,2022
Tee Higgins,Dave Sucks,WR,CIN,WR,14.6,4.7,1,2022
Dallas Goedert,Dylan ate my Fantasy Points,TE,PHI,Bench,10.1,9,1,2022
J.D. McKissic,Dylan ate my Fantasy Points,RB,WSH,Bench,10.1,7.8,1,2022
Jerry Jeudy,Dylan ate my Fantasy Points,WR,DEN,Bench,13.5,20.2,1,2022
Kareem Hunt,Dylan ate my Fantasy Points,RB,CLE,Bench,12,23,1,2022
Skyy Moore,Dylan ate my Fantasy Points,WR,KC,Bench,5.4,4,1,2022
Travis Etienne Jr.,Dylan ate my Fantasy Points,RB,JAX,Bench,13.6,8.5,1,2022
Treylon Burks,Dylan ate my Fantasy Points,WR,TEN,Bench,8,8.5,1,2022
Steelers,Dylan ate my Fantasy Points,D/ST,PIT,D/ST,5.2,22,1,2022
Brandin Cooks,Dylan ate my Fantasy Points,WR,HOU,FLEX,13.7,15.2,1,2022
Brandon McManus,Dylan ate my Fantasy Points,K,DEN,K,8.1,10,1,2022
Tom Brady,Dylan ate my Fantasy Points,QB,TB,QB,19.1,10.38,1,2022
Alvin Kamara,Dylan ate my Fantasy Points,RB,NO,RB,18.7,7.6,1,2022
Elijah Mitchell,Dylan ate my Fantasy Points,RB,SF,RB,15.2,4.1,1,2022
Darren Waller,Dylan ate my Fantasy Points,TE,LV,TE,11.9,11.9,1,2022
Davante Adams,Dylan ate my Fantasy Points,WR,LV,WR,17.3,30.1,1,2022
Deebo Samuel,Dylan ate my Fantasy Points,WR,SF,WR,16.5,12.6,1,2022
Chris Godwin,Justin Jefferson,WR,TB,Bench,10.4,6.5,1,2022
Dameon Pierce,Justin Jefferson,RB,HOU,Bench,10.9,4.9,1,2022
Dawson Knox,Justin Jefferson,TE,BUF,Bench,9.4,1.5,1,2022
DeVonta Smith,Justin Jefferson,WR,PHI,Bench,12.2,0,1,2022
Drake London,Justin Jefferson,WR,ATL,Bench,11.7,12.4,1,2022
Kirk Cousins,Justin Jefferson,QB,MIN,Bench,15.7,19.08,1,2022
Robert Woods,Justin Jefferson,WR,TEN,Bench,11.5,2.3,1,2022
Titans,Justin Jefferson,D/ST,TEN,D/ST,6.6,8,1,2022
Chase Edmonds,Justin Jefferson,RB,MIA,FLEX,10.6,10.5,1,2022
Harrison Butker,Justin Jefferson,K,KC,K,8.3,9,1,2022
Joe Burrow,Justin Jefferson,QB,CIN,QB,18.1,18.22,1,2022
Aaron Jones,Justin Jefferson,RB,GB,RB,15.7,10.6,1,2022
Christian McCaffrey,Justin Jefferson,RB,CAR,RB,21,15.7,1,2022
Mark Andrews,Justin Jefferson,TE,BAL,TE,14.4,10.2,1,2022
Marquise Brown,Justin Jefferson,WR,ARI,WR,14.5,14.3,1,2022
Michael Pittman Jr.,Justin Jefferson,WR,IND,WR,14.9,27.1,1,2022
Allen Lazard,Justin is Brown,WR,GB,Bench,0,0,1,2022
Bills,Justin is Brown,D/ST,BUF,Bench,5.1,18,1,2022
Brandon Aiyuk,Justin is Brown,WR,SF,Bench,10.7,6.7,1,2022
Jahan Dotson,Justin is Brown,WR,WSH,Bench,9.4,18,1,2022
Julio Jones,Justin is Brown,WR,TB,Bench,9.8,11.6,1,2022
Justin Fields,Justin is Brown,QB,CHI,Bench,13.8,13.64,1,2022
Kenneth Walker III,Justin is Brown,RB,SEA,Bench,0,0,1,2022
Bengals,Justin is Brown,D/ST,CIN,D/ST,7,4,1,2022
JuJu Smith-Schuster,Justin is Brown,WR,KC,FLEX,12.4,11.9,1,2022
Daniel Carlson,Justin is Brown,K,LV,K,7.9,9,1,2022
Justin Herbert,Justin is Brown,QB,LAC,QB,20.8,23.26,1,2022
Austin Ekeler,Justin is Brown,RB,LAC,RB,19.6,11.2,1,2022
Rashaad Penny,Justin is Brown,RB,SEA,RB,13.2,8.7,1,2022
Travis Kelce,Justin is Brown,TE,KC,TE,14.3,26.1,1,2022
A.J. Brown,Justin is Brown,WR,PHI,WR,14.4,25.5,1,2022
Adam Thielen,Justin is Brown,WR,MIN,WR,12.9,6.6,1,2022
Garrett Wilson,My Boy,WR,NYJ,Bench,8.4,9.2,1,2022
James Robinson,My Boy,RB,JAX,Bench,8.6,19.9,1,2022
Kenny Golladay,My Boy,WR,NYG,Bench,9.3,4.2,1,2022
Melvin Gordon III,My Boy,RB,DEN,Bench,9,7.2,1,2022
Miles Sanders,My Boy,RB,PHI,Bench,12.8,18.5,1,2022
Rhamondre Stevenson,My Boy,RB,NE,Bench,11.3,4.7,1,2022
Trey Lance,My Boy,QB,SF,Bench,17.5,9.96,1,2022
Ravens,My Boy,D/ST,BAL,D/ST,5.8,9,1,2022
Mike Evans,My Boy,WR,TB,FLEX,14.8,18.1,1,2022
Graham Gano,My Boy,K,NYG,K,7.7,1,1,2022
Kyler Murray,My Boy,QB,ARI,QB,20.5,20.62,1,2022
Antonio Gibson,My Boy,RB,WSH,RB,15.5,20,1,2022
Dalvin Cook,My Boy,RB,MIN,RB,16.8,13.8,1,2022
Dalton Schultz,My Boy,TE,DAL,TE,11.7,13.2,1,2022
Ja'Marr Chase,My Boy,WR,CIN,WR,17,28.9,1,2022
Jaylen Waddle,My Boy,WR,MIA,WR,13.5,17.7,1,2022
Alexander Mattison,Najee Germany,RB,MIN,Bench,4.3,3.6,1,2022
Clyde Edwards-Helaire,Najee Germany,RB,KC,Bench,11.6,22.4,1,2022
DeAndre Hopkins,Najee Germany,WR,ARI,Bench,0,0,1,2022
George Pickens,Najee Germany,WR,PIT,Bench,8.6,1.3,1,2022
Hunter Henry,Najee Germany,TE,NE,Bench,9.1,4,1,2022
James Cook,Najee Germany,RB,BUF,Bench,6.3,-1.8,1,2022
Josh Jacobs,Najee Germany,RB,LV,Bench,12.9,8.3,1,2022
Saints,Najee Germany,D/ST,NO,D/ST,8.5,3,1,2022
Michael Thomas,Najee Germany,WR,NO,FLEX,13.1,22.7,1,2022
Tyler Bass,Najee Germany,K,BUF,K,7.5,8,1,2022
Russell Wilson,Najee Germany,QB,DEN,QB,19.1,17.8,1,2022
Najee Harris,Najee Germany,RB,PIT,RB,16.4,10.6,1,2022
Saquon Barkley,Najee Germany,RB,NYG,RB,15.9,33.4,1,2022
Kyle Pitts,Najee Germany,TE,ATL,TE,11.9,3.9,1,2022
CeeDee Lamb,Najee Germany,WR,DAL,WR,17,4.9,1,2022
DK Metcalf,Najee Germany,WR,SEA,WR,13.1,8.6,1,2022
Cordarrelle Patterson,PEDeAndre Hopkins,RB,ATL,Bench,11.1,22.6,1,2022
KaVontae Turpin,PEDeAndre Hopkins,WR,DAL,Bench,2.9,0,1,2022
Michael Carter,PEDeAndre Hopkins,RB,NYJ,Bench,12.8,17,1,2022
Odell Beckham Jr.,PEDeAndre Hopkins,WR,FA,Bench,0,0,1,2022
Patrick Mahomes,PEDeAndre Hopkins,QB,KC,Bench,22.7,34.9,1,2022
Tony Pollard,PEDeAndre Hopkins,RB,DAL,Bench,10.6,4.2,1,2022
Tyler Lockett,PEDeAndre Hopkins,WR,SEA,Bench,12.2,5.8,1,2022
Patriots,PEDeAndre Hopkins,D/ST,NE,D/ST,5,4,1,2022
Darnell Mooney,PEDeAndre Hopkins,WR,CHI,FLEX,11.6,1.8,1,2022
Evan McPherson,PEDeAndre Hopkins,K,CIN,K,9,7,1,2022
Josh Allen,PEDeAndre Hopkins,QB,BUF,QB,22.6,31.48,1,2022
Javonte Williams,PEDeAndre Hopkins,RB,DEN,RB,15.3,19.8,1,2022
Leonard Fournette,PEDeAndre Hopkins,RB,TB,RB,17.2,15.7,1,2022
Zach Ertz,PEDeAndre Hopkins,TE,ARI,TE,10,11.4,1,2022
Amon-Ra St. Brown,PEDeAndre Hopkins,WR,DET,WR,13.1,20.4,1,2022
Cooper Kupp,PEDeAndre Hopkins,WR,LAR,WR,19.7,31.8,1,2022
Chris Olave,Scammer got Scammed,WR,NO,Bench,9.6,9.1,1,2022
Damien Harris,Scammer got Scammed,RB,NE,Bench,11,7.8,1,2022
Hunter Renfrow,Scammer got Scammed,WR,LV,Bench,12.6,5.1,1,2022
Raheem Mostert,Scammer got Scammed,RB,MIA,Bench,8.5,4.2,1,2022
Robbie Anderson,Scammer got Scammed,WR,CAR,Bench,9.4,21.2,1,2022
Browns,Scammer got Scammed,D/ST,CLE,D/ST,7.3,8,1,2022
Nick Chubb,Scammer got Scammed,RB,CLE,FLEX,13.9,15.3,1,2022
Justin Tucker,Scammer got Scammed,K,BAL,K,8.4,6,1,2022
Derek Carr,Scammer got Scammed,QB,LV,QB,16,13.8,1,2022
David Montgomery,Scammer got Scammed,RB,CHI,RB,14.5,8,1,2022
Derrick Henry,Scammer got Scammed,RB,TEN,RB,18,8.2,1,2022
T.J. Hockenson,Scammer got Scammed,TE,DET,TE,10.4,7.8,1,2022
Terry McLaurin,Scammer got Scammed,WR,WSH,WR,14.2,13.8,1,2022
Tyreek Hill,Scammer got Scammed,WR,MIA,WR,15.9,18,1,2022
Alec Pierce,Silence D at work,WR,IND,Bench,8.5,0,1,2022
Chase Claypool,Silence D at work,WR,PIT,Bench,11.7,9.4,1,2022
Devin Singletary,Silence D at work,RB,BUF,Bench,10.7,8.2,1,2022
Elijah Moore,Silence D at work,WR,NYJ,Bench,12.8,9.9,1,2022
Isiah Pacheco,Silence D at work,RB,KC,Bench,3.1,12.2,1,2022
Nyheim Hines,Silence D at work,RB,IND,Bench,8.3,11.4,1,2022
Rashod Bateman,Silence D at work,WR,BAL,Bench,12.2,13.9,1,2022
49ers,Silence D at work,D/ST,SF,D/ST,8.5,6,1,2022
Amari Cooper,Silence D at work,WR,CLE,FLEX,11.6,4.7,1,2022
George Kittle,Silence D at work,TE,SF,IR,0,0,1,2022
Nick Folk,Silence D at work,K,NE,K,8.3,1,1,2022
Jalen Hurts,Silence D at work,QB,PHI,QB,22.9,24.72,1,2022
James Conner,Silence D at work,RB,ARI,RB,17,16.5,1,2022
Jonathan Taylor,Silence D at work,RB,IND,RB,21.8,27.5,1,2022
Evan Engram,Silence D at work,TE,JAX,TE,8.2,6.8,1,2022
Courtland Sutton,Silence D at work,WR,DEN,WR,12.8,11.2,1,2022
Keenan Allen,Silence D at work,WR,LAC,WR,14,10.6,1,2022
AJ Dillon,The DakStreet Boys,RB,GB,Bench,10.6,20.1,1,2022
Allen Robinson II,The DakStreet Boys,WR,LAR,Bench,12.9,2.2,1,2022
Cam Akers,The DakStreet Boys,RB,LAR,Bench,12.4,0,1,2022
Christian Kirk,The DakStreet Boys,WR,JAX,Bench,12.8,17.7,1,2022
Jarvis Landry,The DakStreet Boys,WR,NO,Bench,8.9,18.4,1,2022
Mecole Hardman,The DakStreet Boys,WR,KC,Bench,9.8,10.6,1,2022
Tua Tagovailoa,The DakStreet Boys,QB,MIA,Bench,17.3,14.8,1,2022
Packers,The DakStreet Boys,D/ST,GB,D/ST,5.1,0,1,2022
Mike Williams,The DakStreet Boys,WR,LAC,FLEX,13.9,3,1,2022
Matt Gay,The DakStreet Boys,K,LAR,K,8.9,6,1,2022
Dak Prescott,The DakStreet Boys,QB,DAL,QB,18.6,4.46,1,2022
Ezekiel Elliott,The DakStreet Boys,RB,DAL,RB,13.3,5.9,1,2022
Joe Mixon,The DakStreet Boys,RB,CIN,RB,17.3,21.5,1,2022
Mike Gesicki,The DakStreet Boys,TE,MIA,TE,8.6,1.1,1,2022
Diontae Johnson,The DakStreet Boys,WR,PIT,WR,14.7,12.5,1,2022
Justin Jefferson,The DakStreet Boys,WR,MIN,WR,17.9,39.4,1,2022
Aaron Rodgers,Dave Sucks,QB,GB,Bench,19.6,16.36,2,2022
Breece Hall,Dave Sucks,RB,NYJ,Bench,10.1,13,2,2022
Josh Jacobs,Dave Sucks,RB,LV,Bench,14.6,9.1,2,2022
Kadarius Toney,Dave Sucks,WR,NYG,Bench,7.5,2,2,2022
Marquise Brown,Dave Sucks,WR,ARI,Bench,13.7,12.8,2,2022
Matthew Stafford,Dave Sucks,QB,LAR,Bench,18.1,18.88,2,2022
Russell Gage,Dave Sucks,WR,TB,Bench,10.4,7.8,2,2022
Colts,Dave Sucks,D/ST,IND,D/ST,6.5,0,2,2022
DJ Moore,Dave Sucks,WR,CAR,FLEX,14,13.3,2,2022
Matt Prater,Dave Sucks,K,ARI,K,7.7,1,2,2022
Lamar Jackson,Dave Sucks,QB,BAL,QB,20.6,42.62,2,2022
J.K. Dobbins,Dave Sucks,RB,BAL,RB,0,0,2,2022
Najee Harris,Dave Sucks,RB,PIT,RB,16.3,13.9,2,2022
Pat Freiermuth,Dave Sucks,TE,PIT,TE,9.8,12.2,2,2022
Stefon Diggs,Dave Sucks,WR,BUF,WR,17.3,44.8,2,2022
Tee Higgins,Dave Sucks,WR,CIN,WR,13.9,19.1,2,2022
Alvin Kamara,Dylan ate my Fantasy Points,RB,NO,Bench,0,0,2,2022
DeAndre Carter,Dylan ate my Fantasy Points,WR,LAC,Bench,7.7,8.5,2,2022
Drake London,Dylan ate my Fantasy Points,WR,ATL,Bench,12,24.6,2,2022
J.D. McKissic,Dylan ate my Fantasy Points,RB,WSH,Bench,9.6,13.3,2,2022
Kareem Hunt,Dylan ate my Fantasy Points,RB,CLE,Bench,11.5,9.4,2,2022
Tony Jones Jr.,Dylan ate my Fantasy Points,RB,NO,Bench,6.5,4,2,2022
Travis Etienne Jr.,Dylan ate my Fantasy Points,RB,JAX,Bench,10.3,8.3,2,2022
Steelers,Dylan ate my Fantasy Points,D/ST,PIT,D/ST,5.9,2,2,2022
Jerry Jeudy,Dylan ate my Fantasy Points,WR,DEN,FLEX,12.7,2.2,2,2022
Elijah Mitchell,Dylan ate my Fantasy Points,RB,SF,IR,0,0,2,2022
Brandon McManus,Dylan ate my Fantasy Points,K,DEN,K,8.3,12,2,2022
Tom Brady,Dylan ate my Fantasy Points,QB,TB,QB,18.1,9.4,2,2022
Aaron Jones,Dylan ate my Fantasy Points,RB,GB,RB,15.4,32,2,2022
Mark Ingram II,Dylan ate my Fantasy Points,RB,NO,RB,11.1,6.1,2,2022
Kyle Pitts,Dylan ate my Fantasy Points,TE,ATL,TE,11.5,3.9,2,2022
Brandin Cooks,Dylan ate my Fantasy Points,WR,HOU,WR,13.7,9.4,2,2022
Davante Adams,Dylan ate my Fantasy Points,WR,LV,WR,18.8,9.2,2,2022
Dameon Pierce,Justin Jefferson,RB,HOU,Bench,10.5,8.7,2,2022
DeVonta Smith,Justin Jefferson,WR,PHI,Bench,11,15,2,2022
Gabe Davis,Justin Jefferson,WR,BUF,Bench,0,0,2,2022
Kirk Cousins,Justin Jefferson,QB,MIN,Bench,16.7,8.84,2,2022
Michael Pittman Jr.,Justin Jefferson,WR,IND,Bench,0,0,2,2022
Rex Burkhead,Justin Jefferson,RB,HOU,Bench,11.4,2.9,2,2022
Rams,Justin Jefferson,D/ST,LAR,D/ST,8.1,11,2,2022
Chase Edmonds,Justin Jefferson,RB,MIA,FLEX,12.9,5.1,2,2022
Chris Godwin,Justin Jefferson,WR,TB,IR,0,0,2,2022
Jake Elliott,Justin Jefferson,K,PHI,K,8.2,5,2,2022
Joe Burrow,Justin Jefferson,QB,CIN,QB,17.9,16.56,2,2022
Christian McCaffrey,Justin Jefferson,RB,CAR,RB,22.4,16.8,2,2022
Darrell Henderson Jr.,Justin Jefferson,RB,LAR,RB,15.5,10.7,2,2022
Mark Andrews,Justin Jefferson,TE,BAL,TE,13.7,25.7,2,2022
Curtis Samuel,Justin Jefferson,WR,WSH,WR,12.1,22.9,2,2022
Deebo Samuel,Justin Jefferson,WR,SF,WR,16.6,14.7,2,2022
Adam Thielen,Justin is Brown,WR,MIN,Bench,12.1,9.2,2,2022
Allen Lazard,Justin is Brown,WR,GB,Bench,11.4,9.3,2,2022
Brandon Aiyuk,Justin is Brown,WR,SF,Bench,10.7,11.3,2,2022
George Pickens,Justin is Brown,WR,PIT,Bench,8.8,3.3,2,2022
Hayden Hurst,Justin is Brown,TE,CIN,Bench,7.8,7.4,2,2022
Julio Jones,Justin is Brown,WR,TB,Bench,0,0,2,2022
Rashaad Penny,Justin is Brown,RB,SEA,Bench,12.2,1.5,2,2022
Bills,Justin is Brown,D/ST,BUF,D/ST,6.1,22,2,2022
CeeDee Lamb,Justin is Brown,WR,DAL,FLEX,13.7,15.1,2,2022
Daniel Carlson,Justin is Brown,K,LV,K,8.5,13,2,2022
Justin Herbert,Justin is Brown,QB,LAC,QB,21.4,23.46,2,2022
Austin Ekeler,Justin is Brown,RB,LAC,RB,18.8,18.4,2,2022
Javonte Williams,Justin is Brown,RB,DEN,RB,16,9.5,2,2022
Zach Ertz,Justin is Brown,TE,ARI,TE,8.9,15.5,2,2022
A.J. Brown,Justin is Brown,WR,PHI,WR,15,11.9,2,2022
Amon-Ra St. Brown,Justin is Brown,WR,DET,WR,13.5,39.4,2,2022
Garrett Wilson,My Boy,WR,NYJ,Bench,8.1,30,2,2022
James Robinson,My Boy,RB,JAX,Bench,11.4,15.8,2,2022
Melvin Gordon III,My Boy,RB,DEN,Bench,11.4,6.3,2,2022
Miles Sanders,My Boy,RB,PHI,Bench,13.4,11.6,2,2022
Ravens,My Boy,D/ST,BAL,Bench,5.9,2,2,2022
Rhamondre Stevenson,My Boy,RB,NE,Bench,10.6,6.1,2,2022
Trey Lance,My Boy,QB,SF,Bench,18,2.5,2,2022
Broncos,My Boy,D/ST,DEN,D/ST,7.2,8,2,2022
Mike Evans,My Boy,WR,TB,FLEX,13.8,9.1,2,2022
Graham Gano,My Boy,K,NYG,K,8,17,2,2022
Kyler Murray,My Boy,QB,ARI,QB,20.1,25.88,2,2022
Antonio Gibson,My Boy,RB,WSH,RB,16.2,12.1,2,2022
Dalvin Cook,My Boy,RB,MIN,RB,18,7.6,2,2022
Dalton Schultz,My Boy,TE,DAL,TE,10.1,1.8,2,2022
Ja'Marr Chase,My Boy,WR,CIN,WR,16.8,10.8,2,2022
Jaylen Waddle,My Boy,WR,MIA,WR,13.2,40.1,2,2022
Alexander Mattison,Najee Germany,RB,MIN,Bench,4.8,4.4,2,2022
Clyde Edwards-Helaire,Najee Germany,RB,KC,Bench,12.2,15.8,2,2022
DeAndre Hopkins,Najee Germany,WR,ARI,Bench,0,0,2,2022
Hunter Henry,Najee Germany,TE,NE,Bench,7.9,0,2,2022
James Cook,Najee Germany,RB,BUF,Bench,1.5,5.3,2,2022
Jeff Wilson Jr.,Najee Germany,RB,SF,Bench,11.5,12.3,2,2022
Tyler Boyd,Najee Germany,WR,CIN,Bench,8.1,5.7,2,2022
Bengals,Najee Germany,D/ST,CIN,D/ST,7.6,3,2,2022
Michael Thomas,Najee Germany,WR,NO,FLEX,12.3,18.5,2,2022
Tyler Bass,Najee Germany,K,BUF,K,8.2,12,2,2022
Russell Wilson,Najee Germany,QB,DEN,QB,20.1,11.06,2,2022
D'Andre Swift,Najee Germany,RB,DET,RB,15.6,16.7,2,2022
Saquon Barkley,Najee Germany,RB,NYG,RB,17.3,11.8,2,2022
Darren Waller,Najee Germany,TE,LV,TE,11.5,17,2,2022
DK Metcalf,Najee Germany,WR,SEA,WR,13,7.5,2,2022
JuJu Smith-Schuster,Najee Germany,WR,KC,WR,13.4,4,2,2022
Jahan Dotson,PEDeAndre Hopkins,WR,WSH,Bench,8.8,17.9,2,2022
KaVontae Turpin,PEDeAndre Hopkins,WR,DAL,Bench,2,0.3,2,2022
Odell Beckham Jr.,PEDeAndre Hopkins,WR,FA,Bench,0,0,2,2022
Patrick Mahomes,PEDeAndre Hopkins,QB,KC,Bench,22.3,17.3,2,2022
Tony Pollard,PEDeAndre Hopkins,RB,DAL,Bench,9.2,19.8,2,2022
Tyler Lockett,PEDeAndre Hopkins,WR,SEA,Bench,10.5,19.7,2,2022
Patriots,PEDeAndre Hopkins,D/ST,NE,D/ST,6.4,10,2,2022
Michael Carter,PEDeAndre Hopkins,RB,NYJ,FLEX,13.4,10,2,2022
Dontrell Hilliard,PEDeAndre Hopkins,RB,TEN,IR,0,0,2,2022
Evan McPherson,PEDeAndre Hopkins,K,CIN,K,8.4,13,2,2022
Josh Allen,PEDeAndre Hopkins,QB,BUF,QB,24.4,29.68,2,2022
Cordarrelle Patterson,PEDeAndre Hopkins,RB,ATL,RB,12.9,4.1,2,2022
Leonard Fournette,PEDeAndre Hopkins,RB,TB,RB,17.3,9.4,2,2022
Travis Kelce,PEDeAndre Hopkins,TE,KC,TE,16,10.1,2,2022
Cooper Kupp,PEDeAndre Hopkins,WR,LAR,WR,20.2,31.8,2,2022
Darnell Mooney,PEDeAndre Hopkins,WR,CHI,WR,11.6,0.6,2,2022
Chris Olave,Scammer got Scammed,WR,NO,Bench,8.5,11,2,2022
Damien Harris,Scammer got Scammed,RB,NE,Bench,11.1,16.7,2,2022
Hunter Renfrow,Scammer got Scammed,WR,LV,Bench,11.7,10.9,2,2022
Jakobi Meyers,Scammer got Scammed,WR,NE,Bench,11.1,18.5,2,2022
Raheem Mostert,Scammer got Scammed,RB,MIA,Bench,8.4,10.9,2,2022
Robbie Anderson,Scammer got Scammed,WR,CAR,Bench,11.2,4.2,2,2022
Rondale Moore,Scammer got Scammed,WR,ARI,Bench,0,0,2,2022
Browns,Scammer got Scammed,D/ST,CLE,D/ST,6.9,0,2,2022
Nick Chubb,Scammer got Scammed,RB,CLE,FLEX,14.9,32.3,2,2022
Justin Tucker,Scammer got Scammed,K,BAL,K,8.7,10,2,2022
Derek Carr,Scammer got Scammed,QB,LV,QB,17.6,18.98,2,2022
David Montgomery,Scammer got Scammed,RB,CHI,RB,13.4,15.6,2,2022
Derrick Henry,Scammer got Scammed,RB,TEN,RB,17,8.5,2,2022
T.J. Hockenson,Scammer got Scammed,TE,DET,TE,10.5,5.6,2,2022
Terry McLaurin,Scammer got Scammed,WR,WSH,WR,14.3,12.2,2,2022
Tyreek Hill,Scammer got Scammed,WR,MIA,WR,17,42,2,2022
Amari Cooper,Silence D at work,WR,CLE,Bench,10.8,25.1,2,2022
Chase Claypool,Silence D at work,WR,PIT,Bench,11.9,6.6,2,2022
Devin Singletary,Silence D at work,RB,BUF,Bench,11.3,4.1,2,2022
George Kittle,Silence D at work,TE,SF,Bench,0,0,2,2022
Isiah Pacheco,Silence D at work,RB,KC,Bench,2.5,0.6,2,2022
Nyheim Hines,Silence D at work,RB,IND,Bench,9.6,7.7,2,2022
49ers,Silence D at work,D/ST,SF,D/ST,7,13,2,2022
Elijah Moore,Silence D at work,WR,NYJ,FLEX,11.3,6.5,2,2022
Keenan Allen,Silence D at work,WR,LAC,IR,0,0,2,2022
Nick Folk,Silence D at work,K,NE,K,8,4,2,2022
Jalen Hurts,Silence D at work,QB,PHI,QB,22,33.02,2,2022
James Conner,Silence D at work,RB,ARI,RB,17.5,7.1,2,2022
Jonathan Taylor,Silence D at work,RB,IND,RB,21.7,7.3,2,2022
Tyler Higbee,Silence D at work,TE,LAR,TE,9.1,14.1,2,2022
Courtland Sutton,Silence D at work,WR,DEN,WR,13,19.7,2,2022
Rashod Bateman,Silence D at work,WR,BAL,WR,11.3,20.8,2,2022
AJ Dillon,The DakStreet Boys,RB,GB,Bench,12.4,7.7,2,2022
Allen Robinson II,The DakStreet Boys,WR,LAR,Bench,11.7,15.3,2,2022
Cam Akers,The DakStreet Boys,RB,LAR,Bench,8.1,8.2,2,2022
Christian Kirk,The DakStreet Boys,WR,JAX,Bench,12.6,25.8,2,2022
Dak Prescott,The DakStreet Boys,QB,DAL,Bench,0,0,2,2022
Jarvis Landry,The DakStreet Boys,WR,NO,Bench,10.6,6.5,2,2022
Mecole Hardman,The DakStreet Boys,WR,KC,Bench,11.2,7.5,2,2022
Packers,The DakStreet Boys,D/ST,GB,D/ST,9.1,10,2,2022
Mike Williams,The DakStreet Boys,WR,LAC,FLEX,14.4,25.3,2,2022
Matt Gay,The DakStreet Boys,K,LAR,K,9,7,2,2022
Carson Wentz,The DakStreet Boys,QB,WSH,QB,18.3,27.78,2,2022
Ezekiel Elliott,The DakStreet Boys,RB,DAL,RB,13.3,5.9,2,2022
Joe Mixon,The DakStreet Boys,RB,CIN,RB,16.6,11.3,2,2022
Gerald Everett,The DakStreet Boys,TE,LAC,TE,7.9,13.1,2,2022
Diontae Johnson,The DakStreet Boys,WR,PIT,WR,13.9,13.7,2,2022
Justin Jefferson,The DakStreet Boys,WR,MIN,WR,19.7,10.8,2,2022
Aaron Rodgers,Dave Sucks,QB,GB,Bench,16.2,16.1,3,2022
Breece Hall,Dave Sucks,RB,NYJ,Bench,8.4,15.2,3,2022
Josh Jacobs,Dave Sucks,RB,LV,Bench,11.7,14.7,3,2022
Kadarius Toney,Dave Sucks,WR,NYG,Bench,0,0,3,2022
Marquise Brown,Dave Sucks,WR,ARI,Bench,13.5,28,3,2022
Matthew Stafford,Dave Sucks,QB,LAR,Bench,18.7,10.16,3,2022
Russell Gage,Dave Sucks,WR,TB,Bench,12.3,24.7,3,2022
Colts,Dave Sucks,D/ST,IND,D/ST,1.9,6,3,2022
DJ Moore,Dave Sucks,WR,CAR,FLEX,13.3,2.5,3,2022
Matt Prater,Dave Sucks,K,ARI,K,8.3,14,3,2022
Lamar Jackson,Dave Sucks,QB,BAL,QB,23.2,39.42,3,2022
J.K. Dobbins,Dave Sucks,RB,BAL,RB,10.8,6,3,2022
Najee Harris,Dave Sucks,RB,PIT,RB,15.8,13.1,3,2022
Pat Freiermuth,Dave Sucks,TE,PIT,TE,11.6,6.1,3,2022
Stefon Diggs,Dave Sucks,WR,BUF,WR,18.9,14.4,3,2022
Tee Higgins,Dave Sucks,WR,CIN,WR,13.8,14.3,3,2022
DJ Chark,Dylan ate my Fantasy Points,WR,DET,Bench,10.8,7.6,3,2022
J.D. McKissic,Dylan ate my Fantasy Points,RB,WSH,Bench,9.2,10,3,2022
Jerry Jeudy,Dylan ate my Fantasy Points,WR,DEN,Bench,11.9,3.7,3,2022
Kareem Hunt,Dylan ate my Fantasy Points,RB,CLE,Bench,11,9.1,3,2022
Rashaad Penny,Dylan ate my Fantasy Points,RB,SEA,Bench,11.2,7.9,3,2022
Sterling Shepard,Dylan ate my Fantasy Points,WR,NYG,Bench,11.3,9.9,3,2022
Treylon Burks,Dylan ate my Fantasy Points,WR,TEN,Bench,10.9,3.1,3,2022
Steelers,Dylan ate my Fantasy Points,D/ST,PIT,D/ST,6.3,1,3,2022
Drake London,Dylan ate my Fantasy Points,WR,ATL,FLEX,13.3,14.4,3,2022
Elijah Mitchell,Dylan ate my Fantasy Points,RB,SF,IR,0,0,3,2022
Brandon McManus,Dylan ate my Fantasy Points,K,DEN,K,8.3,4,3,2022
Tom Brady,Dylan ate my Fantasy Points,QB,TB,QB,17.9,14.74,3,2022
Aaron Jones,Dylan ate my Fantasy Points,RB,GB,RB,13.8,5.7,3,2022
Alvin Kamara,Dylan ate my Fantasy Points,RB,NO,RB,18.2,7.3,3,2022
Zach Ertz,Dylan ate my Fantasy Points,TE,ARI,TE,10.1,10.5,3,2022
CeeDee Lamb,Dylan ate my Fantasy Points,WR,DAL,WR,13.3,22.7,3,2022
Davante Adams,Dylan ate my Fantasy Points,WR,LV,WR,19.6,14.2,3,2022
Chase Edmonds,Justin Jefferson,RB,MIA,Bench,11.4,15.7,3,2022
Curtis Samuel,Justin Jefferson,WR,WSH,Bench,12.8,13.1,3,2022
Darrell Henderson Jr.,Justin Jefferson,RB,LAR,Bench,10.7,1.7,3,2022
DeVonta Smith,Justin Jefferson,WR,PHI,Bench,11.4,30.9,3,2022
Kirk Cousins,Justin Jefferson,QB,MIN,Bench,18.4,18.3,3,2022
Rams,Justin Jefferson,D/ST,LAR,Bench,4.1,4,3,2022
Rex Burkhead,Justin Jefferson,RB,HOU,Bench,9.6,7,3,2022
Buccaneers,Justin Jefferson,D/ST,TB,D/ST,6.4,6,3,2022
Gabe Davis,Justin Jefferson,WR,BUF,FLEX,13.7,6.7,3,2022
Chris Godwin,Justin Jefferson,WR,TB,IR,0,0,3,2022
Jake Elliott,Justin Jefferson,K,PHI,K,7.9,6,3,2022
Joe Burrow,Justin Jefferson,QB,CIN,QB,18.4,23,3,2022
Christian McCaffrey,Justin Jefferson,RB,CAR,RB,21.2,13.5,3,2022
Dameon Pierce,Justin Jefferson,RB,HOU,RB,11.8,18.1,3,2022
Mark Andrews,Justin Jefferson,TE,BAL,TE,15.7,28.9,3,2022
Deebo Samuel,Justin Jefferson,WR,SF,WR,17.7,12.9,3,2022
Michael Pittman Jr.,Justin Jefferson,WR,IND,WR,15.2,15.2,3,2022
Adam Thielen,Justin is Brown,WR,MIN,Bench,11,18.1,3,2022
Allen Lazard,Justin is Brown,WR,GB,Bench,10.9,14.5,3,2022
Brandon Aiyuk,Justin is Brown,WR,SF,Bench,11.6,12.9,3,2022
George Pickens,Justin is Brown,WR,PIT,Bench,7,6.9,3,2022
Julio Jones,Justin is Brown,WR,TB,Bench,0,0,3,2022
Marcus Mariota,Justin is Brown,QB,ATL,Bench,17,15.56,3,2022
Travis Etienne Jr.,Justin is Brown,RB,JAX,Bench,9.9,10.5,3,2022
Bills,Justin is Brown,D/ST,BUF,D/ST,4.6,6,3,2022
Brandin Cooks,Justin is Brown,WR,HOU,FLEX,14.7,4.2,3,2022
Daniel Carlson,Justin is Brown,K,LV,K,8.2,10,3,2022
Justin Herbert,Justin is Brown,QB,LAC,QB,20.2,12.58,3,2022
Austin Ekeler,Justin is Brown,RB,LAC,RB,18.8,13.3,3,2022
Javonte Williams,Justin is Brown,RB,DEN,RB,14.5,9,3,2022
Kyle Pitts,Justin is Brown,TE,ATL,TE,9.7,13.7,3,2022
A.J. Brown,Justin is Brown,WR,PHI,WR,16.3,19.5,3,2022
Amon-Ra St. Brown,Justin is Brown,WR,DET,WR,17.7,13.3,3,2022
Broncos,My Boy,D/ST,DEN,Bench,5.6,17,3,2022
Dalton Schultz,My Boy,TE,DAL,Bench,0,0,3,2022
Garrett Wilson,My Boy,WR,NYJ,Bench,12.7,12,3,2022
James Robinson,My Boy,RB,JAX,Bench,12,20.6,3,2022
Melvin Gordon III,My Boy,RB,DEN,Bench,9.3,16.5,3,2022
Mike Evans,My Boy,WR,TB,Bench,0,0,3,2022
Rhamondre Stevenson,My Boy,RB,NE,Bench,10.3,20.1,3,2022
Texans,My Boy,D/ST,HOU,D/ST,7.7,8,3,2022
Miles Sanders,My Boy,RB,PHI,FLEX,13.6,5.4,3,2022
Graham Gano,My Boy,K,NYG,K,7.9,14,3,2022
Kyler Murray,My Boy,QB,ARI,QB,20.2,13.36,3,2022
Antonio Gibson,My Boy,RB,WSH,RB,14.6,11,3,2022
Dalvin Cook,My Boy,RB,MIN,RB,18.2,13.6,3,2022
Evan Engram,My Boy,TE,JAX,TE,8.5,3.9,3,2022
Ja'Marr Chase,My Boy,WR,CIN,WR,18.1,12.7,3,2022
Jaylen Waddle,My Boy,WR,MIA,WR,16.7,15.1,3,2022
Alexander Mattison,Najee Germany,RB,MIN,Bench,5.8,11.4,3,2022
Clyde Edwards-Helaire,Najee Germany,RB,KC,Bench,11.8,14.9,3,2022
DeAndre Hopkins,Najee Germany,WR,ARI,Bench,0,0,3,2022
Hunter Henry,Najee Germany,TE,NE,Bench,7.7,1.8,3,2022
Jeff Wilson Jr.,Najee Germany,RB,SF,Bench,12.1,11.6,3,2022
Tua Tagovailoa,Najee Germany,QB,MIA,Bench,17.7,11.44,3,2022
Tyler Boyd,Najee Germany,WR,CIN,Bench,7,20.5,3,2022
Saints,Najee Germany,D/ST,NO,D/ST,6.8,6,3,2022
Michael Thomas,Najee Germany,WR,NO,FLEX,13.8,9.9,3,2022
Tyler Bass,Najee Germany,K,BUF,K,7.9,4,3,2022
Russell Wilson,Najee Germany,QB,DEN,QB,17.8,9.06,3,2022
D'Andre Swift,Najee Germany,RB,DET,RB,16.5,7.6,3,2022
Saquon Barkley,Najee Germany,RB,NYG,RB,17.9,22.6,3,2022
Darren Waller,Najee Germany,TE,LV,TE,13.6,5.2,3,2022
DK Metcalf,Najee Germany,WR,SEA,WR,12.8,17.4,3,2022
JuJu Smith-Schuster,Najee Germany,WR,KC,WR,11.3,13.9,3,2022
Dallas Goedert,PEDeAndre Hopkins,TE,PHI,Bench,9.7,11.6,3,2022
Darnell Mooney,PEDeAndre Hopkins,WR,CHI,Bench,9.7,4.3,3,2022
Jamaal Williams,PEDeAndre Hopkins,RB,DET,Bench,8.1,24.7,3,2022
Michael Carter,PEDeAndre Hopkins,RB,NYJ,Bench,13.2,5.6,3,2022
Nelson Agholor,PEDeAndre Hopkins,WR,NE,Bench,11,4.1,3,2022
Patrick Mahomes,PEDeAndre Hopkins,QB,KC,Bench,22.4,17.08,3,2022
Tony Pollard,PEDeAndre Hopkins,RB,DAL,Bench,11.5,10.5,3,2022
Panthers,PEDeAndre Hopkins,D/ST,CAR,D/ST,7.5,13,3,2022
Jahan Dotson,PEDeAndre Hopkins,WR,WSH,FLEX,9.7,3,3,2022
Evan McPherson,PEDeAndre Hopkins,K,CIN,K,8.2,9,3,2022
Josh Allen,PEDeAndre Hopkins,QB,BUF,QB,24.2,26.7,3,2022
Cordarrelle Patterson,PEDeAndre Hopkins,RB,ATL,RB,12,22.3,3,2022
Leonard Fournette,PEDeAndre Hopkins,RB,TB,RB,17.6,12,3,2022
Travis Kelce,PEDeAndre Hopkins,TE,KC,TE,16.1,17.9,3,2022
Cooper Kupp,PEDeAndre Hopkins,WR,LAR,WR,21.7,16.4,3,2022
Tyler Lockett,PEDeAndre Hopkins,WR,SEA,WR,12.4,16.6,3,2022
Chris Olave,Scammer got Scammed,WR,NO,Bench,9.4,23.7,3,2022
Damien Harris,Scammer got Scammed,RB,NE,Bench,12,12.6,3,2022
Hunter Renfrow,Scammer got Scammed,WR,LV,Bench,0,0,3,2022
Jakobi Meyers,Scammer got Scammed,WR,NE,Bench,0,0,3,2022
Raheem Mostert,Scammer got Scammed,RB,MIA,Bench,8.9,1.1,3,2022
Robbie Anderson,Scammer got Scammed,WR,CAR,Bench,10.6,2.4,3,2022
Rondale Moore,Scammer got Scammed,WR,ARI,Bench,0,0,3,2022
Browns,Scammer got Scammed,D/ST,CLE,D/ST,7.3,10,3,2022
Nick Chubb,Scammer got Scammed,RB,CLE,FLEX,14.8,17.3,3,2022
Justin Tucker,Scammer got Scammed,K,BAL,K,8.3,9,3,2022
Derek Carr,Scammer got Scammed,QB,LV,QB,17.9,19.82,3,2022
David Montgomery,Scammer got Scammed,RB,CHI,RB,15.3,1.1,3,2022
Derrick Henry,Scammer got Scammed,RB,TEN,RB,17.4,25.3,3,2022
T.J. Hockenson,Scammer got Scammed,TE,DET,TE,11.4,10.8,3,2022
Terry McLaurin,Scammer got Scammed,WR,WSH,WR,13.3,16.2,3,2022
Tyreek Hill,Scammer got Scammed,WR,MIA,WR,19.7,5.3,3,2022
Amari Cooper,Silence D at work,WR,CLE,Bench,11.4,23.1,3,2022
Chase Claypool,Silence D at work,WR,PIT,Bench,11.4,7.6,3,2022
Elijah Moore,Silence D at work,WR,NYJ,Bench,11.3,8.9,3,2022
Isiah Pacheco,Silence D at work,RB,KC,Bench,2.3,0.9,3,2022
James Conner,Silence D at work,RB,ARI,Bench,14.8,8.7,3,2022
Keenan Allen,Silence D at work,WR,LAC,Bench,0,0,3,2022
Nyheim Hines,Silence D at work,RB,IND,Bench,9.1,8,3,2022
49ers,Silence D at work,D/ST,SF,D/ST,4.8,9,3,2022
Rashod Bateman,Silence D at work,WR,BAL,FLEX,12.4,5.9,3,2022
Nick Folk,Silence D at work,K,NE,K,8.3,10,3,2022
Jalen Hurts,Silence D at work,QB,PHI,QB,23.9,27.6,3,2022
Devin Singletary,Silence D at work,RB,BUF,RB,11.2,24.1,3,2022
Jonathan Taylor,Silence D at work,RB,IND,RB,19.7,12.1,3,2022
George Kittle,Silence D at work,TE,SF,TE,12.6,6.8,3,2022
Courtland Sutton,Silence D at work,WR,DEN,WR,13.5,17.7,3,2022
Zay Jones,Silence D at work,WR,JAX,WR,10.4,24.5,3,2022
AJ Dillon,The DakStreet Boys,RB,GB,Bench,12.6,5.8,3,2022
Allen Robinson II,The DakStreet Boys,WR,LAR,Bench,11.5,4.3,3,2022
Cam Akers,The DakStreet Boys,RB,LAR,Bench,10.8,10.1,3,2022
Dak Prescott,The DakStreet Boys,QB,DAL,Bench,0,0,3,2022
Diontae Johnson,The DakStreet Boys,WR,PIT,Bench,13.7,16.4,3,2022
Jarvis Landry,The DakStreet Boys,WR,NO,Bench,8.6,4.2,3,2022
Mecole Hardman,The DakStreet Boys,WR,KC,Bench,11.3,1.2,3,2022
Cowboys,The DakStreet Boys,D/ST,DAL,D/ST,7.3,10,3,2022
Mike Williams,The DakStreet Boys,WR,LAC,FLEX,14.4,8.5,3,2022
Matt Gay,The DakStreet Boys,K,LAR,K,8.5,9,3,2022
Carson Wentz,The DakStreet Boys,QB,WSH,QB,16.9,8.64,3,2022
Ezekiel Elliott,The DakStreet Boys,RB,DAL,RB,13.8,14.5,3,2022
Joe Mixon,The DakStreet Boys,RB,CIN,RB,17.9,6.8,3,2022
Gerald Everett,The DakStreet Boys,TE,LAC,TE,9.5,4.5,3,2022
Christian Kirk,The DakStreet Boys,WR,JAX,WR,14,19.2,3,2022
Justin Jefferson,The DakStreet Boys,WR,MIN,WR,20.1,4.4,3,2022
Aaron Rodgers,Dave Sucks,QB,GB,Bench,16.8,16.14,4,2022
Adam Thielen,Dave Sucks,WR,MIN,Bench,10.3,15.2,4,2022
J.K. Dobbins,Dave Sucks,RB,BAL,Bench,10.5,22.3,4,2022
Kadarius Toney,Dave Sucks,WR,NYG,Bench,0,0,4,2022
Matthew Stafford,Dave Sucks,QB,LAR,Bench,16.3,6.76,4,2022
Russell Gage,Dave Sucks,WR,TB,Bench,7.7,4.4,4,2022
Travis Etienne Jr.,Dave Sucks,RB,JAX,Bench,9.7,3.2,4,2022
Colts,Dave Sucks,D/ST,IND,D/ST,6.8,5,4,2022
DJ Moore,Dave Sucks,WR,CAR,FLEX,13.5,12.1,4,2022
Matt Prater,Dave Sucks,K,ARI,K,7.6,8,4,2022
Lamar Jackson,Dave Sucks,QB,BAL,QB,23.1,13.06,4,2022
Austin Ekeler,Dave Sucks,RB,LAC,RB,17.8,34.9,4,2022
Josh Jacobs,Dave Sucks,RB,LV,RB,13.2,34.5,4,2022
Pat Freiermuth,Dave Sucks,TE,PIT,TE,10.3,15.5,4,2022
A.J. Brown,Dave Sucks,WR,PHI,WR,17.4,14.5,4,2022
Stefon Diggs,Dave Sucks,WR,BUF,WR,20.7,10.2,4,2022
D'Andre Swift,Dylan ate my Fantasy Points,RB,DET,Bench,0,0,4,2022
Greg Dortch,Dylan ate my Fantasy Points,WR,ARI,Bench,10.6,1.6,4,2022
J.D. McKissic,Dylan ate my Fantasy Points,RB,WSH,Bench,9.2,8.6,4,2022
Jerry Jeudy,Dylan ate my Fantasy Points,WR,DEN,Bench,11.8,15.3,4,2022
Rashaad Penny,Dylan ate my Fantasy Points,RB,SEA,Bench,11,28.7,4,2022
Romeo Doubs,Dylan ate my Fantasy Points,WR,GB,Bench,11,13.7,4,2022
Treylon Burks,Dylan ate my Fantasy Points,WR,TEN,Bench,10,3.8,4,2022
Steelers,Dylan ate my Fantasy Points,D/ST,PIT,D/ST,6.7,5,4,2022
DK Metcalf,Dylan ate my Fantasy Points,WR,SEA,FLEX,12.9,21.9,4,2022
Elijah Mitchell,Dylan ate my Fantasy Points,RB,SF,IR,0,0,4,2022
Brandon McManus,Dylan ate my Fantasy Points,K,DEN,K,7.7,5,4,2022
Trevor Lawrence,Dylan ate my Fantasy Points,QB,JAX,QB,16.8,5.66,4,2022
Aaron Jones,Dylan ate my Fantasy Points,RB,GB,RB,14.7,14.5,4,2022
Alvin Kamara,Dylan ate my Fantasy Points,RB,NO,RB,0,0,4,2022
Zach Ertz,Dylan ate my Fantasy Points,TE,ARI,TE,10.4,16.7,4,2022
CeeDee Lamb,Dylan ate my Fantasy Points,WR,DAL,WR,16.2,21.7,4,2022
Drake London,Dylan ate my Fantasy Points,WR,ATL,WR,14.2,3.7,4,2022
Buccaneers,Justin Jefferson,D/ST,TB,Bench,3,-1,4,2022
Chase Edmonds,Justin Jefferson,RB,MIA,Bench,11.2,10,4,2022
Dameon Pierce,Justin Jefferson,RB,HOU,Bench,12.5,25.9,4,2022
Darrell Henderson Jr.,Justin Jefferson,RB,LAR,Bench,8,6.9,4,2022
DeVonta Smith,Justin Jefferson,WR,PHI,Bench,13.8,4.7,4,2022
Kirk Cousins,Justin Jefferson,QB,MIN,Bench,15.6,12.92,4,2022
Rex Burkhead,Justin Jefferson,RB,HOU,Bench,9,14.9,4,2022
Giants,Justin Jefferson,D/ST,NYG,D/ST,7.7,15,4,2022
Gabe Davis,Justin Jefferson,WR,BUF,FLEX,12.8,2.3,4,2022
Chris Godwin,Justin Jefferson,WR,TB,IR,11.5,12.9,4,2022
Jake Elliott,Justin Jefferson,K,PHI,K,8,5,4,2022
Joe Burrow,Justin Jefferson,QB,CIN,QB,18.4,20.08,4,2022
Christian McCaffrey,Justin Jefferson,RB,CAR,RB,22,25.8,4,2022
Leonard Fournette,Justin Jefferson,RB,TB,RB,17.5,18.4,4,2022
Mark Andrews,Justin Jefferson,TE,BAL,TE,16.7,3.5,4,2022
Curtis Samuel,Justin Jefferson,WR,WSH,WR,14.3,7.8,4,2022
Michael Pittman Jr.,Justin Jefferson,WR,IND,WR,15,6.1,4,2022
Allen Lazard,Justin is Brown,WR,GB,Bench,11.2,17.6,4,2022
Amon-Ra St. Brown,Justin is Brown,WR,DET,Bench,0,0,4,2022
Bills,Justin is Brown,D/ST,BUF,Bench,3.8,8,4,2022
Brandon Aiyuk,Justin is Brown,WR,SF,Bench,12.4,7.7,4,2022
Julio Jones,Justin is Brown,WR,TB,Bench,10,1.7,4,2022
Marcus Mariota,Justin is Brown,QB,ATL,Bench,17.8,3.86,4,2022
Michael Carter,Justin is Brown,RB,NYJ,Bench,11.4,4.9,4,2022
Chargers,Justin is Brown,D/ST,LAC,D/ST,7.4,8,4,2022
Marquise Brown,Justin is Brown,WR,ARI,FLEX,14.7,20.8,4,2022
Daniel Carlson,Justin is Brown,K,LV,K,8.1,14,4,2022
Patrick Mahomes,Justin is Brown,QB,KC,QB,20.6,23.36,4,2022
Javonte Williams,Justin is Brown,RB,DEN,RB,15.1,3.7,4,2022
Najee Harris,Justin is Brown,RB,PIT,RB,16.1,7.4,4,2022
Kyle Pitts,Justin is Brown,TE,ATL,TE,11.4,3.5,4,2022
Brandin Cooks,Justin is Brown,WR,HOU,WR,14.2,18.7,4,2022
Tee Higgins,Justin is Brown,WR,CIN,WR,14.6,25.4,4,2022
Antonio Gibson,My Boy,RB,WSH,Bench,13.5,9.3,4,2022
Dalton Schultz,My Boy,TE,DAL,Bench,8.9,0,4,2022
Evan Engram,My Boy,TE,JAX,Bench,8.1,2.6,4,2022
Garrett Wilson,My Boy,WR,NYJ,Bench,13.3,6.1,4,2022
Melvin Gordon III,My Boy,RB,DEN,Bench,10.4,-1.2,4,2022
Miles Sanders,My Boy,RB,PHI,Bench,12.6,29.6,4,2022
Rhamondre Stevenson,My Boy,RB,NE,Bench,11.8,12.9,4,2022
Broncos,My Boy,D/ST,DEN,D/ST,5.9,1,4,2022
Mike Evans,My Boy,WR,TB,FLEX,15.1,30.3,4,2022
Graham Gano,My Boy,K,NYG,K,9.5,9,4,2022
Kyler Murray,My Boy,QB,ARI,QB,18.2,22.88,4,2022
Dalvin Cook,My Boy,RB,MIN,RB,15.4,10.6,4,2022
James Robinson,My Boy,RB,JAX,RB,13.7,2.9,4,2022
Tyler Higbee,My Boy,TE,LAR,TE,10.9,17.3,4,2022
Ja'Marr Chase,My Boy,WR,CIN,WR,19.5,12.1,4,2022
Jaylen Waddle,My Boy,WR,MIA,WR,18.3,5.9,4,2022
Alexander Mattison,Najee Germany,RB,MIN,Bench,5.2,8.8,4,2022
David Njoku,Najee Germany,TE,CLE,Bench,9.9,9.7,4,2022
Hunter Henry,Najee Germany,TE,NE,Bench,4.2,3.3,4,2022
Kareem Hunt,Najee Germany,RB,CLE,Bench,12.1,8.8,4,2022
Marquez Valdes-Scantling,Najee Germany,WR,KC,Bench,11.3,9.3,4,2022
Russell Wilson,Najee Germany,QB,DEN,Bench,18,27.48,4,2022
Saints,Najee Germany,D/ST,NO,Bench,5.3,4,4,2022
Packers,Najee Germany,D/ST,GB,D/ST,8,8,4,2022
Amari Cooper,Najee Germany,WR,CLE,FLEX,14.3,1.9,4,2022
Younghoe Koo,Najee Germany,K,ATL,K,8.5,12,4,2022
Justin Herbert,Najee Germany,QB,LAC,QB,19.5,21.1,4,2022
Jeff Wilson Jr.,Najee Germany,RB,SF,RB,14.7,13.4,4,2022
Jonathan Taylor,Najee Germany,RB,IND,RB,21.2,3.3,4,2022
Darren Waller,Najee Germany,TE,LV,TE,11.8,5.4,4,2022
Courtland Sutton,Najee Germany,WR,DEN,WR,15.4,16.2,4,2022
Davante Adams,Najee Germany,WR,LV,WR,17.1,19.5,4,2022
Dallas Goedert,PEDeAndre Hopkins,TE,PHI,Bench,9.6,12.2,4,2022
Darnell Mooney,PEDeAndre Hopkins,WR,CHI,Bench,8.3,13.4,4,2022
DeAndre Hopkins,PEDeAndre Hopkins,WR,ARI,Bench,0,0,4,2022
Jahan Dotson,PEDeAndre Hopkins,WR,WSH,Bench,9.4,13.3,4,2022
Tony Pollard,PEDeAndre Hopkins,RB,DAL,Bench,11.5,1.8,4,2022
Tyler Conklin,PEDeAndre Hopkins,TE,NYJ,Bench,8.7,8.2,4,2022
Tyler Lockett,PEDeAndre Hopkins,WR,SEA,Bench,13.4,13.1,4,2022
Eagles,PEDeAndre Hopkins,D/ST,PHI,D/ST,5.5,17,4,2022
Jamaal Williams,PEDeAndre Hopkins,RB,DET,FLEX,14.1,23.9,4,2022
Evan McPherson,PEDeAndre Hopkins,K,CIN,K,8.1,11,4,2022
Josh Allen,PEDeAndre Hopkins,QB,BUF,QB,25.1,23.52,4,2022
Breece Hall,PEDeAndre Hopkins,RB,NYJ,RB,12.2,15.8,4,2022
Cordarrelle Patterson,PEDeAndre Hopkins,RB,ATL,RB,13.2,9.8,4,2022
Travis Kelce,PEDeAndre Hopkins,TE,KC,TE,16.6,24.2,4,2022
Cooper Kupp,PEDeAndre Hopkins,WR,LAR,WR,20.4,26.2,4,2022
Deebo Samuel,PEDeAndre Hopkins,WR,SF,WR,18.8,23.7,4,2022
Damien Harris,Scammer got Scammed,RB,NE,Bench,11.2,15.4,4,2022
David Montgomery,Scammer got Scammed,RB,CHI,Bench,0,0,4,2022
Hunter Renfrow,Scammer got Scammed,WR,LV,Bench,0,0,4,2022
Khalil Herbert,Scammer got Scammed,RB,CHI,Bench,14.8,11.1,4,2022
Raheem Mostert,Scammer got Scammed,RB,MIA,Bench,9.4,10.1,4,2022
Robbie Anderson,Scammer got Scammed,WR,CAR,Bench,10.2,5.6,4,2022
Rondale Moore,Scammer got Scammed,WR,ARI,Bench,7,3.7,4,2022
Browns,Scammer got Scammed,D/ST,CLE,D/ST,6.4,3,4,2022
Chris Olave,Scammer got Scammed,WR,NO,FLEX,12.1,16.7,4,2022
Justin Tucker,Scammer got Scammed,K,BAL,K,8,11,4,2022
Derek Carr,Scammer got Scammed,QB,LV,QB,16.1,11.52,4,2022
Derrick Henry,Scammer got Scammed,RB,TEN,RB,16.4,23.7,4,2022
Nick Chubb,Scammer got Scammed,RB,CLE,RB,16.4,20.7,4,2022
T.J. Hockenson,Scammer got Scammed,TE,DET,TE,10.8,39.9,4,2022
Terry McLaurin,Scammer got Scammed,WR,WSH,WR,13.7,3.5,4,2022
Tyreek Hill,Scammer got Scammed,WR,MIA,WR,19.5,25.9,4,2022
Chase Claypool,Silence D at work,WR,PIT,Bench,11.5,0,4,2022
Clyde Edwards-Helaire,Silence D at work,RB,KC,Bench,11.9,22.4,4,2022
Elijah Moore,Silence D at work,WR,NYJ,Bench,11.3,8.5,4,2022
Keenan Allen,Silence D at work,WR,LAC,Bench,0,0,4,2022
Michael Thomas,Silence D at work,WR,NO,Bench,0,0,4,2022
Tyler Boyd,Silence D at work,WR,CIN,Bench,7.5,7.62,4,2022
Zay Jones,Silence D at work,WR,JAX,Bench,0,0,4,2022
49ers,Silence D at work,D/ST,SF,D/ST,6.8,22,4,2022
James Conner,Silence D at work,RB,ARI,FLEX,15.2,10.7,4,2022
Nick Folk,Silence D at work,K,NE,K,7.4,6,4,2022
Jalen Hurts,Silence D at work,QB,PHI,QB,23.8,15.96,4,2022
Devin Singletary,Silence D at work,RB,BUF,RB,12.8,11.6,4,2022
Saquon Barkley,Silence D at work,RB,NYG,RB,19.5,18.2,4,2022
George Kittle,Silence D at work,TE,SF,TE,11.5,4.4,4,2022
JuJu Smith-Schuster,Silence D at work,WR,KC,WR,12.3,9.6,4,2022
Rashod Bateman,Silence D at work,WR,BAL,WR,12.2,4.7,4,2022
AJ Dillon,The DakStreet Boys,RB,GB,Bench,12.8,9.4,4,2022
Allen Robinson II,The DakStreet Boys,WR,LAR,Bench,10.8,2.7,4,2022
Cam Akers,The DakStreet Boys,RB,LAR,Bench,9.1,1.3,4,2022
Dak Prescott,The DakStreet Boys,QB,DAL,Bench,0,0,4,2022
Jarvis Landry,The DakStreet Boys,WR,NO,Bench,10.8,4.7,4,2022
Mecole Hardman,The DakStreet Boys,WR,KC,Bench,8.4,1.4,4,2022
Mike Williams,The DakStreet Boys,WR,LAC,Bench,14,19,4,2022
Cowboys,The DakStreet Boys,D/ST,DAL,D/ST,6.8,11,4,2022
Diontae Johnson,The DakStreet Boys,WR,PIT,FLEX,14.4,4.2,4,2022
Matt Gay,The DakStreet Boys,K,LAR,K,7.8,9,4,2022
Jared Goff,The DakStreet Boys,QB,DET,QB,17.4,33.22,4,2022
Ezekiel Elliott,The DakStreet Boys,RB,DAL,RB,13.1,10.1,4,2022
Joe Mixon,The DakStreet Boys,RB,CIN,RB,17.2,17.4,4,2022
Gerald Everett,The DakStreet Boys,TE,LAC,TE,8.7,17.1,4,2022
Christian Kirk,The DakStreet Boys,WR,JAX,WR,15.6,8.3,4,2022
Justin Jefferson,The DakStreet Boys,WR,MIN,WR,17.9,31,4,2022
Aaron Rodgers,Dave Sucks,QB,GB,Bench,16.1,16.88,5,2022
Adam Thielen,Dave Sucks,WR,MIN,Bench,11.9,6.7,5,2022
J.K. Dobbins,Dave Sucks,RB,BAL,Bench,13.1,4.4,5,2022
Kadarius Toney,Dave Sucks,WR,NYG,Bench,0,0,5,2022
Matthew Stafford,Dave Sucks,QB,LAR,Bench,14.8,10.32,5,2022
Russell Gage,Dave Sucks,WR,TB,Bench,10.3,6,5,2022
Travis Etienne Jr.,Dave Sucks,RB,JAX,Bench,10.3,14.4,5,2022
Colts,Dave Sucks,D/ST,IND,D/ST,5.4,12,5,2022
DJ Moore,Dave Sucks,WR,CAR,FLEX,12.2,10.7,5,2022
Matt Prater,Dave Sucks,K,ARI,K,0,0,5,2022
Lamar Jackson,Dave Sucks,QB,BAL,QB,22.9,14.76,5,2022
Austin Ekeler,Dave Sucks,RB,LAC,RB,18.5,35.9,5,2022
Josh Jacobs,Dave Sucks,RB,LV,RB,13.7,30.3,5,2022
Pat Freiermuth,Dave Sucks,TE,PIT,TE,11.4,3.2,5,2022
A.J. Brown,Dave Sucks,WR,PHI,WR,17,6.2,5,2022
Stefon Diggs,Dave Sucks,WR,BUF,WR,18.6,24.2,5,2022
D'Andre Swift,Dylan ate my Fantasy Points,RB,DET,Bench,0,0,5,2022
Isaiah McKenzie,Dylan ate my Fantasy Points,WR,BUF,Bench,0,0,5,2022
J.D. McKissic,Dylan ate my Fantasy Points,RB,WSH,Bench,9.1,8.7,5,2022
Jerry Jeudy,Dylan ate my Fantasy Points,WR,DEN,Bench,11.2,8.3,5,2022
Michael Carter,Dylan ate my Fantasy Points,RB,NYJ,Bench,10.3,17.3,5,2022
Rashaad Penny,Dylan ate my Fantasy Points,RB,SEA,Bench,9.1,5.4,5,2022
Romeo Doubs,Dylan ate my Fantasy Points,WR,GB,Bench,12.2,5.9,5,2022
Jaguars,Dylan ate my Fantasy Points,D/ST,JAX,D/ST,7.8,6,5,2022
Drake London,Dylan ate my Fantasy Points,WR,ATL,FLEX,14.8,7.5,5,2022
Elijah Mitchell,Dylan ate my Fantasy Points,RB,SF,IR,0,0,5,2022
Brandon McManus,Dylan ate my Fantasy Points,K,DEN,K,7.7,10,5,2022
Trevor Lawrence,Dylan ate my Fantasy Points,QB,JAX,QB,17.1,10.34,5,2022
Aaron Jones,Dylan ate my Fantasy Points,RB,GB,RB,14.8,10,5,2022
Alvin Kamara,Dylan ate my Fantasy Points,RB,NO,RB,17.7,23.4,5,2022
Zach Ertz,Dylan ate my Fantasy Points,TE,ARI,TE,11.1,10.8,5,2022
CeeDee Lamb,Dylan ate my Fantasy Points,WR,DAL,WR,17.8,10.3,5,2022
DK Metcalf,Dylan ate my Fantasy Points,WR,SEA,WR,15.5,17.8,5,2022
Chase Edmonds,Justin Jefferson,RB,MIA,Bench,9.3,0.1,5,2022
Curtis Samuel,Justin Jefferson,WR,WSH,Bench,13.8,12.2,5,2022
Darrell Henderson Jr.,Justin Jefferson,RB,LAR,Bench,8.7,7,5,2022
DeVonta Smith,Justin Jefferson,WR,PHI,Bench,12.8,18.7,5,2022
Gabe Davis,Justin Jefferson,WR,BUF,Bench,12.5,32.1,5,2022
Jared Goff,Justin Jefferson,QB,DET,Bench,17.2,5.86,5,2022
Rex Burkhead,Justin Jefferson,RB,HOU,Bench,9,4.8,5,2022
Buccaneers,Justin Jefferson,D/ST,TB,D/ST,7,8,5,2022
Dameon Pierce,Justin Jefferson,RB,HOU,FLEX,13.7,20.3,5,2022
Greg Joseph,Justin Jefferson,K,MIN,K,8.4,1,5,2022
Joe Burrow,Justin Jefferson,QB,CIN,QB,19.7,17.28,5,2022
Christian McCaffrey,Justin Jefferson,RB,CAR,RB,18.1,23.4,5,2022
Leonard Fournette,Justin Jefferson,RB,TB,RB,15.8,35.9,5,2022
Mark Andrews,Justin Jefferson,TE,BAL,TE,15.8,22.9,5,2022
Chris Godwin,Justin Jefferson,WR,TB,WR,15.4,12.3,5,2022
Michael Pittman Jr.,Justin Jefferson,WR,IND,WR,14.9,10.9,5,2022
Allen Lazard,Justin is Brown,WR,GB,Bench,11.7,13.5,5,2022
Brandin Cooks,Justin is Brown,WR,HOU,Bench,13.8,6,5,2022
Brandon Aiyuk,Justin is Brown,WR,SF,Bench,10.8,8.8,5,2022
Jakobi Meyers,Justin is Brown,WR,NE,Bench,10,24.1,5,2022
Jonathan Taylor,Justin is Brown,RB,IND,Bench,0,0,5,2022
Marcus Mariota,Justin is Brown,QB,ATL,Bench,14.9,17.98,5,2022
Robert Woods,Justin is Brown,WR,TEN,Bench,12.1,7.7,5,2022
Bills,Justin is Brown,D/ST,BUF,D/ST,8.4,10,5,2022
Marquise Brown,Justin is Brown,WR,ARI,FLEX,15.9,21.8,5,2022
Daniel Carlson,Justin is Brown,K,LV,K,8.6,16,5,2022
Patrick Mahomes,Justin is Brown,QB,KC,QB,23.3,30.48,5,2022
Kareem Hunt,Justin is Brown,RB,CLE,RB,11.8,14.7,5,2022
Tyler Allgeier,Justin is Brown,RB,ATL,RB,8.7,4.5,5,2022
Darren Waller,Justin is Brown,TE,LV,TE,11.4,0,5,2022
Courtland Sutton,Justin is Brown,WR,DEN,WR,16.1,12.4,5,2022
Tee Higgins,Justin is Brown,WR,CIN,WR,16.5,0,5,2022
Antonio Gibson,My Boy,RB,WSH,Bench,11.2,6.9,5,2022
Dalton Schultz,My Boy,TE,DAL,Bench,8.9,0,5,2022
Evan Engram,My Boy,TE,JAX,Bench,6.6,12.9,5,2022
Garrett Wilson,My Boy,WR,NYJ,Bench,13,5.7,5,2022
James Robinson,My Boy,RB,JAX,Bench,13,5.9,5,2022
Melvin Gordon III,My Boy,RB,DEN,Bench,13.5,13.3,5,2022
Rhamondre Stevenson,My Boy,RB,NE,Bench,13.4,19.5,5,2022
Broncos,My Boy,D/ST,DEN,D/ST,7.4,13,5,2022
Mike Evans,My Boy,WR,TB,FLEX,15.1,12.1,5,2022
Graham Gano,My Boy,K,NYG,K,8.2,10,5,2022
Kyler Murray,My Boy,QB,ARI,QB,18.1,16.2,5,2022
Dalvin Cook,My Boy,RB,MIN,RB,15.7,26.1,5,2022
Miles Sanders,My Boy,RB,PHI,RB,13.9,8.4,5,2022
Tyler Higbee,My Boy,TE,LAR,TE,12.3,11.6,5,2022
Ja'Marr Chase,My Boy,WR,CIN,WR,18.2,12,5,2022
Jaylen Waddle,My Boy,WR,MIA,WR,15.3,5.3,5,2022
Alexander Mattison,Najee Germany,RB,MIN,Bench,4.6,7,5,2022
George Pickens,Najee Germany,WR,PIT,Bench,9.9,14.3,5,2022
Hunter Henry,Najee Germany,TE,NE,Bench,6.3,9.4,5,2022
Kyle Pitts,Najee Germany,TE,ATL,Bench,0,0,5,2022
Marquez Valdes-Scantling,Najee Germany,WR,KC,Bench,11.1,15,5,2022
Russell Wilson,Najee Germany,QB,DEN,Bench,17.4,9.16,5,2022
Saints,Najee Germany,D/ST,NO,Bench,5.6,3,5,2022
Dolphins,Najee Germany,D/ST,MIA,D/ST,7.8,-1,5,2022
Amari Cooper,Najee Germany,WR,CLE,FLEX,12.7,20.6,5,2022
Younghoe Koo,Najee Germany,K,ATL,K,8,0,5,2022
Justin Herbert,Najee Germany,QB,LAC,QB,21.6,14.42,5,2022
Jeff Wilson Jr.,Najee Germany,RB,SF,RB,14.9,20.2,5,2022
Najee Harris,Najee Germany,RB,PIT,RB,13,6.6,5,2022
David Njoku,Najee Germany,TE,CLE,TE,10.9,14.8,5,2022
Amon-Ra St. Brown,Najee Germany,WR,DET,WR,17.9,5.8,5,2022
Davante Adams,Najee Germany,WR,LV,WR,20,27.4,5,2022
Dallas Goedert,PEDeAndre Hopkins,TE,PHI,Bench,10.1,17.5,5,2022
Darnell Mooney,PEDeAndre Hopkins,WR,CHI,Bench,8.5,7.2,5,2022
DeAndre Hopkins,PEDeAndre Hopkins,WR,ARI,Bench,0,0,5,2022
Jahan Dotson,PEDeAndre Hopkins,WR,WSH,Bench,0,0,5,2022
Nyheim Hines,PEDeAndre Hopkins,RB,IND,Bench,12.5,1.8,5,2022
Tony Pollard,PEDeAndre Hopkins,RB,DAL,Bench,10.6,14.6,5,2022
Tyler Conklin,PEDeAndre Hopkins,TE,NYJ,Bench,9,0,5,2022
Eagles,PEDeAndre Hopkins,D/ST,PHI,D/ST,6.2,3,5,2022
Tyler Lockett,PEDeAndre Hopkins,WR,SEA,FLEX,14.8,27.4,5,2022
Cordarrelle Patterson,PEDeAndre Hopkins,RB,ATL,IR,0,0,5,2022
Evan McPherson,PEDeAndre Hopkins,K,CIN,K,7.9,6,5,2022
Josh Allen,PEDeAndre Hopkins,QB,BUF,QB,23.6,35.16,5,2022
Breece Hall,PEDeAndre Hopkins,RB,NYJ,RB,13,27.7,5,2022
Jamaal Williams,PEDeAndre Hopkins,RB,DET,RB,16,5.6,5,2022
Travis Kelce,PEDeAndre Hopkins,TE,KC,TE,17.8,33.5,5,2022
Cooper Kupp,PEDeAndre Hopkins,WR,LAR,WR,21.5,25.9,5,2022
Deebo Samuel,PEDeAndre Hopkins,WR,SF,WR,16.2,11.2,5,2022
Browns,Scammer got Scammed,D/ST,CLE,Bench,3.1,-5,5,2022
Damien Harris,Scammer got Scammed,RB,NE,Bench,13.4,2.2,5,2022
Derek Carr,Scammer got Scammed,QB,LV,Bench,17.7,17.94,5,2022
Hunter Renfrow,Scammer got Scammed,WR,LV,Bench,12.1,6.5,5,2022
Khalil Herbert,Scammer got Scammed,RB,CHI,Bench,9.5,1.1,5,2022
Raheem Mostert,Scammer got Scammed,RB,MIA,Bench,12.1,19.2,5,2022
Robbie Anderson,Scammer got Scammed,WR,CAR,Bench,8.8,4.2,5,2022
Terry McLaurin,Scammer got Scammed,WR,WSH,Bench,13.2,12.6,5,2022
Titans,Scammer got Scammed,D/ST,TEN,D/ST,6,5,5,2022
David Montgomery,Scammer got Scammed,RB,CHI,FLEX,14.4,18.2,5,2022
Justin Tucker,Scammer got Scammed,K,BAL,K,7.9,16,5,2022
Derrick Henry,Scammer got Scammed,RB,TEN,RB,18.1,27.2,5,2022
Nick Chubb,Scammer got Scammed,RB,CLE,RB,18.1,25.4,5,2022
T.J. Hockenson,Scammer got Scammed,TE,DET,TE,13.1,1.6,5,2022
Chris Olave,Scammer got Scammed,WR,NO,WR,13.7,15.4,5,2022
Tyreek Hill,Scammer got Scammed,WR,MIA,WR,19.2,13,5,2022
Chase Claypool,Silence D at work,WR,PIT,Bench,8.4,10,5,2022
James Conner,Silence D at work,RB,ARI,Bench,12.9,7.3,5,2022
Keenan Allen,Silence D at work,WR,LAC,Bench,0,0,5,2022
Michael Thomas,Silence D at work,WR,NO,Bench,0,0,5,2022
Rashod Bateman,Silence D at work,WR,BAL,Bench,0,0,5,2022
Tyler Boyd,Silence D at work,WR,CIN,Bench,8.4,6.2,5,2022
Zay Jones,Silence D at work,WR,JAX,Bench,11,4.2,5,2022
49ers,Silence D at work,D/ST,SF,D/ST,8.8,15,5,2022
Devin Singletary,Silence D at work,RB,BUF,FLEX,13.8,5.6,5,2022
Nick Folk,Silence D at work,K,NE,K,7.6,18,5,2022
Jalen Hurts,Silence D at work,QB,PHI,QB,24.7,27.66,5,2022
Clyde Edwards-Helaire,Silence D at work,RB,KC,RB,14.1,6.5,5,2022
Saquon Barkley,Silence D at work,RB,NYG,RB,19.6,19.6,5,2022
George Kittle,Silence D at work,TE,SF,TE,9,7.7,5,2022
Elijah Moore,Silence D at work,WR,NYJ,WR,11.3,2.1,5,2022
JuJu Smith-Schuster,Silence D at work,WR,KC,WR,12.8,6.3,5,2022
Allen Robinson II,The DakStreet Boys,WR,LAR,Bench,9.1,4.2,5,2022
Cam Akers,The DakStreet Boys,RB,LAR,Bench,7.9,3.3,5,2022
Dak Prescott,The DakStreet Boys,QB,DAL,Bench,0,0,5,2022
Ezekiel Elliott,The DakStreet Boys,RB,DAL,Bench,12.3,7.8,5,2022
Jarvis Landry,The DakStreet Boys,WR,NO,Bench,0.1,0,5,2022
Mecole Hardman,The DakStreet Boys,WR,KC,Bench,7.2,12,5,2022
Mike Williams,The DakStreet Boys,WR,LAC,Bench,15.8,23.4,5,2022
Cowboys,The DakStreet Boys,D/ST,DAL,D/ST,7.6,22,5,2022
Diontae Johnson,The DakStreet Boys,WR,PIT,FLEX,13.5,11,5,2022
Matt Gay,The DakStreet Boys,K,LAR,K,7.6,3,5,2022
Tom Brady,The DakStreet Boys,QB,TB,QB,20.2,19.74,5,2022
AJ Dillon,The DakStreet Boys,RB,GB,RB,12.4,3.4,5,2022
Joe Mixon,The DakStreet Boys,RB,CIN,RB,17.7,11.8,5,2022
Gerald Everett,The DakStreet Boys,TE,LAC,TE,11.1,1.2,5,2022
Christian Kirk,The DakStreet Boys,WR,JAX,WR,15.9,2.1,5,2022
Justin Jefferson,The DakStreet Boys,WR,MIN,WR,18.4,30.32,5,2022
Aaron Rodgers,Dave Sucks,QB,GB,Bench,16.4,11.84,6,2022
Damien Harris,Dave Sucks,RB,NE,Bench,0,0,6,2022
Derrick Henry,Dave Sucks,RB,TEN,Bench,0,0,6,2022
Matt Prater,Dave Sucks,K,ARI,Bench,0,0,6,2022
Matthew Stafford,Dave Sucks,QB,LAR,Bench,14.9,11.82,6,2022
Pat Freiermuth,Dave Sucks,TE,PIT,Bench,0,0,6,2022
Russell Gage,Dave Sucks,WR,TB,Bench,8.5,4,6,2022
Colts,Dave Sucks,D/ST,IND,D/ST,5.1,5,6,2022
Adam Thielen,Dave Sucks,WR,MIN,FLEX,11.6,15.6,6,2022
Harrison Butker,Dave Sucks,K,KC,K,8.2,11,6,2022
Lamar Jackson,Dave Sucks,QB,BAL,QB,21.9,16.1,6,2022
Kenneth Walker III,Dave Sucks,RB,SEA,RB,11.5,19,6,2022
Tony Pollard,Dave Sucks,RB,DAL,RB,8.5,7.2,6,2022
David Njoku,Dave Sucks,TE,CLE,TE,9.9,8.8,6,2022
Terry McLaurin,Dave Sucks,WR,WSH,WR,12.2,8.2,6,2022
Tyreek Hill,Dave Sucks,WR,MIA,WR,17.4,29.7,6,2022
Allen Lazard,Dylan ate my Fantasy Points,WR,GB,Bench,12.2,17.6,6,2022
D'Andre Swift,Dylan ate my Fantasy Points,RB,DET,Bench,0,0,6,2022
Isaiah McKenzie,Dylan ate my Fantasy Points,WR,BUF,Bench,11.9,2.9,6,2022
Jerry Jeudy,Dylan ate my Fantasy Points,WR,DEN,Bench,11.5,8.4,6,2022
Michael Carter,Dylan ate my Fantasy Points,RB,NYJ,Bench,9,5.7,6,2022
Mike Boone,Dylan ate my Fantasy Points,RB,DEN,Bench,9,1.4,6,2022
Romeo Doubs,Dylan ate my Fantasy Points,WR,GB,Bench,11.7,6.1,6,2022
Jaguars,Dylan ate my Fantasy Points,D/ST,JAX,D/ST,7.3,-4,6,2022
Tee Higgins,Dylan ate my Fantasy Points,WR,CIN,FLEX,12.7,10.7,6,2022
Elijah Mitchell,Dylan ate my Fantasy Points,RB,SF,IR,0,0,6,2022
Brandon McManus,Dylan ate my Fantasy Points,K,DEN,K,6.9,13,6,2022
Patrick Mahomes,Dylan ate my Fantasy Points,QB,KC,QB,21.1,19.62,6,2022
Aaron Jones,Dylan ate my Fantasy Points,RB,GB,RB,14.9,7.4,6,2022
J.D. McKissic,Dylan ate my Fantasy Points,RB,WSH,RB,9.4,2,6,2022
Zach Ertz,Dylan ate my Fantasy Points,TE,ARI,TE,12.5,14,6,2022
CeeDee Lamb,Dylan ate my Fantasy Points,WR,DAL,WR,17.1,12.7,6,2022
DK Metcalf,Dylan ate my Fantasy Points,WR,SEA,WR,16.5,5.4,6,2022
Chase Edmonds,Justin Jefferson,RB,MIA,Bench,7.2,5.1,6,2022
Dameon Pierce,Justin Jefferson,RB,HOU,Bench,0,0,6,2022
Darrell Henderson Jr.,Justin Jefferson,RB,LAR,Bench,12.3,13.2,6,2022
Jared Goff,Justin Jefferson,QB,DET,Bench,0,0,6,2022
Keenan Allen,Justin Jefferson,WR,LAC,Bench,0,0,6,2022
Rex Burkhead,Justin Jefferson,RB,HOU,Bench,0,0,6,2022
Buccaneers,Justin Jefferson,D/ST,TB,D/ST,6.7,4,6,2022
Curtis Samuel,Justin Jefferson,WR,WSH,FLEX,13.9,2.6,6,2022
Greg Joseph,Justin Jefferson,K,MIN,K,7.7,4,6,2022
Joe Burrow,Justin Jefferson,QB,CIN,QB,17.3,32.5,6,2022
Christian McCaffrey,Justin Jefferson,RB,CAR,RB,21,22.8,6,2022
Leonard Fournette,Justin Jefferson,RB,TB,RB,17,22.1,6,2022
Mark Andrews,Justin Jefferson,TE,BAL,TE,17.1,23.6,6,2022
Chris Godwin,Justin Jefferson,WR,TB,WR,13.4,15.5,6,2022
Michael Pittman Jr.,Justin Jefferson,WR,IND,WR,14.4,26.4,6,2022
Amon-Ra St. Brown,Justin is Brown,WR,DET,Bench,0,0,6,2022
Bills,Justin is Brown,D/ST,BUF,Bench,3,6,6,2022
Brandin Cooks,Justin is Brown,WR,HOU,Bench,0,0,6,2022
Daniel Carlson,Justin is Brown,K,LV,Bench,0,0,6,2022
Darren Waller,Justin is Brown,TE,LV,Bench,0,0,6,2022
Jonathan Taylor,Justin is Brown,RB,IND,Bench,0,0,6,2022
Kareem Hunt,Justin is Brown,RB,CLE,Bench,11,1.2,6,2022
Ravens,Justin is Brown,D/ST,BAL,D/ST,5.1,8,6,2022
Drake London,Justin is Brown,WR,ATL,FLEX,12.7,7,6,2022
Jason Myers,Justin is Brown,K,SEA,K,7.8,13,6,2022
Geno Smith,Justin is Brown,QB,SEA,QB,19.6,12.68,6,2022
Alvin Kamara,Justin is Brown,RB,NO,RB,17.3,18.4,6,2022
Deon Jackson,Justin is Brown,RB,IND,RB,11.5,28.1,6,2022
Taysom Hill,Justin is Brown,TE,NO,TE,6.5,4.54,6,2022
Courtland Sutton,Justin is Brown,WR,DEN,WR,16.8,3.4,6,2022
Marquise Brown,Justin is Brown,WR,ARI,WR,17.6,11.8,6,2022
Antonio Gibson,My Boy,RB,WSH,Bench,7.9,8.3,6,2022
Broncos,My Boy,D/ST,DEN,Bench,3.4,6,6,2022
Dalton Schultz,My Boy,TE,DAL,Bench,0,0,6,2022
Garrett Wilson,My Boy,WR,NYJ,Bench,11.5,1.8,6,2022
James Robinson,My Boy,RB,JAX,Bench,9.3,6.5,6,2022
Melvin Gordon III,My Boy,RB,DEN,Bench,12.6,0.8,6,2022
Miles Sanders,My Boy,RB,PHI,Bench,13,14.2,6,2022
Bengals,My Boy,D/ST,CIN,D/ST,6,0,6,2022
Mike Evans,My Boy,WR,TB,FLEX,15.3,8.2,6,2022
Graham Gano,My Boy,K,NYG,K,8.2,6,6,2022
Kyler Murray,My Boy,QB,ARI,QB,22.1,14.88,6,2022
Dalvin Cook,My Boy,RB,MIN,RB,16.4,15.3,6,2022
Rhamondre Stevenson,My Boy,RB,NE,RB,15.7,25.1,6,2022
Tyler Higbee,My Boy,TE,LAR,TE,13,1.7,6,2022
Ja'Marr Chase,My Boy,WR,CIN,WR,17.9,32.2,6,2022
Jaylen Waddle,My Boy,WR,MIA,WR,12.9,16.9,6,2022
Alexander Mattison,Najee Germany,RB,MIN,Bench,6.2,0.3,6,2022
Brian Robinson Jr.,Najee Germany,RB,WSH,Bench,7.3,12,6,2022
Davante Adams,Najee Germany,WR,LV,Bench,0,0,6,2022
George Pickens,Najee Germany,WR,PIT,Bench,10,5.8,6,2022
Josh Jacobs,Najee Germany,RB,LV,Bench,0,0,6,2022
Rondale Moore,Najee Germany,WR,ARI,Bench,12.4,10.9,6,2022
Russell Wilson,Najee Germany,QB,DEN,Bench,16.9,13.82,6,2022
Rams,Najee Germany,D/ST,LAR,D/ST,7.5,10,6,2022
Jakobi Meyers,Najee Germany,WR,NE,FLEX,12.1,10,6,2022
Tyler Bass,Najee Germany,K,BUF,K,7.4,6,6,2022
Justin Herbert,Najee Germany,QB,LAC,QB,18.1,8.42,6,2022
Jeff Wilson Jr.,Najee Germany,RB,SF,RB,14.3,0.5,6,2022
Najee Harris,Najee Germany,RB,PIT,RB,12.2,12.9,6,2022
Kyle Pitts,Najee Germany,TE,ATL,TE,9.4,10.9,6,2022
A.J. Brown,Najee Germany,WR,PHI,WR,15.3,17.7,6,2022
Amari Cooper,Najee Germany,WR,CLE,WR,12.5,14.4,6,2022
DJ Moore,PEDeAndre Hopkins,WR,CAR,Bench,12.4,3.7,6,2022
Dallas Goedert,PEDeAndre Hopkins,TE,PHI,Bench,9.9,4.2,6,2022
DeAndre Hopkins,PEDeAndre Hopkins,WR,ARI,Bench,0,0,6,2022
Jahan Dotson,PEDeAndre Hopkins,WR,WSH,Bench,0,0,6,2022
Jamaal Williams,PEDeAndre Hopkins,RB,DET,Bench,0,0,6,2022
Travis Etienne Jr.,PEDeAndre Hopkins,RB,JAX,Bench,10.3,12.8,6,2022
Tua Tagovailoa,PEDeAndre Hopkins,QB,MIA,Bench,0,0,6,2022
Eagles,PEDeAndre Hopkins,D/ST,PHI,D/ST,6.4,7,6,2022
Tyler Lockett,PEDeAndre Hopkins,WR,SEA,FLEX,14.5,3.7,6,2022
Cordarrelle Patterson,PEDeAndre Hopkins,RB,ATL,IR,0,0,6,2022
Evan McPherson,PEDeAndre Hopkins,K,CIN,K,7.1,8,6,2022
Josh Allen,PEDeAndre Hopkins,QB,BUF,QB,26.1,26.36,6,2022
Breece Hall,PEDeAndre Hopkins,RB,NYJ,RB,16.2,20.1,6,2022
Eno Benjamin,PEDeAndre Hopkins,RB,ARI,RB,14.4,9.5,6,2022
Travis Kelce,PEDeAndre Hopkins,TE,KC,TE,16.9,19.2,6,2022
Cooper Kupp,PEDeAndre Hopkins,WR,LAR,WR,21.5,16.7,6,2022
Deebo Samuel,PEDeAndre Hopkins,WR,SF,WR,16.5,16,6,2022
Chris Olave,Scammer got Scammed,WR,NO,Bench,0,0,6,2022
Derek Carr,Scammer got Scammed,QB,LV,Bench,0,0,6,2022
Hunter Renfrow,Scammer got Scammed,WR,LV,Bench,0,0,6,2022
J.K. Dobbins,Scammer got Scammed,RB,BAL,Bench,11.7,1.5,6,2022
Raheem Mostert,Scammer got Scammed,RB,MIA,Bench,13.4,5.8,6,2022
T.J. Hockenson,Scammer got Scammed,TE,DET,Bench,0,0,6,2022
Titans,Scammer got Scammed,D/ST,TEN,Bench,0,0,6,2022
Browns,Scammer got Scammed,D/ST,CLE,D/ST,6.3,0,6,2022
David Montgomery,Scammer got Scammed,RB,CHI,FLEX,16,9,6,2022
Justin Tucker,Scammer got Scammed,K,BAL,K,7.8,7,6,2022
Kirk Cousins,Scammer got Scammed,QB,MIN,QB,16.5,16.5,6,2022
Austin Ekeler,Scammer got Scammed,RB,LAC,RB,17.6,24.3,6,2022
Nick Chubb,Scammer got Scammed,RB,CLE,RB,17.2,8,6,2022
Hayden Hurst,Scammer got Scammed,TE,CIN,TE,8.2,5.1,6,2022
Devin Duvernay,Scammer got Scammed,WR,BAL,WR,11.2,2.4,6,2022
Stefon Diggs,Scammer got Scammed,WR,BUF,WR,20.9,30.8,6,2022
Chase Claypool,Silence D at work,WR,PIT,Bench,9.8,23.4,6,2022
Devin Singletary,Silence D at work,RB,BUF,Bench,12.7,14.7,6,2022
James Conner,Silence D at work,RB,ARI,Bench,0,0,6,2022
Michael Thomas,Silence D at work,WR,NO,Bench,0,0,6,2022
Rashod Bateman,Silence D at work,WR,BAL,Bench,0,0,6,2022
Tyler Boyd,Silence D at work,WR,CIN,Bench,6.9,12.6,6,2022
Zay Jones,Silence D at work,WR,JAX,Bench,10.4,9.2,6,2022
49ers,Silence D at work,D/ST,SF,D/ST,6.5,4,6,2022
DeVonta Smith,Silence D at work,WR,PHI,FLEX,12.7,15.4,6,2022
Nick Folk,Silence D at work,K,NE,K,6.9,7,6,2022
Jalen Hurts,Silence D at work,QB,PHI,QB,22.1,16.9,6,2022
Clyde Edwards-Helaire,Silence D at work,RB,KC,RB,11.1,3.3,6,2022
Saquon Barkley,Silence D at work,RB,NYG,RB,23.3,18.5,6,2022
George Kittle,Silence D at work,TE,SF,TE,10,16.3,6,2022
Gabe Davis,Silence D at work,WR,BUF,WR,13.3,16.4,6,2022
JuJu Smith-Schuster,Silence D at work,WR,KC,WR,12.5,22.3,6,2022
AJ Dillon,The DakStreet Boys,RB,GB,Bench,10.1,9.2,6,2022
Allen Robinson II,The DakStreet Boys,WR,LAR,Bench,7.9,17.3,6,2022
Cam Akers,The DakStreet Boys,RB,LAR,Bench,0,0,6,2022
Christian Kirk,The DakStreet Boys,WR,JAX,Bench,13.5,10.8,6,2022
Dak Prescott,The DakStreet Boys,QB,DAL,Bench,0,0,6,2022
Jarvis Landry,The DakStreet Boys,WR,NO,Bench,0,0,6,2022
Mecole Hardman,The DakStreet Boys,WR,KC,Bench,7.8,13.2,6,2022
Cowboys,The DakStreet Boys,D/ST,DAL,D/ST,4.1,6,6,2022
Mike Williams,The DakStreet Boys,WR,LAC,FLEX,13.5,3.7,6,2022
Matt Gay,The DakStreet Boys,K,LAR,K,7.7,6,6,2022
Tom Brady,The DakStreet Boys,QB,TB,QB,19.3,13.72,6,2022
Ezekiel Elliott,The DakStreet Boys,RB,DAL,RB,10.1,15.6,6,2022
Joe Mixon,The DakStreet Boys,RB,CIN,RB,16.5,16.8,6,2022
Gerald Everett,The DakStreet Boys,TE,LAC,TE,10,7.9,6,2022
Diontae Johnson,The DakStreet Boys,WR,PIT,WR,13.3,8.6,6,2022
Justin Jefferson,The DakStreet Boys,WR,MIN,WR,19.2,16.7,6,2022
Aaron Rodgers,Dave Sucks,QB,GB,Bench,16,15.76,7,2022
Adam Thielen,Dave Sucks,WR,MIN,Bench,0,0,7,2022
Matt Prater,Dave Sucks,K,ARI,Bench,0,0,7,2022
Matthew Stafford,Dave Sucks,QB,LAR,Bench,0,0,7,2022
Pat Freiermuth,Dave Sucks,TE,PIT,Bench,10.8,15.5,7,2022
Russell Gage,Dave Sucks,WR,TB,Bench,9.6,7.9,7,2022
Tony Pollard,Dave Sucks,RB,DAL,Bench,11,12.9,7,2022
Colts,Dave Sucks,D/ST,IND,D/ST,5.2,9,7,2022
Damien Harris,Dave Sucks,RB,NE,FLEX,11.6,2,7,2022
Harrison Butker,Dave Sucks,K,KC,K,8.1,5,7,2022
Lamar Jackson,Dave Sucks,QB,BAL,QB,25.4,10.7,7,2022
Derrick Henry,Dave Sucks,RB,TEN,RB,19,16.8,7,2022
Kenneth Walker III,Dave Sucks,RB,SEA,RB,13.6,28.7,7,2022
David Njoku,Dave Sucks,TE,CLE,TE,10.9,14.1,7,2022
Terry McLaurin,Dave Sucks,WR,WSH,WR,11.7,18.3,7,2022
Tyreek Hill,Dave Sucks,WR,MIA,WR,19.7,14.2,7,2022
Allen Lazard,Dylan ate my Fantasy Points,WR,GB,Bench,12.6,11.5,7,2022
D'Andre Swift,Dylan ate my Fantasy Points,RB,DET,Bench,0,0,7,2022
Darren Waller,Dylan ate my Fantasy Points,TE,LV,Bench,0,0,7,2022
J.D. McKissic,Dylan ate my Fantasy Points,RB,WSH,Bench,8.2,0.4,7,2022
Michael Gallup,Dylan ate my Fantasy Points,WR,DAL,Bench,11.1,0,7,2022
Odell Beckham Jr.,Dylan ate my Fantasy Points,WR,FA,Bench,0,0,7,2022
Romeo Doubs,Dylan ate my Fantasy Points,WR,GB,Bench,11.3,0,7,2022
Dolphins,Dylan ate my Fantasy Points,D/ST,MIA,D/ST,6.4,11,7,2022
Courtland Sutton,Dylan ate my Fantasy Points,WR,DEN,FLEX,14,5.3,7,2022
Elijah Mitchell,Dylan ate my Fantasy Points,RB,SF,IR,0,0,7,2022
Brandon McManus,Dylan ate my Fantasy Points,K,DEN,K,8.2,3,7,2022
Patrick Mahomes,Dylan ate my Fantasy Points,QB,KC,QB,20.4,26.92,7,2022
Alvin Kamara,Dylan ate my Fantasy Points,RB,NO,RB,18.1,17.5,7,2022
Nyheim Hines,Dylan ate my Fantasy Points,RB,IND,RB,8.8,9.3,7,2022
Cade Otton,Dylan ate my Fantasy Points,TE,TB,TE,7.7,10.4,7,2022
DK Metcalf,Dylan ate my Fantasy Points,WR,SEA,WR,15.8,2.2,7,2022
Tee Higgins,Dylan ate my Fantasy Points,WR,CIN,WR,16,14.3,7,2022
Curtis Samuel,Justin Jefferson,WR,WSH,Bench,11.4,12.9,7,2022
D'Onta Foreman,Justin Jefferson,RB,CAR,Bench,8.2,16.5,7,2022
Darrell Henderson Jr.,Justin Jefferson,RB,LAR,Bench,0,0,7,2022
Jared Goff,Justin Jefferson,QB,DET,Bench,15.1,1.52,7,2022
Keenan Allen,Justin Jefferson,WR,LAC,Bench,14.5,3.1,7,2022
Rachaad White,Justin Jefferson,RB,TB,Bench,7,4.2,7,2022
Robert Tonyan,Justin Jefferson,TE,GB,Bench,8.5,6.2,7,2022
Buccaneers,Justin Jefferson,D/ST,TB,D/ST,7.6,1,7,2022
Christian McCaffrey,Justin Jefferson,RB,SF,FLEX,10.2,8.2,7,2022
Ryan Succop,Justin Jefferson,K,TB,K,8.2,3,7,2022
Joe Burrow,Justin Jefferson,QB,CIN,QB,19.8,39.24,7,2022
Dameon Pierce,Justin Jefferson,RB,HOU,RB,18.1,15.7,7,2022
Leonard Fournette,Justin Jefferson,RB,TB,RB,17.1,4.6,7,2022
Mark Andrews,Justin Jefferson,TE,BAL,TE,18.5,0.4,7,2022
Chris Godwin,Justin Jefferson,WR,TB,WR,14.9,11.5,7,2022
Michael Pittman Jr.,Justin Jefferson,WR,IND,WR,15.2,9.8,7,2022
Alec Pierce,Justin is Brown,WR,IND,Bench,10.1,6.7,7,2022
Bills,Justin is Brown,D/ST,BUF,Bench,0,0,7,2022
Deon Jackson,Justin is Brown,RB,IND,Bench,0,0.3,7,2022
Drake London,Justin is Brown,WR,ATL,Bench,11.8,1.9,7,2022
Kareem Hunt,Justin is Brown,RB,CLE,Bench,10.2,7.8,7,2022
Khalil Herbert,Justin is Brown,RB,CHI,Bench,6.5,15.7,7,2022
Marquise Brown,Justin is Brown,WR,ARI,Bench,0,0,7,2022
Patriots,Justin is Brown,D/ST,NE,D/ST,7.2,4,7,2022
Brandin Cooks,Justin is Brown,WR,HOU,FLEX,12.9,8.6,7,2022
Daniel Carlson,Justin is Brown,K,LV,K,9.4,10,7,2022
Geno Smith,Justin is Brown,QB,SEA,QB,19.4,13.1,7,2022
Aaron Jones,Justin is Brown,RB,GB,RB,13.9,28.6,7,2022
Jonathan Taylor,Justin is Brown,RB,IND,RB,18.4,15.5,7,2022
Zach Ertz,Justin is Brown,TE,ARI,TE,12.3,6.1,7,2022
Amon-Ra St. Brown,Justin is Brown,WR,DET,WR,17.2,1.4,7,2022
CeeDee Lamb,Justin is Brown,WR,DAL,WR,18.5,10.6,7,2022
Antonio Gibson,My Boy,RB,WSH,Bench,7.5,16.7,7,2022
Broncos,My Boy,D/ST,DEN,Bench,7.4,6,7,2022
Dalvin Cook,My Boy,RB,MIN,Bench,0,0,7,2022
Garrett Wilson,My Boy,WR,NYJ,Bench,10.5,6.4,7,2022
Melvin Gordon III,My Boy,RB,DEN,Bench,7.4,7,7,2022
Miles Sanders,My Boy,RB,PHI,Bench,0,0,7,2022
Tyler Higbee,My Boy,TE,LAR,Bench,0,0,7,2022
Bengals,My Boy,D/ST,CIN,D/ST,6.4,6,7,2022
Mike Evans,My Boy,WR,TB,FLEX,13.3,18.6,7,2022
Graham Gano,My Boy,K,NYG,K,7.7,11,7,2022
Kyler Murray,My Boy,QB,ARI,QB,19.1,17.16,7,2022
James Robinson,My Boy,RB,JAX,RB,10,0,7,2022
Rhamondre Stevenson,My Boy,RB,NE,RB,13.2,23.8,7,2022
Dalton Schultz,My Boy,TE,DAL,TE,8.5,9.9,7,2022
Ja'Marr Chase,My Boy,WR,CIN,WR,19.3,33,7,2022
Jaylen Waddle,My Boy,WR,MIA,WR,15.2,12.8,7,2022
A.J. Brown,Najee Germany,WR,PHI,Bench,0,0,7,2022
Alexander Mattison,Najee Germany,RB,MIN,Bench,0,0,7,2022
Brandon Aiyuk,Najee Germany,WR,SF,Bench,11.1,15.2,7,2022
Brian Robinson Jr.,Najee Germany,RB,WSH,Bench,9.6,10.6,7,2022
Jakobi Meyers,Najee Germany,WR,NE,Bench,11.6,11.4,7,2022
Jeff Wilson Jr.,Najee Germany,RB,SF,Bench,11.9,5.4,7,2022
Cardinals,Najee Germany,D/ST,ARI,D/ST,4.9,12,7,2022
George Pickens,Najee Germany,WR,PIT,FLEX,10.6,18.1,7,2022
Brett Maher,Najee Germany,K,DAL,K,8,6,7,2022
Justin Herbert,Najee Germany,QB,LAC,QB,21.3,18.12,7,2022
Josh Jacobs,Najee Germany,RB,LV,RB,17.7,36.5,7,2022
Najee Harris,Najee Germany,RB,PIT,RB,13.1,11,7,2022
Kyle Pitts,Najee Germany,TE,ATL,TE,9.2,3.9,7,2022
Amari Cooper,Najee Germany,WR,CLE,WR,14.4,10.4,7,2022
Davante Adams,Najee Germany,WR,LV,WR,18,17.5,7,2022
Cooper Kupp,PEDeAndre Hopkins,WR,LAR,Bench,0,0,7,2022
DJ Moore,PEDeAndre Hopkins,WR,CAR,Bench,12.3,19.6,7,2022
Dallas Goedert,PEDeAndre Hopkins,TE,PHI,Bench,0,0,7,2022
Eno Benjamin,PEDeAndre Hopkins,RB,ARI,Bench,14,23.3,7,2022
Jahan Dotson,PEDeAndre Hopkins,WR,WSH,Bench,0,0,7,2022
Jamaal Williams,PEDeAndre Hopkins,RB,DET,Bench,13.1,7.3,7,2022
Josh Allen,PEDeAndre Hopkins,QB,JAX,Bench,0,0,7,2022
Jets,PEDeAndre Hopkins,D/ST,NYJ,D/ST,6.8,6,7,2022
Tyler Lockett,PEDeAndre Hopkins,WR,SEA,FLEX,13.9,11.5,7,2022
Cordarrelle Patterson,PEDeAndre Hopkins,RB,ATL,IR,0,0,7,2022
Evan McPherson,PEDeAndre Hopkins,K,CIN,K,8,5,7,2022
Tua Tagovailoa,PEDeAndre Hopkins,QB,MIA,QB,17.9,15.94,7,2022
Breece Hall,PEDeAndre Hopkins,RB,NYJ,RB,15.4,13.2,7,2022
Travis Etienne Jr.,PEDeAndre Hopkins,RB,JAX,RB,11,18.9,7,2022
Travis Kelce,PEDeAndre Hopkins,TE,KC,TE,17.2,15.8,7,2022
DeAndre Hopkins,PEDeAndre Hopkins,WR,ARI,WR,14,20.3,7,2022
Deebo Samuel,PEDeAndre Hopkins,WR,SF,WR,15.6,9.4,7,2022
Browns,Scammer got Scammed,D/ST,CLE,Bench,3,7,7,2022
Chuba Hubbard,Scammer got Scammed,RB,CAR,Bench,7.1,15.3,7,2022
David Montgomery,Scammer got Scammed,RB,CHI,Bench,13.1,12.2,7,2022
Devin Duvernay,Scammer got Scammed,WR,BAL,Bench,9.5,6.2,7,2022
Hunter Renfrow,Scammer got Scammed,WR,LV,Bench,10.5,8.5,7,2022
Kirk Cousins,Scammer got Scammed,QB,MIN,Bench,0,0,7,2022
Stefon Diggs,Scammer got Scammed,WR,BUF,Bench,0,0,7,2022
Titans,Scammer got Scammed,D/ST,TEN,D/ST,5.3,20,7,2022
Raheem Mostert,Scammer got Scammed,RB,MIA,FLEX,13.5,20.9,7,2022
Justin Tucker,Scammer got Scammed,K,BAL,K,8.4,13,7,2022
Derek Carr,Scammer got Scammed,QB,LV,QB,16.5,13.54,7,2022
Austin Ekeler,Scammer got Scammed,RB,LAC,RB,20.2,36.7,7,2022
Nick Chubb,Scammer got Scammed,RB,CLE,RB,16.3,18.7,7,2022
T.J. Hockenson,Scammer got Scammed,TE,DET,TE,11.6,8.8,7,2022
Chris Olave,Scammer got Scammed,WR,NO,WR,13.3,17.6,7,2022
Robert Woods,Scammer got Scammed,WR,TEN,WR,11.2,5.6,7,2022
DeVonta Smith,Silence D at work,WR,PHI,Bench,0,0,7,2022
Devin Singletary,Silence D at work,RB,BUF,Bench,0,0,7,2022
Gabe Davis,Silence D at work,WR,BUF,Bench,0,0,7,2022
Jalen Hurts,Silence D at work,QB,PHI,Bench,0,0,7,2022
James Conner,Silence D at work,RB,ARI,Bench,0,0,7,2022
Kenyan Drake,Silence D at work,RB,BAL,Bench,6.8,0.5,7,2022
Michael Thomas,Silence D at work,WR,NO,Bench,0,0,7,2022
49ers,Silence D at work,D/ST,SF,D/ST,3.6,-4,7,2022
Rashod Bateman,Silence D at work,WR,BAL,FLEX,11.7,8.2,7,2022
Nick Folk,Silence D at work,K,NE,K,7.9,2,7,2022
Matt Ryan,Silence D at work,QB,IND,QB,15.8,9.92,7,2022
Clyde Edwards-Helaire,Silence D at work,RB,KC,RB,8.2,9.2,7,2022
Saquon Barkley,Silence D at work,RB,NYG,RB,20.6,17.5,7,2022
George Kittle,Silence D at work,TE,SF,TE,11.3,21.8,7,2022
Chase Claypool,Silence D at work,WR,PIT,WR,11.3,9.1,7,2022
JuJu Smith-Schuster,Silence D at work,WR,KC,WR,12.3,25.4,7,2022
AJ Dillon,The DakStreet Boys,RB,GB,Bench,10.8,1.5,7,2022
Allen Robinson II,The DakStreet Boys,WR,LAR,Bench,0,0,7,2022
Justin Jefferson,The DakStreet Boys,WR,MIN,Bench,0,0,7,2022
Matt Gay,The DakStreet Boys,K,LAR,Bench,0,0,7,2022
Mecole Hardman,The DakStreet Boys,WR,KC,Bench,6.8,28,7,2022
Tom Brady,The DakStreet Boys,QB,TB,Bench,17.1,11.7,7,2022
Cowboys,The DakStreet Boys,D/ST,DAL,D/ST,5.5,19,7,2022
Mike Williams,The DakStreet Boys,WR,LAC,FLEX,15.1,21.6,7,2022
Chris Boswell,The DakStreet Boys,K,PIT,K,8.2,5,7,2022
Dak Prescott,The DakStreet Boys,QB,DAL,QB,19.3,12.28,7,2022
Ezekiel Elliott,The DakStreet Boys,RB,DAL,RB,13.6,17.7,7,2022
Joe Mixon,The DakStreet Boys,RB,CIN,RB,17.2,18.1,7,2022
Gerald Everett,The DakStreet Boys,TE,LAC,TE,9.7,11.3,7,2022
Christian Kirk,The DakStreet Boys,WR,JAX,WR,12.6,17.1,7,2022
Diontae Johnson,The DakStreet Boys,WR,PIT,WR,12.9,9.5,7,2022
Aaron Rodgers,Dave Sucks,QB,GB,Bench,13.5,15.22,8,2022
Damien Harris,Dave Sucks,RB,NE,Bench,8.5,7.2,8,2022
David Njoku,Dave Sucks,TE,CLE,Bench,0,0,8,2022
Harrison Butker,Dave Sucks,K,KC,Bench,0,0,8,2022
Matthew Stafford,Dave Sucks,QB,LAR,Bench,14.4,17.38,8,2022
Tony Pollard,Dave Sucks,RB,DAL,Bench,16.5,33.7,8,2022
Colts,Dave Sucks,D/ST,IND,D/ST,5.3,4,8,2022
Adam Thielen,Dave Sucks,WR,MIN,FLEX,11.6,12.7,8,2022
Matt Prater,Dave Sucks,K,ARI,K,0,9,8,2022
Lamar Jackson,Dave Sucks,QB,BAL,QB,21.3,21.82,8,2022
Derrick Henry,Dave Sucks,RB,TEN,RB,19.6,35.8,8,2022
Kenneth Walker III,Dave Sucks,RB,SEA,RB,14,12.2,8,2022
Pat Freiermuth,Dave Sucks,TE,PIT,TE,11.3,9.7,8,2022
Brandon Aiyuk,Dave Sucks,WR,SF,WR,12.6,20.1,8,2022
Tyreek Hill,Dave Sucks,WR,MIA,WR,21.2,31.5,8,2022
Allen Lazard,Dylan ate my Fantasy Points,WR,GB,Bench,0,0,8,2022
James Cook,Dylan ate my Fantasy Points,RB,BUF,Bench,4.6,8.6,8,2022
Kareem Hunt,Dylan ate my Fantasy Points,RB,CLE,Bench,8.8,11.2,8,2022
Michael Carter,Dylan ate my Fantasy Points,RB,NYJ,Bench,13.5,10.1,8,2022
Patrick Mahomes,Dylan ate my Fantasy Points,QB,KC,Bench,0,0,8,2022
Tyler Allgeier,Dylan ate my Fantasy Points,RB,ATL,Bench,11.1,17.5,8,2022
Tyquan Thornton,Dylan ate my Fantasy Points,WR,NE,Bench,7.6,2.3,8,2022
Falcons,Dylan ate my Fantasy Points,D/ST,ATL,D/ST,7.4,3,8,2022
Brandin Cooks,Dylan ate my Fantasy Points,WR,HOU,FLEX,12,11.3,8,2022
Van Jefferson,Dylan ate my Fantasy Points,WR,LAR,IR,6.9,0,8,2022
Greg Zuerlein,Dylan ate my Fantasy Points,K,NYJ,K,7.3,4,8,2022
Daniel Jones,Dylan ate my Fantasy Points,QB,NYG,QB,18.5,9.04,8,2022
Aaron Jones,Dylan ate my Fantasy Points,RB,GB,RB,13.7,19.7,8,2022
D'Andre Swift,Dylan ate my Fantasy Points,RB,DET,RB,13.1,14.3,8,2022
Kyle Pitts,Dylan ate my Fantasy Points,TE,ATL,TE,8.8,19,8,2022
A.J. Brown,Dylan ate my Fantasy Points,WR,PHI,WR,16.2,39.6,8,2022
Tee Higgins,Dylan ate my Fantasy Points,WR,CIN,WR,17.3,13.9,8,2022
AJ Dillon,Justin Jefferson,RB,GB,Bench,6.4,7.3,8,2022
Jared Goff,Justin Jefferson,QB,DET,Bench,15.3,18.64,8,2022
Jerry Jeudy,Justin Jefferson,WR,DEN,Bench,11.5,18.3,8,2022
Keenan Allen,Justin Jefferson,WR,LAC,Bench,0,0,8,2022
Parris Campbell,Justin Jefferson,WR,IND,Bench,9.7,9.1,8,2022
Rachaad White,Justin Jefferson,RB,TB,Bench,7.2,7.3,8,2022
Robert Tonyan,Justin Jefferson,TE,GB,Bench,8.6,8.5,8,2022
Eagles,Justin Jefferson,D/ST,PHI,D/ST,8,13,8,2022
D'Onta Foreman,Justin Jefferson,RB,CAR,FLEX,12.1,31.8,8,2022
Ryan Succop,Justin Jefferson,K,TB,K,8.1,10,8,2022
Joe Burrow,Justin Jefferson,QB,CIN,QB,21.6,13.48,8,2022
Christian McCaffrey,Justin Jefferson,RB,SF,RB,18.5,40.26,8,2022
Dameon Pierce,Justin Jefferson,RB,HOU,RB,17.3,14.1,8,2022
Mark Andrews,Justin Jefferson,TE,BAL,TE,15.9,6.3,8,2022
Chris Godwin,Justin Jefferson,WR,TB,WR,14.3,13.5,8,2022
Justin Jefferson,Justin Jefferson,WR,MIN,WR,18.4,15.8,8,2022
Brian Robinson Jr.,Justin is Brown,RB,WSH,Bench,9.2,2,8,2022
Dak Prescott,Justin is Brown,QB,DAL,Bench,15.3,25.4,8,2022
Greg Dulcich,Justin is Brown,TE,DEN,Bench,8.4,12.7,8,2022
Jakobi Meyers,Justin is Brown,WR,NE,Bench,10.8,21,8,2022
Latavius Murray,Justin is Brown,RB,DEN,Bench,9.2,12.9,8,2022
Nyheim Hines,Justin is Brown,RB,IND,Bench,8.5,12.9,8,2022
Tyler Boyd,Justin is Brown,WR,CIN,Bench,11.8,12.8,8,2022
Bills,Justin is Brown,D/ST,BUF,D/ST,6.3,4,8,2022
Diontae Johnson,Justin is Brown,WR,PIT,FLEX,12.2,8.5,8,2022
Marquise Brown,Justin is Brown,WR,ARI,IR,0,0,8,2022
Daniel Carlson,Justin is Brown,K,LV,K,7.8,0,8,2022
Geno Smith,Justin is Brown,QB,SEA,QB,17.5,19.08,8,2022
Alvin Kamara,Justin is Brown,RB,NO,RB,18.7,42.8,8,2022
Jonathan Taylor,Justin is Brown,RB,IND,RB,17.2,5.6,8,2022
Darren Waller,Justin is Brown,TE,LV,TE,0,0,8,2022
Amari Cooper,Justin is Brown,WR,CLE,WR,14.1,22.1,8,2022
Amon-Ra St. Brown,Justin is Brown,WR,DET,WR,16.7,13.9,8,2022
Antonio Gibson,My Boy,RB,WSH,Bench,8.6,20.7,8,2022
Broncos,My Boy,D/ST,DEN,Bench,5.4,7,8,2022
Dalton Schultz,My Boy,TE,DAL,Bench,8.3,13.4,8,2022
Ja'Marr Chase,My Boy,WR,CIN,Bench,0,0,8,2022
James Robinson,My Boy,RB,NYJ,Bench,5.4,1.7,8,2022
Melvin Gordon III,My Boy,RB,DEN,Bench,10,14.2,8,2022
Miles Sanders,My Boy,RB,PHI,Bench,14.1,13.8,8,2022
Jets,My Boy,D/ST,NYJ,D/ST,6.3,10,8,2022
Mike Evans,My Boy,WR,TB,FLEX,15.5,18.3,8,2022
Graham Gano,My Boy,K,NYG,K,8.7,8,8,2022
Kyler Murray,My Boy,QB,ARI,QB,18.5,24.64,8,2022
Dalvin Cook,My Boy,RB,MIN,RB,16.1,25.1,8,2022
Rhamondre Stevenson,My Boy,RB,NE,RB,14.6,21.3,8,2022
Tyler Higbee,My Boy,TE,LAR,TE,11,3.5,8,2022
Garrett Wilson,My Boy,WR,NYJ,WR,10.3,17.5,8,2022
Jaylen Waddle,My Boy,WR,MIA,WR,15.7,30.6,8,2022
DK Metcalf,Najee Germany,WR,SEA,Bench,12.5,17.5,8,2022
Darnell Mooney,Najee Germany,WR,CHI,Bench,11.1,12,8,2022
Gus Edwards,Najee Germany,RB,BAL,Bench,8.3,6.5,8,2022
Hayden Hurst,Najee Germany,TE,CIN,Bench,9.4,8.2,8,2022
Jeff Wilson Jr.,Najee Germany,RB,SF,Bench,4.3,5.5,8,2022
Justin Herbert,Najee Germany,QB,LAC,Bench,0,0,8,2022
Kadarius Toney,Najee Germany,WR,FA,Bench,0,0,8,2022
Patriots,Najee Germany,D/ST,NE,D/ST,6.7,8,8,2022
Terry McLaurin,Najee Germany,WR,WSH,FLEX,12.1,16.6,8,2022
Brett Maher,Najee Germany,K,DAL,K,8.1,7,8,2022
Tua Tagovailoa,Najee Germany,QB,MIA,QB,20.2,29.18,8,2022
Josh Jacobs,Najee Germany,RB,LV,RB,19.5,7.4,8,2022
Najee Harris,Najee Germany,RB,PIT,RB,12.2,11.96,8,2022
Zach Ertz,Najee Germany,TE,ARI,TE,11.7,13.4,8,2022
CeeDee Lamb,Najee Germany,WR,DAL,WR,15.3,18.8,8,2022
Davante Adams,Najee Germany,WR,LV,WR,18.8,1.2,8,2022
Alexander Mattison,PEDeAndre Hopkins,RB,MIN,Bench,5.5,10,8,2022
Deebo Samuel,PEDeAndre Hopkins,WR,SF,Bench,0,0,8,2022
George Pickens,PEDeAndre Hopkins,WR,PIT,Bench,10.7,0,8,2022
Jamaal Williams,PEDeAndre Hopkins,RB,DET,Bench,10.2,22.6,8,2022
Travis Kelce,PEDeAndre Hopkins,TE,KC,Bench,0,0,8,2022
Tyler Lockett,PEDeAndre Hopkins,WR,SEA,Bench,13,15.3,8,2022
Wan'Dale Robinson,PEDeAndre Hopkins,WR,NYG,Bench,9.6,3.5,8,2022
Commanders,PEDeAndre Hopkins,D/ST,WSH,D/ST,5.9,7,8,2022
DJ Moore,PEDeAndre Hopkins,WR,CAR,FLEX,13.9,27.5,8,2022
Cordarrelle Patterson,PEDeAndre Hopkins,RB,ATL,IR,0,0,8,2022
Jason Myers,PEDeAndre Hopkins,K,SEA,K,8,11,8,2022
Josh Allen,PEDeAndre Hopkins,QB,BUF,QB,23.8,17.62,8,2022
Eno Benjamin,PEDeAndre Hopkins,RB,ARI,RB,13.2,8.5,8,2022
Travis Etienne Jr.,PEDeAndre Hopkins,RB,JAX,RB,15,25.2,8,2022
Dallas Goedert,PEDeAndre Hopkins,TE,PHI,TE,10.5,12.4,8,2022
Cooper Kupp,PEDeAndre Hopkins,WR,LAR,WR,20.2,22.9,8,2022
DeAndre Hopkins,PEDeAndre Hopkins,WR,ARI,WR,14.4,33.9,8,2022
Austin Ekeler,Scammer got Scammed,RB,LAC,Bench,0,0,8,2022
Browns,Scammer got Scammed,D/ST,CLE,Bench,4,14,8,2022
Chuba Hubbard,Scammer got Scammed,RB,CAR,Bench,0,0,8,2022
Devin Duvernay,Scammer got Scammed,WR,BAL,Bench,9.1,16.4,8,2022
Hunter Renfrow,Scammer got Scammed,WR,LV,Bench,9.6,1.6,8,2022
Kirk Cousins,Scammer got Scammed,QB,MIN,Bench,16,23.48,8,2022
Robert Woods,Scammer got Scammed,WR,TEN,Bench,8.5,2.6,8,2022
Titans,Scammer got Scammed,D/ST,TEN,D/ST,6.1,11,8,2022
David Montgomery,Scammer got Scammed,RB,CHI,FLEX,11.3,8.5,8,2022
Justin Tucker,Scammer got Scammed,K,BAL,K,8.1,8,8,2022
Derek Carr,Scammer got Scammed,QB,LV,QB,16.7,1.94,8,2022
Nick Chubb,Scammer got Scammed,RB,CLE,RB,16.3,25.4,8,2022
Raheem Mostert,Scammer got Scammed,RB,MIA,RB,14.7,7.7,8,2022
T.J. Hockenson,Scammer got Scammed,TE,DET,TE,11.2,11,8,2022
Chris Olave,Scammer got Scammed,WR,NO,WR,14.3,10.2,8,2022
Stefon Diggs,Scammer got Scammed,WR,BUF,WR,18.6,22.8,8,2022
Chase Claypool,Silence D at work,WR,PIT,Bench,9.7,12.54,8,2022
Clyde Edwards-Helaire,Silence D at work,RB,KC,Bench,0,0,8,2022
James Conner,Silence D at work,RB,ARI,Bench,0,0,8,2022
JuJu Smith-Schuster,Silence D at work,WR,KC,Bench,0,0,8,2022
Kenyan Drake,Silence D at work,RB,BAL,Bench,3.1,16.7,8,2022
Michael Thomas,Silence D at work,WR,NO,Bench,0,0,8,2022
49ers,Silence D at work,D/ST,SF,D/ST,6.7,5,8,2022
Rashod Bateman,Silence D at work,WR,BAL,FLEX,11,0,8,2022
Nick Folk,Silence D at work,K,NE,K,7.1,21,8,2022
Jalen Hurts,Silence D at work,QB,PHI,QB,24,28.4,8,2022
Devin Singletary,Silence D at work,RB,BUF,RB,14.9,9.3,8,2022
Saquon Barkley,Silence D at work,RB,NYG,RB,22.9,15.2,8,2022
George Kittle,Silence D at work,TE,SF,TE,11.8,12.9,8,2022
DeVonta Smith,Silence D at work,WR,PHI,WR,12.6,7.3,8,2022
Gabe Davis,Silence D at work,WR,BUF,WR,11.7,5.5,8,2022
Curtis Samuel,The DakStreet Boys,WR,WSH,Bench,10.8,10.9,8,2022
Darrell Henderson Jr.,The DakStreet Boys,RB,LAR,Bench,11.7,5,8,2022
Ezekiel Elliott,The DakStreet Boys,RB,DAL,Bench,0,0,8,2022
Gerald Everett,The DakStreet Boys,TE,LAC,Bench,0,0,8,2022
Khalil Herbert,The DakStreet Boys,RB,CHI,Bench,6.6,15.9,8,2022
Mecole Hardman,The DakStreet Boys,WR,KC,Bench,0,0,8,2022
Mike Williams,The DakStreet Boys,WR,LAC,Bench,0,0,8,2022
Cowboys,The DakStreet Boys,D/ST,DAL,D/ST,8.4,10,8,2022
Courtland Sutton,The DakStreet Boys,WR,DEN,FLEX,13.3,2.3,8,2022
Matt Gay,The DakStreet Boys,K,LAR,K,7.4,2,8,2022
Tom Brady,The DakStreet Boys,QB,TB,QB,17.8,17.1,8,2022
Joe Mixon,The DakStreet Boys,RB,CIN,RB,18.3,12.9,8,2022
Leonard Fournette,The DakStreet Boys,RB,TB,RB,14.6,14.8,8,2022
Mike Gesicki,The DakStreet Boys,TE,MIA,TE,9,12.8,8,2022
Christian Kirk,The DakStreet Boys,WR,JAX,WR,12.1,7,8,2022
Michael Pittman Jr.,The DakStreet Boys,WR,IND,WR,12.2,12.3,8,2022
Aaron Rodgers,Dave Sucks,QB,GB,Bench,18.5,13.64,9,2022
Brandon Aiyuk,Dave Sucks,WR,SF,Bench,0,0,9,2022
David Njoku,Dave Sucks,TE,CLE,Bench,0,0,9,2022
Matt Prater,Dave Sucks,K,ARI,Bench,7.3,3,9,2022
Matthew Stafford,Dave Sucks,QB,LAR,Bench,14,10.5,9,2022
Pat Freiermuth,Dave Sucks,TE,PIT,Bench,0,0,9,2022
Tony Pollard,Dave Sucks,RB,DAL,Bench,0,0,9,2022
Colts,Dave Sucks,D/ST,IND,D/ST,6.1,8,9,2022
Rondale Moore,Dave Sucks,WR,ARI,FLEX,11.9,14.9,9,2022
Harrison Butker,Dave Sucks,K,KC,K,8.3,5,9,2022
Lamar Jackson,Dave Sucks,QB,BAL,QB,20.7,17.52,9,2022
Derrick Henry,Dave Sucks,RB,TEN,RB,20,23.5,9,2022
Kenneth Walker III,Dave Sucks,RB,SEA,RB,14.9,27.9,9,2022
Evan Engram,Dave Sucks,TE,JAX,TE,9.7,1.8,9,2022
Adam Thielen,Dave Sucks,WR,MIN,WR,12.1,9.7,9,2022
Tyreek Hill,Dave Sucks,WR,MIA,WR,23.1,27.3,9,2022
Brandin Cooks,Dylan ate my Fantasy Points,WR,HOU,Bench,0,0,9,2022
Cam Akers,Dylan ate my Fantasy Points,RB,LAR,Bench,4.5,0.3,9,2022
Corey Davis,Dylan ate my Fantasy Points,WR,NYJ,Bench,0,0,9,2022
Drake London,Dylan ate my Fantasy Points,WR,ATL,Bench,9.5,3.3,9,2022
Isiah Pacheco,Dylan ate my Fantasy Points,RB,KC,Bench,6.9,1.9,9,2022
Kareem Hunt,Dylan ate my Fantasy Points,RB,CLE,Bench,0,0,9,2022
Michael Carter,Dylan ate my Fantasy Points,RB,NYJ,Bench,12.4,15.6,9,2022
Buccaneers,Dylan ate my Fantasy Points,D/ST,TB,D/ST,6,9,9,2022
Allen Lazard,Dylan ate my Fantasy Points,WR,GB,FLEX,13.4,18.7,9,2022
Kyren Williams,Dylan ate my Fantasy Points,RB,LAR,IR,0,0,9,2022
Michael Badgley,Dylan ate my Fantasy Points,K,DET,K,7.6,1,9,2022
Patrick Mahomes,Dylan ate my Fantasy Points,QB,KC,QB,22.2,34.14,9,2022
Aaron Jones,Dylan ate my Fantasy Points,RB,GB,RB,18.4,6.5,9,2022
D'Andre Swift,Dylan ate my Fantasy Points,RB,DET,RB,13.1,8,9,2022
Kyle Pitts,Dylan ate my Fantasy Points,TE,ATL,TE,10.4,4.7,9,2022
A.J. Brown,Dylan ate my Fantasy Points,WR,PHI,WR,17.9,15.9,9,2022
Tee Higgins,Dylan ate my Fantasy Points,WR,CIN,WR,15.7,13,9,2022
AJ Dillon,Justin Jefferson,RB,GB,Bench,8.1,6.4,9,2022
Christian McCaffrey,Justin Jefferson,RB,SF,Bench,0,0,9,2022
Jerry Jeudy,Justin Jefferson,WR,DEN,Bench,0,0,9,2022
Justin Fields,Justin Jefferson,QB,CHI,Bench,16.3,42.72,9,2022
Keenan Allen,Justin Jefferson,WR,LAC,Bench,0,0,9,2022
Mark Andrews,Justin Jefferson,TE,BAL,Bench,0,0,9,2022
Rachaad White,Justin Jefferson,RB,TB,Bench,6.7,6.4,9,2022
Eagles,Justin Jefferson,D/ST,PHI,D/ST,7.3,8,9,2022
Joshua Palmer,Justin Jefferson,WR,LAC,FLEX,13.2,18.6,9,2022
Ryan Succop,Justin Jefferson,K,TB,K,8,11,9,2022
Joe Burrow,Justin Jefferson,QB,CIN,QB,19.7,19.14,9,2022
D'Onta Foreman,Justin Jefferson,RB,CAR,RB,13,4.1,9,2022
Dameon Pierce,Justin Jefferson,RB,HOU,RB,17.1,13.9,9,2022
Isaiah Likely,Justin Jefferson,TE,BAL,TE,10,9.4,9,2022
Chris Godwin,Justin Jefferson,WR,TB,WR,13.9,10.7,9,2022
Justin Jefferson,Justin Jefferson,WR,MIN,WR,18,25.5,9,2022
Brian Robinson Jr.,Justin is Brown,RB,WSH,Bench,9.1,5.8,9,2022
Dak Prescott,Justin is Brown,QB,DAL,Bench,0,0,9,2022
Darren Waller,Justin is Brown,TE,LV,Bench,0,0,9,2022
Diontae Johnson,Justin is Brown,WR,PIT,Bench,0,0,9,2022
Greg Dulcich,Justin is Brown,TE,DEN,Bench,0,0,9,2022
Jonathan Taylor,Justin is Brown,RB,IND,Bench,0,0,9,2022
Romeo Doubs,Justin is Brown,WR,GB,Bench,10.6,2.8,9,2022
Bills,Justin is Brown,D/ST,BUF,D/ST,6.8,4,9,2022
Tyler Boyd,Justin is Brown,WR,CIN,FLEX,11.8,9.4,9,2022
Marquise Brown,Justin is Brown,WR,ARI,IR,0,0,9,2022
Daniel Carlson,Justin is Brown,K,LV,K,8.9,8,9,2022
Geno Smith,Justin is Brown,QB,SEA,QB,18.3,20.8,9,2022
Dalvin Cook,Justin is Brown,RB,MIN,RB,17.1,13.6,9,2022
Miles Sanders,Justin is Brown,RB,PHI,RB,13.5,15.3,9,2022
Tyler Conklin,Justin is Brown,TE,NYJ,TE,9,1.7,9,2022
Amon-Ra St. Brown,Justin is Brown,WR,DET,WR,15.6,9.5,9,2022
Mike Evans,Justin is Brown,WR,TB,WR,13.8,9,9,2022
Amari Cooper,My Boy,WR,CLE,Bench,0,0,9,2022
Dalton Schultz,My Boy,TE,DAL,Bench,0,0,9,2022
Garrett Wilson,My Boy,WR,NYJ,Bench,10.4,17.9,9,2022
Graham Gano,My Boy,K,NYG,Bench,0,0,9,2022
James Robinson,My Boy,RB,NYJ,Bench,7.4,13.3,9,2022
Latavius Murray,My Boy,RB,DEN,Bench,0,0,9,2022
Melvin Gordon III,My Boy,RB,DEN,Bench,0,0,9,2022
Seahawks,My Boy,D/ST,SEA,D/ST,5,10,9,2022
Antonio Gibson,My Boy,RB,WSH,FLEX,11.6,6.7,9,2022
Ja'Marr Chase,My Boy,WR,CIN,IR,0,0,9,2022
Younghoe Koo,My Boy,K,ATL,K,8.5,4,9,2022
Kyler Murray,My Boy,QB,ARI,QB,19.3,19,9,2022
Alvin Kamara,My Boy,RB,NO,RB,20.3,9.2,9,2022
Rhamondre Stevenson,My Boy,RB,NE,RB,18.1,16,9,2022
Tyler Higbee,My Boy,TE,LAR,TE,10.7,0,9,2022
Jakobi Meyers,My Boy,WR,NE,WR,11.9,7.4,9,2022
Jaylen Waddle,My Boy,WR,MIA,WR,15.4,19.5,9,2022
CeeDee Lamb,Najee Germany,WR,DAL,Bench,0,0,9,2022
Darnell Mooney,Najee Germany,WR,CHI,Bench,9.8,17.5,9,2022
Hayden Hurst,Najee Germany,TE,CIN,Bench,9.4,8.5,9,2022
Kadarius Toney,Najee Germany,WR,KC,Bench,4,3.2,9,2022
Najee Harris,Najee Germany,RB,PIT,Bench,0,0,9,2022
Tua Tagovailoa,Najee Germany,QB,MIA,Bench,19.5,24.08,9,2022
Patriots,Najee Germany,D/ST,NE,D/ST,6.4,26,9,2022
Terry McLaurin,Najee Germany,WR,WSH,FLEX,14,10.6,9,2022
Evan McPherson,Najee Germany,K,CIN,K,8,5,9,2022
Justin Herbert,Najee Germany,QB,LAC,QB,21.1,12.1,9,2022
Deon Jackson,Najee Germany,RB,IND,RB,14.2,5.6,9,2022
Josh Jacobs,Najee Germany,RB,LV,RB,18.4,11.7,9,2022
Zach Ertz,Najee Germany,TE,ARI,TE,10.8,15,9,2022
DK Metcalf,Najee Germany,WR,SEA,WR,15,14.7,9,2022
Davante Adams,Najee Germany,WR,LV,WR,16.9,36.6,9,2022
Alexander Mattison,PEDeAndre Hopkins,RB,MIN,Bench,4.7,1.1,9,2022
Dallas Goedert,PEDeAndre Hopkins,TE,PHI,Bench,10.9,24,9,2022
Deebo Samuel,PEDeAndre Hopkins,WR,SF,Bench,0,0,9,2022
Eno Benjamin,PEDeAndre Hopkins,RB,ARI,Bench,9.8,3.7,9,2022
George Pickens,PEDeAndre Hopkins,WR,PIT,Bench,0,0,9,2022
Tyler Lockett,PEDeAndre Hopkins,WR,SEA,Bench,13.9,17.7,9,2022
Wan'Dale Robinson,PEDeAndre Hopkins,WR,NYG,Bench,0,0,9,2022
Vikings,PEDeAndre Hopkins,D/ST,MIN,D/ST,5.5,8,9,2022
DJ Moore,PEDeAndre Hopkins,WR,CAR,FLEX,13.7,4.4,9,2022
Cordarrelle Patterson,PEDeAndre Hopkins,RB,ATL,IR,10.1,18.3,9,2022
Jason Myers,PEDeAndre Hopkins,K,SEA,K,7.8,8,9,2022
Josh Allen,PEDeAndre Hopkins,QB,BUF,QB,23,24.8,9,2022
Jamaal Williams,PEDeAndre Hopkins,RB,DET,RB,11.4,10.1,9,2022
Travis Etienne Jr.,PEDeAndre Hopkins,RB,JAX,RB,17.8,26.6,9,2022
Travis Kelce,PEDeAndre Hopkins,TE,KC,TE,17.3,20.6,9,2022
Cooper Kupp,PEDeAndre Hopkins,WR,LAR,WR,21,26.8,9,2022
DeAndre Hopkins,PEDeAndre Hopkins,WR,ARI,WR,16.7,13.6,9,2022
Chuba Hubbard,Scammer got Scammed,RB,CAR,Bench,0,0,9,2022
David Montgomery,Scammer got Scammed,RB,CHI,Bench,11.9,5.4,9,2022
Derek Carr,Scammer got Scammed,QB,LV,Bench,15.6,18.36,9,2022
Hunter Renfrow,Scammer got Scammed,WR,LV,Bench,7.8,5.6,9,2022
Nick Chubb,Scammer got Scammed,RB,CLE,Bench,0,0,9,2022
Robert Woods,Scammer got Scammed,WR,TEN,Bench,10.8,0,9,2022
Titans,Scammer got Scammed,D/ST,TEN,Bench,2.9,1,9,2022
Dolphins,Scammer got Scammed,D/ST,MIA,D/ST,6,8,9,2022
Devin Duvernay,Scammer got Scammed,WR,BAL,FLEX,10.3,1.5,9,2022
Justin Tucker,Scammer got Scammed,K,BAL,K,7.9,10,9,2022
Kirk Cousins,Scammer got Scammed,QB,MIN,QB,16.4,16.4,9,2022
Austin Ekeler,Scammer got Scammed,RB,LAC,RB,21.7,24.1,9,2022
Raheem Mostert,Scammer got Scammed,RB,MIA,RB,12.6,8.6,9,2022
T.J. Hockenson,Scammer got Scammed,TE,MIN,TE,10.1,16,9,2022
Chris Olave,Scammer got Scammed,WR,NO,WR,13.6,13.1,9,2022
Stefon Diggs,Scammer got Scammed,WR,BUF,WR,20.1,14.3,9,2022
49ers,Silence D at work,D/ST,SF,Bench,0,0,9,2022
Chase Claypool,Silence D at work,WR,CHI,Bench,8,3.7,9,2022
George Kittle,Silence D at work,TE,SF,Bench,0,0,9,2022
James Conner,Silence D at work,RB,ARI,Bench,11.3,11.4,9,2022
Kenyan Drake,Silence D at work,RB,BAL,Bench,9.5,24.9,9,2022
Michael Thomas,Silence D at work,WR,NO,Bench,0,0,9,2022
Saquon Barkley,Silence D at work,RB,NYG,Bench,0,0,9,2022
Chiefs,Silence D at work,D/ST,KC,D/ST,5.8,6,9,2022
JuJu Smith-Schuster,Silence D at work,WR,KC,FLEX,12.9,18.8,9,2022
Rashod Bateman,Silence D at work,WR,BAL,IR,0,0,9,2022
Nick Folk,Silence D at work,K,NE,K,7.8,17,9,2022
Jalen Hurts,Silence D at work,QB,PHI,QB,24.2,20.02,9,2022
Clyde Edwards-Helaire,Silence D at work,RB,KC,RB,8.5,2.9,9,2022
Devin Singletary,Silence D at work,RB,BUF,RB,11.5,8.8,9,2022
Taysom Hill,Silence D at work,TE,NO,TE,8.4,1.12,9,2022
DeVonta Smith,Silence D at work,WR,PHI,WR,13,4.2,9,2022
Gabe Davis,Silence D at work,WR,BUF,WR,12.8,5.3,9,2022
Courtland Sutton,The DakStreet Boys,WR,DEN,Bench,0,0,9,2022
Darrell Henderson Jr.,The DakStreet Boys,RB,LAR,Bench,7.3,5.6,9,2022
Ezekiel Elliott,The DakStreet Boys,RB,DAL,Bench,0,0,9,2022
Khalil Herbert,The DakStreet Boys,RB,CHI,Bench,8.5,2.3,9,2022
Mecole Hardman,The DakStreet Boys,WR,KC,Bench,8.8,19.9,9,2022
Mike Williams,The DakStreet Boys,WR,LAC,Bench,0,0,9,2022
Tom Brady,The DakStreet Boys,QB,TB,Bench,15.9,15.2,9,2022
Bengals,The DakStreet Boys,D/ST,CIN,D/ST,6.8,8,9,2022
Curtis Samuel,The DakStreet Boys,WR,WSH,FLEX,11.3,17.1,9,2022
Matt Gay,The DakStreet Boys,K,LAR,K,6.8,7,9,2022
Trevor Lawrence,The DakStreet Boys,QB,JAX,QB,17.3,16.7,9,2022
Joe Mixon,The DakStreet Boys,RB,CIN,RB,18.2,55.1,9,2022
Leonard Fournette,The DakStreet Boys,RB,TB,RB,13.3,11,9,2022
Gerald Everett,The DakStreet Boys,TE,LAC,TE,12,8.6,9,2022
Christian Kirk,The DakStreet Boys,WR,JAX,WR,13.4,21.6,9,2022
Michael Pittman Jr.,The DakStreet Boys,WR,IND,WR,13.4,5.2,9,2022
Aaron Rodgers,Dave Sucks,QB,GB,Bench,14.3,19.36,10,2022
Adam Thielen,Dave Sucks,WR,MIN,Bench,11.9,9.9,10,2022
Brandon Aiyuk,Dave Sucks,WR,SF,Bench,11.9,12.4,10,2022
David Njoku,Dave Sucks,TE,CLE,Bench,0,0,10,2022
Joe Burrow,Dave Sucks,QB,CIN,Bench,0,0,10,2022
Lamar Jackson,Dave Sucks,QB,CHI,Bench,0,0,10,2022
Rondale Moore,Dave Sucks,WR,ARI,Bench,11.5,18.4,10,2022
Colts,Dave Sucks,D/ST,IND,D/ST,5.3,2,10,2022
Joshua Palmer,Dave Sucks,WR,LAC,FLEX,13.5,7.4,10,2022
Harrison Butker,Dave Sucks,K,KC,K,8.1,3,10,2022
Matthew Stafford,Dave Sucks,QB,LAR,QB,0,0,10,2022
Derrick Henry,Dave Sucks,RB,TEN,RB,17.5,8.7,10,2022
Tony Pollard,Dave Sucks,RB,DAL,RB,15.5,21.8,10,2022
Evan Engram,Dave Sucks,TE,JAX,TE,8.8,4.4,10,2022
Jerry Jeudy,Dave Sucks,WR,DEN,WR,12.3,0,10,2022
Tyreek Hill,Dave Sucks,WR,MIA,WR,22.8,15.4,10,2022
Brandin Cooks,Dylan ate my Fantasy Points,WR,HOU,Bench,11,8.2,10,2022
Cam Akers,Dylan ate my Fantasy Points,RB,LAR,Bench,4,2.2,10,2022
Drake London,Dylan ate my Fantasy Points,WR,ATL,Bench,10.5,14.8,10,2022
Jahan Dotson,Dylan ate my Fantasy Points,WR,WSH,Bench,6.9,2.4,10,2022
Kareem Hunt,Dylan ate my Fantasy Points,RB,CLE,Bench,10.2,2.9,10,2022
Michael Carter,Dylan ate my Fantasy Points,RB,NYJ,Bench,0,0,10,2022
Tee Higgins,Dylan ate my Fantasy Points,WR,CIN,Bench,0,0,10,2022
Cardinals,Dylan ate my Fantasy Points,D/ST,ARI,D/ST,6.1,10,10,2022
Terrace Marshall Jr.,Dylan ate my Fantasy Points,WR,CAR,FLEX,10,5.3,10,2022
Marquise Brown,Dylan ate my Fantasy Points,WR,ARI,IR,0,0,10,2022
Brett Maher,Dylan ate my Fantasy Points,K,DAL,K,7.5,4,10,2022
Dak Prescott,Dylan ate my Fantasy Points,QB,DAL,QB,14.7,19.2,10,2022
D'Andre Swift,Dylan ate my Fantasy Points,RB,DET,RB,13.1,8.2,10,2022
Josh Jacobs,Dylan ate my Fantasy Points,RB,LV,RB,16.8,22.6,10,2022
Kyle Pitts,Dylan ate my Fantasy Points,TE,ATL,TE,10.4,4.8,10,2022
A.J. Brown,Dylan ate my Fantasy Points,WR,PHI,WR,16.8,1.7,10,2022
Allen Lazard,Dylan ate my Fantasy Points,WR,GB,WR,13.1,7.5,10,2022
AJ Dillon,Justin Jefferson,RB,GB,Bench,8.1,6.5,10,2022
D'Onta Foreman,Justin Jefferson,RB,CAR,Bench,11.7,19,10,2022
Keenan Allen,Justin Jefferson,WR,LAC,Bench,0,0,10,2022
Mark Andrews,Justin Jefferson,TE,BAL,Bench,0,0,10,2022
Rachaad White,Justin Jefferson,RB,TB,Bench,7,10.5,10,2022
Robert Tonyan,Justin Jefferson,TE,GB,Bench,8.4,1.8,10,2022
Tom Brady,Justin Jefferson,QB,TB,Bench,16.5,16.02,10,2022
Eagles,Justin Jefferson,D/ST,PHI,D/ST,7.1,7,10,2022
Kenneth Walker III,Justin Jefferson,RB,SEA,FLEX,16.1,13.2,10,2022
Ryan Succop,Justin Jefferson,K,TB,K,8.2,2,10,2022
Justin Fields,Justin Jefferson,QB,CHI,QB,21.8,39.38,10,2022
Christian McCaffrey,Justin Jefferson,RB,SF,RB,22.6,17.7,10,2022
Dameon Pierce,Justin Jefferson,RB,HOU,RB,17.1,12.2,10,2022
Pat Freiermuth,Justin Jefferson,TE,PIT,TE,11.5,7.6,10,2022
Chris Godwin,Justin Jefferson,WR,TB,WR,13.5,19.1,10,2022
Justin Jefferson,Justin Jefferson,WR,MIN,WR,19.7,35.3,10,2022
Bills,Justin is Brown,D/ST,BUF,Bench,5.1,3,10,2022
Jeff Wilson Jr.,Justin is Brown,RB,MIA,Bench,10.9,22.3,10,2022
Jerick McKinnon,Justin is Brown,RB,KC,Bench,8.1,11.8,10,2022
Mecole Hardman,Justin is Brown,WR,KC,Bench,0,0,10,2022
Najee Harris,Justin is Brown,RB,PIT,Bench,12.1,9.9,10,2022
Tyler Boyd,Justin is Brown,WR,CIN,Bench,0,0,10,2022
Tyler Conklin,Justin is Brown,TE,NYJ,Bench,0,0,10,2022
Cowboys,Justin is Brown,D/ST,DAL,D/ST,5.9,2,10,2022
DK Metcalf,Justin is Brown,WR,SEA,FLEX,14.7,13.1,10,2022
Darren Waller,Justin is Brown,TE,LV,IR,0,0,10,2022
Daniel Carlson,Justin is Brown,K,LV,K,8.4,2,10,2022
Patrick Mahomes,Justin is Brown,QB,KC,QB,23.7,31.14,10,2022
Aaron Jones,Justin is Brown,RB,GB,RB,14.5,23.6,10,2022
Jonathan Taylor,Justin is Brown,RB,IND,RB,16.5,24.3,10,2022
Gerald Everett,Justin is Brown,TE,LAC,TE,11.8,4.3,10,2022
Amon-Ra St. Brown,Justin is Brown,WR,DET,WR,16,22.1,10,2022
Mike Evans,Justin is Brown,WR,TB,WR,14.2,10.4,10,2022
Chuba Hubbard,My Boy,RB,CAR,Bench,9.9,1.4,10,2022
Garrett Wilson,My Boy,WR,NYJ,Bench,0,0,10,2022
Jakobi Meyers,My Boy,WR,NE,Bench,0,0,10,2022
James Robinson,My Boy,RB,NYJ,Bench,0,0,10,2022
Kyler Murray,My Boy,QB,ARI,Bench,0,0,10,2022
Melvin Gordon III,My Boy,RB,DEN,Bench,7.3,11,10,2022
Rhamondre Stevenson,My Boy,RB,NE,Bench,0,0,10,2022
Giants,My Boy,D/ST,NYG,D/ST,6.6,8,10,2022
Dalton Schultz,My Boy,TE,DAL,FLEX,9.1,17.4,10,2022
Ja'Marr Chase,My Boy,WR,CIN,IR,0,0,10,2022
Graham Gano,My Boy,K,NYG,K,9,7,10,2022
Daniel Jones,My Boy,QB,NYG,QB,16.9,18.28,10,2022
Alvin Kamara,My Boy,RB,NO,RB,19.9,7.5,10,2022
Antonio Gibson,My Boy,RB,WSH,RB,11.9,14.8,10,2022
Tyler Higbee,My Boy,TE,LAR,TE,8,15.3,10,2022
Amari Cooper,My Boy,WR,CLE,WR,14.1,6.2,10,2022
Jaylen Waddle,My Boy,WR,MIA,WR,15.7,10.6,10,2022
Darnell Mooney,Najee Germany,WR,CHI,Bench,10.7,9.7,10,2022
Deon Jackson,Najee Germany,RB,IND,Bench,0,0,10,2022
Hayden Hurst,Najee Germany,TE,CIN,Bench,0,0,10,2022
Justin Herbert,Najee Germany,QB,LAC,Bench,18,12.04,10,2022
Kadarius Toney,Najee Germany,WR,KC,Bench,6,19,10,2022
Patriots,Najee Germany,D/ST,NE,Bench,0,0,10,2022
Terry McLaurin,Najee Germany,WR,WSH,Bench,13.4,20.8,10,2022
Saints,Najee Germany,D/ST,NO,D/ST,6.9,5,10,2022
CeeDee Lamb,Najee Germany,WR,DAL,FLEX,14.2,38,10,2022
Cairo Santos,Najee Germany,K,CHI,K,8.2,6,10,2022
Tua Tagovailoa,Najee Germany,QB,MIA,QB,20.5,23.4,10,2022
Dalvin Cook,Najee Germany,RB,MIN,RB,15.6,23.6,10,2022
Miles Sanders,Najee Germany,RB,PHI,RB,12.7,5.4,10,2022
Zach Ertz,Najee Germany,TE,ARI,TE,10.8,2.2,10,2022
Davante Adams,Najee Germany,WR,LV,WR,17.3,27.6,10,2022
Diontae Johnson,Najee Germany,WR,PIT,WR,12.6,10.3,10,2022
Alexander Mattison,PEDeAndre Hopkins,RB,MIN,Bench,3.6,2.9,10,2022
DJ Moore,PEDeAndre Hopkins,WR,CAR,Bench,13.2,6.9,10,2022
Dallas Goedert,PEDeAndre Hopkins,TE,PHI,Bench,11.9,9.3,10,2022
Deshaun Watson,PEDeAndre Hopkins,QB,CLE,Bench,0,0,10,2022
George Pickens,PEDeAndre Hopkins,WR,PIT,Bench,10.1,14.5,10,2022
Jamaal Williams,PEDeAndre Hopkins,RB,DET,Bench,12.1,11.9,10,2022
Tyler Lockett,PEDeAndre Hopkins,WR,SEA,Bench,13.7,13.2,10,2022
Falcons,PEDeAndre Hopkins,D/ST,ATL,D/ST,6.5,1,10,2022
Deebo Samuel,PEDeAndre Hopkins,WR,SF,FLEX,15.4,7.1,10,2022
Jason Myers,PEDeAndre Hopkins,K,SEA,K,7.8,6,10,2022
Josh Allen,PEDeAndre Hopkins,QB,BUF,QB,24.2,19.6,10,2022
Cordarrelle Patterson,PEDeAndre Hopkins,RB,ATL,RB,12.4,3,10,2022
Travis Etienne Jr.,PEDeAndre Hopkins,RB,JAX,RB,18.9,10.3,10,2022
Travis Kelce,PEDeAndre Hopkins,TE,KC,TE,19.5,20.1,10,2022
Cooper Kupp,PEDeAndre Hopkins,WR,LAR,WR,19.8,2.9,10,2022
DeAndre Hopkins,PEDeAndre Hopkins,WR,ARI,WR,15.5,19.8,10,2022
Allen Robinson II,Scammer got Scammed,WR,LAR,Bench,9.7,8.4,10,2022
Devin Duvernay,Scammer got Scammed,WR,BAL,Bench,0,0,10,2022
Dolphins,Scammer got Scammed,D/ST,MIA,Bench,4.3,8,10,2022
Justin Tucker,Scammer got Scammed,K,BAL,Bench,0,0,10,2022
Kirk Cousins,Scammer got Scammed,QB,MIN,Bench,15.8,15.48,10,2022
Raheem Mostert,Scammer got Scammed,RB,MIA,Bench,9.9,18.7,10,2022
Robert Woods,Scammer got Scammed,WR,TEN,Bench,7.5,3,10,2022
Titans,Scammer got Scammed,D/ST,TEN,D/ST,6.2,11,10,2022
David Montgomery,Scammer got Scammed,RB,CHI,FLEX,12.8,5.4,10,2022
Tyler Bass,Scammer got Scammed,K,BUF,K,7.8,13,10,2022
Derek Carr,Scammer got Scammed,QB,LV,QB,15,17.92,10,2022
Austin Ekeler,Scammer got Scammed,RB,LAC,RB,20.3,13.3,10,2022
Nick Chubb,Scammer got Scammed,RB,CLE,RB,18.2,15.1,10,2022
T.J. Hockenson,Scammer got Scammed,TE,MIN,TE,12.3,11.5,10,2022
Chris Olave,Scammer got Scammed,WR,NO,WR,13.5,7,10,2022
Stefon Diggs,Scammer got Scammed,WR,BUF,WR,20.1,24.8,10,2022
Chase Claypool,Silence D at work,WR,CHI,Bench,9.9,1.8,10,2022
Clyde Edwards-Helaire,Silence D at work,RB,KC,Bench,7.3,0,10,2022
Devin Singletary,Silence D at work,RB,BUF,Bench,11.1,15.7,10,2022
Kenyan Drake,Silence D at work,RB,BAL,Bench,0,0,10,2022
Michael Thomas,Silence D at work,WR,NO,Bench,0,0,10,2022
Nick Folk,Silence D at work,K,NE,Bench,0,0,10,2022
Taysom Hill,Silence D at work,TE,NO,Bench,6.2,0.1,10,2022
Chiefs,Silence D at work,D/ST,KC,D/ST,3.5,6,10,2022
JuJu Smith-Schuster,Silence D at work,WR,KC,FLEX,14.2,5.3,10,2022
Rashod Bateman,Silence D at work,WR,BAL,IR,0,0,10,2022
Cade York,Silence D at work,K,CLE,K,7.7,5,10,2022
Jalen Hurts,Silence D at work,QB,PHI,QB,23.1,21.8,10,2022
James Conner,Silence D at work,RB,ARI,RB,12.3,23.6,10,2022
Saquon Barkley,Silence D at work,RB,NYG,RB,24.9,23,10,2022
George Kittle,Silence D at work,TE,SF,TE,11,3.1,10,2022
DeVonta Smith,Silence D at work,WR,PHI,WR,12,13.9,10,2022
Gabe Davis,Silence D at work,WR,BUF,WR,12,21.3,10,2022
Curtis Samuel,The DakStreet Boys,WR,WSH,Bench,10,6,10,2022
Ezekiel Elliott,The DakStreet Boys,RB,DAL,Bench,0,0,10,2022
Joe Mixon,The DakStreet Boys,RB,CIN,Bench,0,0,10,2022
Khalil Herbert,The DakStreet Boys,RB,CHI,Bench,10,5.7,10,2022
Mike Williams,The DakStreet Boys,WR,LAC,Bench,0,0,10,2022
Trevor Lawrence,The DakStreet Boys,QB,JAX,Bench,17.1,20.96,10,2022
Broncos,The DakStreet Boys,D/ST,DEN,D/ST,6.3,4,10,2022
Courtland Sutton,The DakStreet Boys,WR,DEN,FLEX,11.5,12.6,10,2022
Matt Gay,The DakStreet Boys,K,LAR,K,6,5,10,2022
Geno Smith,The DakStreet Boys,QB,SEA,QB,17.2,19.2,10,2022
Darrell Henderson Jr.,The DakStreet Boys,RB,LAR,RB,9.1,10.2,10,2022
Leonard Fournette,The DakStreet Boys,RB,TB,RB,13.6,10.8,10,2022
Greg Dulcich,The DakStreet Boys,TE,DEN,TE,8.7,2.1,10,2022
Christian Kirk,The DakStreet Boys,WR,JAX,WR,14.2,31.5,10,2022
Michael Pittman Jr.,The DakStreet Boys,WR,IND,WR,14.1,12.3,10,2022
Aaron Rodgers,Dave Sucks,QB,GB,Bench,15,19.08,11,2022
David Njoku,Dave Sucks,TE,CLE,Bench,10.5,3.7,11,2022
Jerry Jeudy,Dave Sucks,WR,DEN,Bench,0,0,11,2022
Joe Burrow,Dave Sucks,QB,CIN,Bench,19.8,26.7,11,2022
Joshua Palmer,Dave Sucks,WR,LAC,Bench,10.3,30.6,11,2022
Matthew Stafford,Dave Sucks,QB,LAR,Bench,13.3,14.76,11,2022
Tyreek Hill,Dave Sucks,WR,MIA,Bench,0,0,11,2022
Bengals,Dave Sucks,D/ST,CIN,D/ST,7.2,0,11,2022
Rondale Moore,Dave Sucks,WR,ARI,FLEX,11.9,-0.6,11,2022
Harrison Butker,Dave Sucks,K,KC,K,7.4,14,11,2022
Lamar Jackson,Dave Sucks,QB,BAL,QB,22,15.46,11,2022
Derrick Henry,Dave Sucks,RB,TEN,RB,17.5,25.36,11,2022
Tony Pollard,Dave Sucks,RB,DAL,RB,10.4,36.9,11,2022
Evan Engram,Dave Sucks,TE,JAX,TE,0,0,11,2022
Adam Thielen,Dave Sucks,WR,MIN,WR,11.6,4.5,11,2022
Brandon Aiyuk,Dave Sucks,WR,SF,WR,11.7,16,11,2022
Allen Lazard,Dylan ate my Fantasy Points,WR,GB,Bench,12.3,10.7,11,2022
Brandin Cooks,Dylan ate my Fantasy Points,WR,HOU,Bench,9.6,10,11,2022
Drake London,Dylan ate my Fantasy Points,WR,ATL,Bench,9.5,7.2,11,2022
Elijah Mitchell,Dylan ate my Fantasy Points,RB,SF,Bench,7.4,5.9,11,2022
Jahan Dotson,Dylan ate my Fantasy Points,WR,WSH,Bench,6.9,2.6,11,2022
Kareem Hunt,Dylan ate my Fantasy Points,RB,CLE,Bench,9.6,7.4,11,2022
Marquise Brown,Dylan ate my Fantasy Points,WR,ARI,Bench,0,0,11,2022
Jets,Dylan ate my Fantasy Points,D/ST,NYJ,D/ST,7.2,11,11,2022
Michael Carter,Dylan ate my Fantasy Points,RB,NYJ,FLEX,11.2,2.7,11,2022
Matthew Wright,Dylan ate my Fantasy Points,K,PIT,K,7.1,13,11,2022
Dak Prescott,Dylan ate my Fantasy Points,QB,DAL,QB,16.6,20.64,11,2022
D'Andre Swift,Dylan ate my Fantasy Points,RB,DET,RB,11.8,12.2,11,2022
Josh Jacobs,Dylan ate my Fantasy Points,RB,LV,RB,17.4,19,11,2022
Kyle Pitts,Dylan ate my Fantasy Points,TE,ATL,TE,11.7,7.3,11,2022
A.J. Brown,Dylan ate my Fantasy Points,WR,PHI,WR,15.2,9,11,2022
Tee Higgins,Dylan ate my Fantasy Points,WR,CIN,WR,15.8,23.8,11,2022
AJ Dillon,Justin Jefferson,RB,GB,Bench,7.4,3.3,11,2022
Chris Godwin,Justin Jefferson,WR,TB,Bench,0,0,11,2022
Kenneth Walker III,Justin Jefferson,RB,SEA,Bench,0,0,11,2022
Pat Freiermuth,Justin Jefferson,TE,PIT,Bench,12,15.9,11,2022
Rachaad White,Justin Jefferson,RB,TB,Bench,0,0,11,2022
Ryan Succop,Justin Jefferson,K,TB,Bench,0,0,11,2022
Tom Brady,Justin Jefferson,QB,TB,Bench,0,0,11,2022
Eagles,Justin Jefferson,D/ST,PHI,D/ST,6.8,9,11,2022
D'Onta Foreman,Justin Jefferson,RB,CAR,FLEX,12.2,2.4,11,2022
Younghoe Koo,Justin Jefferson,K,ATL,K,8.1,12,11,2022
Justin Fields,Justin Jefferson,QB,CHI,QB,21.9,22.62,11,2022
Christian McCaffrey,Justin Jefferson,RB,SF,RB,19.2,17.6,11,2022
Dameon Pierce,Justin Jefferson,RB,HOU,RB,15.1,3.7,11,2022
Mark Andrews,Justin Jefferson,TE,BAL,TE,15.2,12.3,11,2022
Justin Jefferson,Justin Jefferson,WR,MIN,WR,21.4,6.3,11,2022
Keenan Allen,Justin Jefferson,WR,LAC,WR,11.2,12.4,11,2022
Bills,Justin is Brown,D/ST,BUF,Bench,4.8,4,11,2022
Christian Watson,Justin is Brown,WR,GB,Bench,9.6,21.1,11,2022
Devin Duvernay,Justin is Brown,WR,BAL,Bench,9.2,1.7,11,2022
Gerald Everett,Justin is Brown,TE,LAC,Bench,0,0,11,2022
Mike Evans,Justin is Brown,WR,TB,Bench,0,0,11,2022
Najee Harris,Justin is Brown,RB,PIT,Bench,11.2,27.6,11,2022
Raheem Mostert,Justin is Brown,RB,MIA,Bench,0,0,11,2022
Ravens,Justin is Brown,D/ST,BAL,D/ST,6.2,16,11,2022
David Montgomery,Justin is Brown,RB,CHI,FLEX,14.4,21.1,11,2022
Darren Waller,Justin is Brown,TE,LV,IR,0,0,11,2022
Daniel Carlson,Justin is Brown,K,LV,K,7.5,13,11,2022
Patrick Mahomes,Justin is Brown,QB,KC,QB,24.4,27.46,11,2022
Aaron Jones,Justin is Brown,RB,GB,RB,15.1,14,11,2022
Jonathan Taylor,Justin is Brown,RB,IND,RB,16.5,16.4,11,2022
Dawson Knox,Justin is Brown,TE,BUF,TE,8.7,14,11,2022
Amon-Ra St. Brown,Justin is Brown,WR,DET,WR,15.4,15,11,2022
Chris Olave,Justin is Brown,WR,NO,WR,12,21.2,11,2022
Chuba Hubbard,My Boy,RB,CAR,Bench,5.7,4.5,11,2022
Garrett Wilson,My Boy,WR,NYJ,Bench,11.9,3.2,11,2022
James Robinson,My Boy,RB,NYJ,Bench,9.3,1,11,2022
Jaylen Waddle,My Boy,WR,MIA,Bench,0,0,11,2022
Kyler Murray,My Boy,QB,ARI,Bench,0,0,11,2022
Melvin Gordon III,My Boy,RB,DEN,Bench,9.7,12,11,2022
Tyler Higbee,My Boy,TE,LAR,Bench,9.7,8.5,11,2022
Giants,My Boy,D/ST,NYG,D/ST,4.9,-1,11,2022
Antonio Gibson,My Boy,RB,WSH,FLEX,12.2,13.3,11,2022
Ja'Marr Chase,My Boy,WR,CIN,IR,0,0,11,2022
Graham Gano,My Boy,K,NYG,K,8.7,0,11,2022
Daniel Jones,My Boy,QB,NYG,QB,17.5,24.64,11,2022
Alvin Kamara,My Boy,RB,NO,RB,17.1,12.9,11,2022
Rhamondre Stevenson,My Boy,RB,NE,RB,15.3,14.2,11,2022
Dalton Schultz,My Boy,TE,DAL,TE,11.4,5.2,11,2022
Amari Cooper,My Boy,WR,CLE,WR,13,31.3,11,2022
Jakobi Meyers,My Boy,WR,NE,WR,12,9.2,11,2022
Darnell Mooney,Najee Germany,WR,CHI,Bench,10.5,12.9,11,2022
Diontae Johnson,Najee Germany,WR,PIT,Bench,11.9,6.2,11,2022
Hayden Hurst,Najee Germany,TE,CIN,Bench,9.2,4.8,11,2022
Kadarius Toney,Najee Germany,WR,KC,Bench,10.7,0,11,2022
Patriots,Najee Germany,D/ST,NE,Bench,6.9,17,11,2022
Saints,Najee Germany,D/ST,NO,Bench,6.4,4,11,2022
Tua Tagovailoa,Najee Germany,QB,MIA,Bench,0,0,11,2022
Commanders,Najee Germany,D/ST,WSH,D/ST,6.2,21,11,2022
CeeDee Lamb,Najee Germany,WR,DAL,FLEX,16.9,9.5,11,2022
Cairo Santos,Najee Germany,K,CHI,K,7.8,6,11,2022
Justin Herbert,Najee Germany,QB,LAC,QB,19.5,19.7,11,2022
Dalvin Cook,Najee Germany,RB,MIN,RB,17.8,7.2,11,2022
Miles Sanders,Najee Germany,RB,PHI,RB,11.9,5.8,11,2022
Foster Moreau,Najee Germany,TE,LV,TE,7.7,4.3,11,2022
Davante Adams,Najee Germany,WR,LV,WR,18.3,33.1,11,2022
Terry McLaurin,Najee Germany,WR,WSH,WR,14.7,9.6,11,2022
Alexander Mattison,PEDeAndre Hopkins,RB,MIN,Bench,4,1.8,11,2022
Cooper Kupp,PEDeAndre Hopkins,WR,LAR,Bench,0,0,11,2022
Dallas Goedert,PEDeAndre Hopkins,TE,PHI,Bench,0,0,11,2022
Deshaun Watson,PEDeAndre Hopkins,QB,CLE,Bench,0,0,11,2022
George Pickens,PEDeAndre Hopkins,WR,PIT,Bench,9.8,18.3,11,2022
Travis Etienne Jr.,PEDeAndre Hopkins,RB,JAX,Bench,0,0,11,2022
Tyler Lockett,PEDeAndre Hopkins,WR,SEA,Bench,0,0,11,2022
Falcons,PEDeAndre Hopkins,D/ST,ATL,D/ST,4.4,14,11,2022
Deebo Samuel,PEDeAndre Hopkins,WR,SF,FLEX,14.9,22.4,11,2022
Robbie Gould,PEDeAndre Hopkins,K,SF,K,7.6,8,11,2022
Josh Allen,PEDeAndre Hopkins,QB,BUF,QB,25.6,12.58,11,2022
Cordarrelle Patterson,PEDeAndre Hopkins,RB,ATL,RB,8.9,11.9,11,2022
Jamaal Williams,PEDeAndre Hopkins,RB,DET,RB,11.8,24.4,11,2022
Travis Kelce,PEDeAndre Hopkins,TE,KC,TE,19.6,35.5,11,2022
DJ Moore,PEDeAndre Hopkins,WR,CAR,WR,12,5.4,11,2022
DeAndre Hopkins,PEDeAndre Hopkins,WR,ARI,WR,17,18.1,11,2022
Cole Kmet,Scammer got Scammed,TE,CHI,Bench,8,6.5,11,2022
DK Metcalf,Scammer got Scammed,WR,SEA,Bench,0,0,11,2022
Derek Carr,Scammer got Scammed,QB,LV,Bench,13.2,20.28,11,2022
Dolphins,Scammer got Scammed,D/ST,MIA,Bench,0,0,11,2022
Jeff Wilson Jr.,Scammer got Scammed,RB,MIA,Bench,0,0,11,2022
Jerick McKinnon,Scammer got Scammed,RB,KC,Bench,9.6,1.4,11,2022
Tyler Bass,Scammer got Scammed,K,BUF,Bench,7.7,23,11,2022
49ers,Scammer got Scammed,D/ST,SF,D/ST,6.4,10,11,2022
Allen Robinson II,Scammer got Scammed,WR,LAR,FLEX,11,14.7,11,2022
Justin Tucker,Scammer got Scammed,K,BAL,K,8.7,7,11,2022
Kirk Cousins,Scammer got Scammed,QB,MIN,QB,16.8,2.2,11,2022
Austin Ekeler,Scammer got Scammed,RB,LAC,RB,21.4,18,11,2022
Nick Chubb,Scammer got Scammed,RB,CLE,RB,16.5,9.7,11,2022
T.J. Hockenson,Scammer got Scammed,TE,MIN,TE,12.6,8.4,11,2022
Stefon Diggs,Scammer got Scammed,WR,BUF,WR,20.5,14.8,11,2022
Tyler Boyd,Scammer got Scammed,WR,CIN,WR,12.9,6.2,11,2022
Chase Claypool,Silence D at work,WR,CHI,Bench,6.3,3.1,11,2022
Clyde Edwards-Helaire,Silence D at work,RB,KC,Bench,5.5,0.9,11,2022
JuJu Smith-Schuster,Silence D at work,WR,KC,Bench,0,0,11,2022
Kenyan Drake,Silence D at work,RB,BAL,Bench,12.4,7.3,11,2022
Michael Thomas,Silence D at work,WR,NO,Bench,0,0,11,2022
Nick Folk,Silence D at work,K,NE,Bench,7.4,2,11,2022
Taysom Hill,Silence D at work,TE,NO,Bench,5.2,7.56,11,2022
Chiefs,Silence D at work,D/ST,KC,D/ST,4.2,8,11,2022
Devin Singletary,Silence D at work,RB,BUF,FLEX,13.1,17.7,11,2022
Rashod Bateman,Silence D at work,WR,BAL,IR,0,0,11,2022
Cade York,Silence D at work,K,CLE,K,7.2,4,11,2022
Jalen Hurts,Silence D at work,QB,PHI,QB,21.6,24.2,11,2022
James Conner,Silence D at work,RB,ARI,RB,14.2,13.4,11,2022
Saquon Barkley,Silence D at work,RB,NYG,RB,24.7,5.5,11,2022
George Kittle,Silence D at work,TE,SF,TE,11.4,24.4,11,2022
DeVonta Smith,Silence D at work,WR,PHI,WR,12.3,13.8,11,2022
Gabe Davis,Silence D at work,WR,BUF,WR,12.7,11.8,11,2022
Christian Kirk,The DakStreet Boys,WR,JAX,Bench,0,0,11,2022
Curtis Samuel,The DakStreet Boys,WR,WSH,Bench,9.9,9.8,11,2022
Darrell Henderson Jr.,The DakStreet Boys,RB,LAR,Bench,8.7,0.9,11,2022
Geno Smith,The DakStreet Boys,QB,SEA,Bench,0,0,11,2022
Khalil Herbert,The DakStreet Boys,RB,CHI,Bench,0,0,11,2022
Leonard Fournette,The DakStreet Boys,RB,TB,Bench,0,0,11,2022
Broncos,The DakStreet Boys,D/ST,DEN,D/ST,5.4,-2,11,2022
Courtland Sutton,The DakStreet Boys,WR,DEN,FLEX,13.4,13,11,2022
Matt Gay,The DakStreet Boys,K,LAR,K,6.4,10,11,2022
Marcus Mariota,The DakStreet Boys,QB,ATL,QB,17,17.74,11,2022
Ezekiel Elliott,The DakStreet Boys,RB,DAL,RB,10.5,17.7,11,2022
Joe Mixon,The DakStreet Boys,RB,CIN,RB,19.8,9.2,11,2022
Greg Dulcich,The DakStreet Boys,TE,DEN,TE,8.1,7,11,2022
Michael Pittman Jr.,The DakStreet Boys,WR,IND,WR,13.8,13.5,11,2022
Mike Williams,The DakStreet Boys,WR,LAC,WR,14,2.5,11,2022
DK Metcalf,Dave Sucks,WR,SEA,Bench,16,20,12,2022
David Njoku,Dave Sucks,TE,CLE,Bench,9.9,13.9,12,2022
Jeff Wilson Jr.,Dave Sucks,RB,MIA,Bench,15.2,12.2,12,2022
Joshua Palmer,Dave Sucks,WR,LAC,Bench,12.9,10.6,12,2022
Matthew Stafford,Dave Sucks,QB,LAR,Bench,0,0,12,2022
T.J. Hockenson,Dave Sucks,TE,MIN,Bench,11.3,15.3,12,2022
Tyler Boyd,Dave Sucks,WR,CIN,Bench,12.4,3.6,12,2022
Bengals,Dave Sucks,D/ST,CIN,D/ST,5.9,2,12,2022
Rondale Moore,Dave Sucks,WR,ARI,FLEX,0,0,12,2022
Harrison Butker,Dave Sucks,K,KC,K,8,14,12,2022
Lamar Jackson,Dave Sucks,QB,BAL,QB,20.8,23.06,12,2022
Derrick Henry,Dave Sucks,RB,TEN,RB,17.6,14.7,12,2022
Tony Pollard,Dave Sucks,RB,DAL,RB,13.9,8.1,12,2022
Evan Engram,Dave Sucks,TE,JAX,TE,7.2,1.4,12,2022
Adam Thielen,Dave Sucks,WR,MIN,WR,10.2,21.1,12,2022
Brandon Aiyuk,Dave Sucks,WR,SF,WR,12.1,11.5,12,2022
Allen Lazard,Dylan ate my Fantasy Points,WR,GB,Bench,12.9,4.4,12,2022
Brandin Cooks,Dylan ate my Fantasy Points,WR,HOU,Bench,10.1,11.1,12,2022
Drake London,Dylan ate my Fantasy Points,WR,ATL,Bench,8.9,4.9,12,2022
Isiah Pacheco,Dylan ate my Fantasy Points,RB,KC,Bench,10.4,15.6,12,2022
Kareem Hunt,Dylan ate my Fantasy Points,RB,CLE,Bench,8.9,3.1,12,2022
Marquise Brown,Dylan ate my Fantasy Points,WR,ARI,Bench,9.6,10.6,12,2022
Samaje Perine,Dylan ate my Fantasy Points,RB,CIN,Bench,13.3,19.3,12,2022
Cowboys,Dylan ate my Fantasy Points,D/ST,DAL,D/ST,6.2,3,12,2022
Michael Carter,Dylan ate my Fantasy Points,RB,NYJ,FLEX,14.8,5.6,12,2022
Eddy Pineiro,Dylan ate my Fantasy Points,K,CAR,K,6.9,12,12,2022
Dak Prescott,Dylan ate my Fantasy Points,QB,DAL,QB,16.5,14.84,12,2022
D'Andre Swift,Dylan ate my Fantasy Points,RB,DET,RB,11.3,10.3,12,2022
Josh Jacobs,Dylan ate my Fantasy Points,RB,LV,RB,18.7,48.3,12,2022
Cade Otton,Dylan ate my Fantasy Points,TE,TB,TE,5.7,0,12,2022
A.J. Brown,Dylan ate my Fantasy Points,WR,PHI,WR,15.7,12.6,12,2022
Tee Higgins,Dylan ate my Fantasy Points,WR,CIN,WR,18.3,24.4,12,2022
D'Onta Foreman,Justin Jefferson,RB,CAR,Bench,11.5,11.3,12,2022
Diontae Johnson,Justin Jefferson,WR,PIT,Bench,10.2,9.9,12,2022
Justin Fields,Justin Jefferson,QB,CHI,Bench,0,0,12,2022
Keenan Allen,Justin Jefferson,WR,LAC,Bench,14.3,15.9,12,2022
Parris Campbell,Justin Jefferson,WR,IND,Bench,10.4,3.4,12,2022
Tom Brady,Justin Jefferson,QB,TB,Bench,17.5,18.04,12,2022
Younghoe Koo,Justin Jefferson,K,ATL,Bench,7.4,8,12,2022
Eagles,Justin Jefferson,D/ST,PHI,D/ST,6.1,6,12,2022
Rachaad White,Justin Jefferson,RB,TB,FLEX,14.4,19.9,12,2022
Ryan Succop,Justin Jefferson,K,TB,K,7.6,6,12,2022
Jimmy Garoppolo,Justin Jefferson,QB,SF,QB,15.2,13.28,12,2022
Christian McCaffrey,Justin Jefferson,RB,SF,RB,18.1,8.9,12,2022
Kenneth Walker III,Justin Jefferson,RB,SEA,RB,17.6,16.9,12,2022
Mark Andrews,Justin Jefferson,TE,BAL,TE,15.1,11,12,2022
CeeDee Lamb,Justin Jefferson,WR,DAL,WR,15.8,17.7,12,2022
Justin Jefferson,Justin Jefferson,WR,MIN,WR,19.1,29.34,12,2022
Bills,Justin is Brown,D/ST,BUF,Bench,5.1,8,12,2022
Chris Olave,Justin is Brown,WR,NO,Bench,12.7,11.2,12,2022
Christian Watson,Justin is Brown,WR,GB,Bench,11.3,21,12,2022
David Montgomery,Justin is Brown,RB,CHI,Bench,13.9,14.3,12,2022
Devin Duvernay,Justin is Brown,WR,BAL,Bench,8.4,6.9,12,2022
Gerald Everett,Justin is Brown,TE,LAC,Bench,9.2,7.8,12,2022
Raheem Mostert,Justin is Brown,RB,MIA,Bench,0,0,12,2022
Ravens,Justin is Brown,D/ST,BAL,D/ST,5.6,5,12,2022
Najee Harris,Justin is Brown,RB,PIT,FLEX,14.4,10.9,12,2022
Darren Waller,Justin is Brown,TE,LV,IR,0,0,12,2022
Daniel Carlson,Justin is Brown,K,LV,K,7.9,9,12,2022
Patrick Mahomes,Justin is Brown,QB,KC,QB,23.1,18.4,12,2022
Aaron Jones,Justin is Brown,RB,GB,RB,15.3,18.9,12,2022
Jonathan Taylor,Justin is Brown,RB,IND,RB,19.1,18.8,12,2022
Dawson Knox,Justin is Brown,TE,BUF,TE,9.6,3.7,12,2022
Amon-Ra St. Brown,Justin is Brown,WR,DET,WR,16.5,27.9,12,2022
Mike Evans,Justin is Brown,WR,TB,WR,14.2,5.1,12,2022
Chuba Hubbard,My Boy,RB,CAR,Bench,5.4,6.5,12,2022
Daniel Jones,My Boy,QB,NYG,Bench,15.7,14.52,12,2022
Garrett Wilson,My Boy,WR,NYJ,Bench,11.4,26.4,12,2022
Ja'Marr Chase,My Boy,WR,CIN,Bench,0,0,12,2022
Jakobi Meyers,My Boy,WR,NE,Bench,12.6,9.2,12,2022
James Robinson,My Boy,RB,NYJ,Bench,0,0,12,2022
Tyler Higbee,My Boy,TE,LAR,Bench,10,0,12,2022
Colts,My Boy,D/ST,IND,D/ST,7.1,3,12,2022
Antonio Gibson,My Boy,RB,WSH,FLEX,13.3,8.4,12,2022
Graham Gano,My Boy,K,NYG,K,7.4,11,12,2022
Kyler Murray,My Boy,QB,ARI,QB,20.2,25.24,12,2022
Alvin Kamara,My Boy,RB,NO,RB,15.6,7,12,2022
Rhamondre Stevenson,My Boy,RB,NE,RB,17.7,20.2,12,2022
Dalton Schultz,My Boy,TE,DAL,TE,10.7,19.1,12,2022
Amari Cooper,My Boy,WR,CLE,WR,13.1,16.4,12,2022
Jaylen Waddle,My Boy,WR,MIA,WR,14.8,13.5,12,2022
Darnell Mooney,Najee Germany,WR,CHI,Bench,11,0,12,2022
Foster Moreau,Najee Germany,TE,LV,Bench,9.1,12.3,12,2022
Hayden Hurst,Najee Germany,TE,CIN,Bench,8.2,11.7,12,2022
Justin Herbert,Najee Germany,QB,LAC,Bench,17.9,28.76,12,2022
Kadarius Toney,Najee Germany,WR,KC,Bench,0,0,12,2022
Miles Sanders,Najee Germany,RB,PHI,Bench,12.5,31,12,2022
Patriots,Najee Germany,D/ST,NE,Bench,6.5,1,12,2022
Commanders,Najee Germany,D/ST,WSH,D/ST,6.7,6,12,2022
Chris Godwin,Najee Germany,WR,TB,FLEX,14.4,29,12,2022
Brett Maher,Najee Germany,K,DAL,K,8.3,3,12,2022
Tua Tagovailoa,Najee Germany,QB,MIA,QB,20.3,15.96,12,2022
Dalvin Cook,Najee Germany,RB,MIN,RB,15.9,9.6,12,2022
Dameon Pierce,Najee Germany,RB,HOU,RB,14.1,4.6,12,2022
Pat Freiermuth,Najee Germany,TE,PIT,TE,12.3,6.9,12,2022
Davante Adams,Najee Germany,WR,LV,WR,23,14.4,12,2022
Terry McLaurin,Najee Germany,WR,WSH,WR,16.3,9.3,12,2022
Alexander Mattison,PEDeAndre Hopkins,RB,MIN,Bench,3.6,1.1,12,2022
Cordarrelle Patterson,PEDeAndre Hopkins,RB,ATL,Bench,8.5,10.1,12,2022
DJ Moore,PEDeAndre Hopkins,WR,CAR,Bench,10.8,20.3,12,2022
Dallas Goedert,PEDeAndre Hopkins,TE,PHI,Bench,0,0,12,2022
Deshaun Watson,PEDeAndre Hopkins,QB,CLE,Bench,0,0,12,2022
George Pickens,PEDeAndre Hopkins,WR,PIT,Bench,10,10.7,12,2022
Jamaal Williams,PEDeAndre Hopkins,RB,DET,Bench,11.1,10.6,12,2022
Vikings,PEDeAndre Hopkins,D/ST,MIN,D/ST,6.9,6,12,2022
Deebo Samuel,PEDeAndre Hopkins,WR,SF,FLEX,15.4,7.3,12,2022
Cooper Kupp,PEDeAndre Hopkins,WR,LAR,IR,0,0,12,2022
Jason Myers,PEDeAndre Hopkins,K,SEA,K,8.2,10,12,2022
Josh Allen,PEDeAndre Hopkins,QB,BUF,QB,25.5,29.92,12,2022
Latavius Murray,PEDeAndre Hopkins,RB,DEN,RB,14.5,10.8,12,2022
Travis Etienne Jr.,PEDeAndre Hopkins,RB,JAX,RB,17.4,0.3,12,2022
Travis Kelce,PEDeAndre Hopkins,TE,KC,TE,18.6,15.7,12,2022
DeAndre Hopkins,PEDeAndre Hopkins,WR,ARI,WR,16.6,18.7,12,2022
Tyler Lockett,PEDeAndre Hopkins,WR,SEA,WR,14.3,15.8,12,2022
Allen Robinson II,Scammer got Scammed,WR,LAR,Bench,0,0,12,2022
Derek Carr,Scammer got Scammed,QB,LV,Bench,17.2,20.8,12,2022
Dolphins,Scammer got Scammed,D/ST,MIA,Bench,7.2,20,12,2022
Jerick McKinnon,Scammer got Scammed,RB,KC,Bench,9.3,5.6,12,2022
Kirk Cousins,Scammer got Scammed,QB,MIN,Bench,14.1,21.86,12,2022
Tyler Bass,Scammer got Scammed,K,BUF,Bench,7.7,10,12,2022
Zay Jones,Scammer got Scammed,WR,JAX,Bench,10.1,27.5,12,2022
49ers,Scammer got Scammed,D/ST,SF,D/ST,6.4,12,12,2022
Donovan Peoples-Jones,Scammer got Scammed,WR,CLE,FLEX,9.7,3.6,12,2022
Justin Tucker,Scammer got Scammed,K,BAL,K,8.3,14,12,2022
Joe Burrow,Scammer got Scammed,QB,CIN,QB,19.6,18,12,2022
Austin Ekeler,Scammer got Scammed,RB,LAC,RB,21.2,25,12,2022
Nick Chubb,Scammer got Scammed,RB,CLE,RB,16.9,20.2,12,2022
Cole Kmet,Scammer got Scammed,TE,CHI,TE,9.6,5.7,12,2022
Stefon Diggs,Scammer got Scammed,WR,BUF,WR,21.2,21.7,12,2022
Tyreek Hill,Scammer got Scammed,WR,MIA,WR,22.3,15,12,2022
Chase Claypool,Silence D at work,WR,CHI,Bench,7,7.1,12,2022
Clyde Edwards-Helaire,Silence D at work,RB,KC,Bench,0,0,12,2022
Darius Slayton,Silence D at work,WR,NYG,Bench,10.4,9.3,12,2022
JuJu Smith-Schuster,Silence D at work,WR,KC,Bench,13.2,6.8,12,2022
Kenyan Drake,Silence D at work,RB,BAL,Bench,6.1,0.2,12,2022
Michael Thomas,Silence D at work,WR,NO,Bench,0,0,12,2022
Taysom Hill,Silence D at work,TE,NO,Bench,5.3,3,12,2022
Chiefs,Silence D at work,D/ST,KC,D/ST,8.1,13,12,2022
Devin Singletary,Silence D at work,RB,BUF,FLEX,12.3,9,12,2022
Rashod Bateman,Silence D at work,WR,BAL,IR,0,0,12,2022
Cade York,Silence D at work,K,CLE,K,7.6,6,12,2022
Jalen Hurts,Silence D at work,QB,PHI,QB,23,29.82,12,2022
James Conner,Silence D at work,RB,ARI,RB,17.2,21,12,2022
Saquon Barkley,Silence D at work,RB,NYG,RB,19.3,15.2,12,2022
George Kittle,Silence D at work,TE,SF,TE,11.2,5.6,12,2022
DeVonta Smith,Silence D at work,WR,PHI,WR,12.5,9,12,2022
Gabe Davis,Silence D at work,WR,BUF,WR,13.7,7.8,12,2022
Curtis Samuel,The DakStreet Boys,WR,WSH,Bench,9.9,1.3,12,2022
Darrell Henderson Jr.,The DakStreet Boys,RB,JAX,Bench,0,0,12,2022
Ezekiel Elliott,The DakStreet Boys,RB,DAL,Bench,11.5,16.5,12,2022
Joe Mixon,The DakStreet Boys,RB,CIN,Bench,0,0,12,2022
Khalil Herbert,The DakStreet Boys,RB,CHI,Bench,0,0,12,2022
Marcus Mariota,The DakStreet Boys,QB,ATL,Bench,14.1,13.86,12,2022
Mike Williams,The DakStreet Boys,WR,LAC,Bench,0,0,12,2022
Broncos,The DakStreet Boys,D/ST,DEN,D/ST,7,2,12,2022
Christian Kirk,The DakStreet Boys,WR,JAX,FLEX,14,8.1,12,2022
Matt Gay,The DakStreet Boys,K,LAR,K,6,5,12,2022
Geno Smith,The DakStreet Boys,QB,SEA,QB,19.9,19.32,12,2022
Brian Robinson Jr.,The DakStreet Boys,RB,WSH,RB,8.4,20.5,12,2022
Leonard Fournette,The DakStreet Boys,RB,TB,RB,0,0,12,2022
Greg Dulcich,The DakStreet Boys,TE,DEN,TE,8.4,3.1,12,2022
Courtland Sutton,The DakStreet Boys,WR,DEN,WR,13,13.5,12,2022
Michael Pittman Jr.,The DakStreet Boys,WR,IND,WR,13.5,19.1,12,2022
DK Metcalf,Dave Sucks,WR,SEA,Bench,15.5,26.7,13,2022
David Njoku,Dave Sucks,TE,CLE,Bench,0,0,13,2022
Jeff Wilson Jr.,Dave Sucks,RB,MIA,Bench,10.7,0.3,13,2022
Joshua Palmer,Dave Sucks,WR,LAC,Bench,12.3,13,13,2022
Matthew Stafford,Dave Sucks,QB,LAR,Bench,0,0,13,2022
T.J. Hockenson,Dave Sucks,TE,MIN,Bench,12,7.3,13,2022
Tyler Boyd,Dave Sucks,WR,CIN,Bench,9,10,13,2022
Bengals,Dave Sucks,D/ST,CIN,D/ST,2.6,4,13,2022
Rondale Moore,Dave Sucks,WR,ARI,FLEX,0,0,13,2022
Harrison Butker,Dave Sucks,K,KC,K,7.8,5,13,2022
Lamar Jackson,Dave Sucks,QB,BAL,QB,18.9,1.34,13,2022
Derrick Henry,Dave Sucks,RB,TEN,RB,17,5.8,13,2022
Tony Pollard,Dave Sucks,RB,DAL,RB,13.3,24.6,13,2022
Evan Engram,Dave Sucks,TE,JAX,TE,6.7,14,13,2022
Adam Thielen,Dave Sucks,WR,MIN,WR,11.4,4.7,13,2022
Brandon Aiyuk,Dave Sucks,WR,SF,WR,12.2,9.6,13,2022
Corey Davis,Dylan ate my Fantasy Points,WR,NYJ,Bench,9.8,13.5,13,2022
Drake London,Dylan ate my Fantasy Points,WR,ATL,Bench,8.9,15.5,13,2022
Isiah Pacheco,Dylan ate my Fantasy Points,RB,KC,Bench,9.9,16.2,13,2022
Jameson Williams,Dylan ate my Fantasy Points,WR,DET,Bench,4.4,0,13,2022
Jerry Jeudy,Dylan ate my Fantasy Points,WR,DEN,Bench,10.2,10.5,13,2022
Kyren Williams,Dylan ate my Fantasy Points,RB,LAR,Bench,10.4,0.9,13,2022
Michael Carter,Dylan ate my Fantasy Points,RB,NYJ,Bench,0,0,13,2022
Cowboys,Dylan ate my Fantasy Points,D/ST,DAL,D/ST,7.1,19,13,2022
Allen Lazard,Dylan ate my Fantasy Points,WR,GB,FLEX,12.9,11.7,13,2022
Greg Zuerlein,Dylan ate my Fantasy Points,K,NYJ,K,7.3,20,13,2022
Dak Prescott,Dylan ate my Fantasy Points,QB,DAL,QB,15.7,16.8,13,2022
Aaron Jones,Dylan ate my Fantasy Points,RB,GB,RB,16.7,10,13,2022
Najee Harris,Dylan ate my Fantasy Points,RB,PIT,RB,13.6,10.2,13,2022
Gerald Everett,Dylan ate my Fantasy Points,TE,LAC,TE,9.1,13,13,2022
A.J. Brown,Dylan ate my Fantasy Points,WR,PHI,WR,15.5,31.9,13,2022
Amon-Ra St. Brown,Dylan ate my Fantasy Points,WR,DET,WR,16,34.6,13,2022
D'Onta Foreman,Justin Jefferson,RB,CAR,Bench,0,0,13,2022
Diontae Johnson,Justin Jefferson,WR,PIT,Bench,11.2,11,13,2022
JaMycal Hasty,Justin Jefferson,RB,JAX,Bench,6.6,0,13,2022
Parris Campbell,Justin Jefferson,WR,IND,Bench,10.1,8.5,13,2022
Trevor Lawrence,Justin Jefferson,QB,JAX,Bench,18.5,16.36,13,2022
Treylon Burks,Justin Jefferson,WR,TEN,Bench,10.1,9.5,13,2022
Younghoe Koo,Justin Jefferson,K,ATL,Bench,7.9,14,13,2022
Eagles,Justin Jefferson,D/ST,PHI,D/ST,6.6,11,13,2022
Keenan Allen,Justin Jefferson,WR,LAC,FLEX,15.7,20.8,13,2022
Dallas Goedert,Justin Jefferson,TE,PHI,IR,0,0,13,2022
Ryan Succop,Justin Jefferson,K,TB,K,8.2,5,13,2022
Josh Allen,Justin Jefferson,QB,BUF,QB,20.2,16.92,13,2022
Christian McCaffrey,Justin Jefferson,RB,SF,RB,17.9,28.6,13,2022
Travis Etienne Jr.,Justin Jefferson,RB,JAX,RB,16.5,7.6,13,2022
Mark Andrews,Justin Jefferson,TE,BAL,TE,13.2,9.4,13,2022
CeeDee Lamb,Justin Jefferson,WR,DAL,WR,16.1,20.4,13,2022
Justin Jefferson,Justin Jefferson,WR,MIN,WR,19.5,18.6,13,2022
Chris Olave,Justin is Brown,WR,NO,Bench,13.5,10.5,13,2022
Christian Watson,Justin is Brown,WR,GB,Bench,13.4,24.4,13,2022
D'Andre Swift,Justin is Brown,RB,DET,Bench,10.7,21.1,13,2022
Gus Edwards,Justin is Brown,RB,BAL,Bench,10,1.2,13,2022
Marquise Brown,Justin is Brown,WR,ARI,Bench,0,0,13,2022
Raheem Mostert,Justin is Brown,RB,MIA,Bench,8.2,3,13,2022
Ravens,Justin is Brown,D/ST,BAL,Bench,6.8,7,13,2022
Bills,Justin is Brown,D/ST,BUF,D/ST,7,6,13,2022
David Montgomery,Justin is Brown,RB,CHI,FLEX,14.7,16.7,13,2022
Darren Waller,Justin is Brown,TE,LV,IR,0,0,13,2022
Daniel Carlson,Justin is Brown,K,LV,K,8.6,10,13,2022
Patrick Mahomes,Justin is Brown,QB,KC,QB,22.7,19.82,13,2022
Jonathan Taylor,Justin is Brown,RB,IND,RB,18,13.3,13,2022
Josh Jacobs,Justin is Brown,RB,LV,RB,24.1,21,13,2022
Dawson Knox,Justin is Brown,TE,BUF,TE,7.8,0,13,2022
Mike Evans,Justin is Brown,WR,TB,WR,13.5,9.9,13,2022
Tee Higgins,Justin is Brown,WR,CIN,WR,15.6,12.5,13,2022
Antonio Gibson,My Boy,RB,WSH,Bench,11.7,7.9,13,2022
Colts,My Boy,D/ST,IND,Bench,4.1,-1,13,2022
Garrett Wilson,My Boy,WR,NYJ,Bench,13.9,24.2,13,2022
Jakobi Meyers,My Boy,WR,NE,Bench,12,5.2,13,2022
Kyler Murray,My Boy,QB,ARI,Bench,0,0,13,2022
Tyler Higbee,My Boy,TE,LAR,Bench,8.8,3.4,13,2022
Zonovan Knight,My Boy,RB,NYJ,Bench,10.6,16.8,13,2022
Browns,My Boy,D/ST,CLE,D/ST,7,31,13,2022
Ja'Marr Chase,My Boy,WR,CIN,FLEX,18.5,16.7,13,2022
Graham Gano,My Boy,K,NYG,K,8,8,13,2022
Aaron Rodgers,My Boy,QB,GB,QB,18.2,13.68,13,2022
Alvin Kamara,My Boy,RB,NO,RB,16.2,5.7,13,2022
Rhamondre Stevenson,My Boy,RB,NE,RB,19.1,13.8,13,2022
Dalton Schultz,My Boy,TE,DAL,TE,9.2,5.3,13,2022
Amari Cooper,My Boy,WR,CLE,WR,15.1,8,13,2022
Jaylen Waddle,My Boy,WR,MIA,WR,14.6,1.9,13,2022
Commanders,Najee Germany,D/ST,WSH,Bench,5.8,6,13,2022
Darnell Mooney,Najee Germany,WR,CHI,Bench,0,0,13,2022
Hayden Hurst,Najee Germany,TE,CIN,Bench,9.3,3.2,13,2022
Miles Sanders,Najee Germany,RB,PHI,Bench,12,11.8,13,2022
Tua Tagovailoa,Najee Germany,QB,MIA,Bench,17.7,13.8,13,2022
Steelers,Najee Germany,D/ST,PIT,D/ST,6.4,4,13,2022
Chris Godwin,Najee Germany,WR,TB,FLEX,14.6,14.3,13,2022
Brett Maher,Najee Germany,K,DAL,K,8.2,6,13,2022
Justin Herbert,Najee Germany,QB,LAC,QB,19.8,18.1,13,2022
Dalvin Cook,Najee Germany,RB,MIN,RB,16.2,16.3,13,2022
Dameon Pierce,Najee Germany,RB,HOU,RB,14.6,12.5,13,2022
Pat Freiermuth,Najee Germany,TE,PIT,TE,12.2,10.6,13,2022
Davante Adams,Najee Germany,WR,LV,WR,20.7,37.7,13,2022
Terry McLaurin,Najee Germany,WR,WSH,WR,14.8,24.5,13,2022
Alexander Mattison,PEDeAndre Hopkins,RB,MIN,Bench,3.5,9.8,13,2022
DJ Moore,PEDeAndre Hopkins,WR,CAR,Bench,0,0,13,2022
DeAndre Hopkins,PEDeAndre Hopkins,WR,ARI,Bench,0,0,13,2022
Deshaun Watson,PEDeAndre Hopkins,QB,CLE,Bench,19.2,5.34,13,2022
George Pickens,PEDeAndre Hopkins,WR,PIT,Bench,11,1.2,13,2022
Latavius Murray,PEDeAndre Hopkins,RB,DEN,Bench,11.1,10.1,13,2022
Rachaad White,PEDeAndre Hopkins,RB,TB,Bench,10.4,16.9,13,2022
Seahawks,PEDeAndre Hopkins,D/ST,SEA,D/ST,6.5,8,13,2022
Cordarrelle Patterson,PEDeAndre Hopkins,RB,ATL,FLEX,10.9,6,13,2022
Cooper Kupp,PEDeAndre Hopkins,WR,LAR,IR,0,0,13,2022
Jason Myers,PEDeAndre Hopkins,K,SEA,K,7.5,10,13,2022
Justin Fields,PEDeAndre Hopkins,QB,CHI,QB,22.2,19.26,13,2022
Jamaal Williams,PEDeAndre Hopkins,RB,DET,RB,12.2,9.5,13,2022
Kenneth Walker III,PEDeAndre Hopkins,RB,SEA,RB,15.3,3.6,13,2022
Travis Kelce,PEDeAndre Hopkins,TE,KC,TE,19.9,7.6,13,2022
Deebo Samuel,PEDeAndre Hopkins,WR,SF,WR,14.7,12.3,13,2022
Tyler Lockett,PEDeAndre Hopkins,WR,SEA,WR,12.6,27.8,13,2022
49ers,Scammer got Scammed,D/ST,SF,Bench,4.4,18,13,2022
Donovan Peoples-Jones,Scammer got Scammed,WR,CLE,Bench,10.7,13.4,13,2022
Foster Moreau,Scammer got Scammed,TE,LV,Bench,8.6,4.2,13,2022
Jerick McKinnon,Scammer got Scammed,RB,KC,Bench,8.6,14,13,2022
Kirk Cousins,Scammer got Scammed,QB,MIN,Bench,15.2,11.82,13,2022
Tyler Bass,Scammer got Scammed,K,BUF,Bench,7.7,7,13,2022
Van Jefferson,Scammer got Scammed,WR,LAR,Bench,10.3,5.9,13,2022
Dolphins,Scammer got Scammed,D/ST,MIA,D/ST,4.9,5,13,2022
Zay Jones,Scammer got Scammed,WR,JAX,FLEX,11.6,3.6,13,2022
Justin Tucker,Scammer got Scammed,K,BAL,K,8.6,4,13,2022
Joe Burrow,Scammer got Scammed,QB,CIN,QB,21.8,30.04,13,2022
Austin Ekeler,Scammer got Scammed,RB,LAC,RB,21.5,13.2,13,2022
Nick Chubb,Scammer got Scammed,RB,CLE,RB,18.7,8,13,2022
Cole Kmet,Scammer got Scammed,TE,CHI,TE,8.8,13.2,13,2022
Stefon Diggs,Scammer got Scammed,WR,BUF,WR,18.2,22.2,13,2022
Tyreek Hill,Scammer got Scammed,WR,MIA,WR,20.4,29.6,13,2022
Chase Claypool,Silence D at work,WR,CHI,Bench,8.1,5.8,13,2022
Daniel Jones,Silence D at work,QB,NYG,Bench,14.6,17.1,13,2022
Darius Slayton,Silence D at work,WR,NYG,Bench,9.6,15,13,2022
James Conner,Silence D at work,RB,ARI,Bench,0,0,13,2022
Kenyan Drake,Silence D at work,RB,BAL,Bench,3.6,6.6,13,2022
Taysom Hill,Silence D at work,TE,NO,Bench,8.3,13.34,13,2022
Chiefs,Silence D at work,D/ST,KC,D/ST,3.9,-2,13,2022
JuJu Smith-Schuster,Silence D at work,WR,KC,FLEX,11.8,6.5,13,2022
Clyde Edwards-Helaire,Silence D at work,RB,KC,IR,0,0,13,2022
Cade York,Silence D at work,K,CLE,K,7.2,11,13,2022
Jalen Hurts,Silence D at work,QB,PHI,QB,22.1,34.4,13,2022
Devin Singletary,Silence D at work,RB,BUF,RB,10.6,11.1,13,2022
Saquon Barkley,Silence D at work,RB,NYG,RB,17.6,19.1,13,2022
George Kittle,Silence D at work,TE,SF,TE,10.2,4.2,13,2022
DeVonta Smith,Silence D at work,WR,PHI,WR,13,21.2,13,2022
Gabe Davis,Silence D at work,WR,BUF,WR,11.1,9.5,13,2022
Brian Robinson Jr.,The DakStreet Boys,RB,WSH,Bench,10,13.1,13,2022
Curtis Samuel,The DakStreet Boys,WR,WSH,Bench,9.1,14.6,13,2022
Darrell Henderson Jr.,The DakStreet Boys,RB,JAX,Bench,0,0,13,2022
Ezekiel Elliott,The DakStreet Boys,RB,DAL,Bench,10.6,18.1,13,2022
Khalil Herbert,The DakStreet Boys,RB,CHI,Bench,0,0,13,2022
Marcus Mariota,The DakStreet Boys,QB,ATL,Bench,15.7,10.38,13,2022
Mike Williams,The DakStreet Boys,WR,LAC,Bench,0,0,13,2022
Broncos,The DakStreet Boys,D/ST,DEN,D/ST,4.9,13,13,2022
Christian Kirk,The DakStreet Boys,WR,JAX,FLEX,15.2,16.4,13,2022
Matt Gay,The DakStreet Boys,K,LAR,K,7,14,13,2022
Geno Smith,The DakStreet Boys,QB,SEA,QB,17.4,22.98,13,2022
Joe Mixon,The DakStreet Boys,RB,CIN,RB,0,0,13,2022
Leonard Fournette,The DakStreet Boys,RB,TB,RB,11.6,14.1,13,2022
Greg Dulcich,The DakStreet Boys,TE,DEN,TE,7.6,14.5,13,2022
Courtland Sutton,The DakStreet Boys,WR,DEN,WR,12.2,0,13,2022
Michael Pittman Jr.,The DakStreet Boys,WR,IND,WR,14,3.6,13,2022
David Njoku,Dave Sucks,TE,CLE,Bench,10,18.7,14,2022
Evan Engram,Dave Sucks,TE,JAX,Bench,7.5,39.2,14,2022
Jeff Wilson Jr.,Dave Sucks,RB,MIA,Bench,10.7,2.6,14,2022
Joshua Palmer,Dave Sucks,WR,LAC,Bench,9.4,9.3,14,2022
Lamar Jackson,Dave Sucks,QB,BAL,Bench,0,0,14,2022
Rondale Moore,Dave Sucks,WR,ARI,Bench,0,0,14,2022
Tyler Boyd,Dave Sucks,WR,CIN,Bench,9.7,0,14,2022
Bengals,Dave Sucks,D/ST,CIN,D/ST,4.3,7,14,2022
Brandon Aiyuk,Dave Sucks,WR,SF,FLEX,11.4,13.7,14,2022
Harrison Butker,Dave Sucks,K,KC,K,7.9,11,14,2022
Derek Carr,Dave Sucks,QB,LV,QB,15.6,2.58,14,2022
Derrick Henry,Dave Sucks,RB,TEN,RB,17.8,20.5,14,2022
Tony Pollard,Dave Sucks,RB,DAL,RB,15.1,22.2,14,2022
T.J. Hockenson,Dave Sucks,TE,MIN,TE,12.9,11.7,14,2022
Adam Thielen,Dave Sucks,WR,MIN,WR,12.4,19.5,14,2022
DK Metcalf,Dave Sucks,WR,SEA,WR,15.7,18.1,14,2022
Aaron Jones,Dylan ate my Fantasy Points,RB,GB,Bench,0,0,14,2022
Allen Lazard,Dylan ate my Fantasy Points,WR,GB,Bench,0,0,14,2022
Corey Davis,Dylan ate my Fantasy Points,WR,NYJ,Bench,9.9,2.5,14,2022
Drake London,Dylan ate my Fantasy Points,WR,ATL,Bench,0,0,14,2022
Jameson Williams,Dylan ate my Fantasy Points,WR,DET,Bench,5.3,11.1,14,2022
Matt Breida,Dylan ate my Fantasy Points,RB,NYG,Bench,3.4,3.5,14,2022
Michael Carter,Dylan ate my Fantasy Points,RB,NYJ,Bench,10.1,3,14,2022
Cowboys,Dylan ate my Fantasy Points,D/ST,DAL,D/ST,7.8,4,14,2022
Jerry Jeudy,Dylan ate my Fantasy Points,WR,DEN,FLEX,13.5,33.3,14,2022
Michael Badgley,Dylan ate my Fantasy Points,K,DET,K,7.4,11,14,2022
Dak Prescott,Dylan ate my Fantasy Points,QB,DAL,QB,16.9,13.66,14,2022
Isiah Pacheco,Dylan ate my Fantasy Points,RB,KC,RB,12.4,12.3,14,2022
Najee Harris,Dylan ate my Fantasy Points,RB,PIT,RB,10.9,13,14,2022
Gerald Everett,Dylan ate my Fantasy Points,TE,LAC,TE,8.1,7.8,14,2022
A.J. Brown,Dylan ate my Fantasy Points,WR,PHI,WR,15.7,17,14,2022
Amon-Ra St. Brown,Dylan ate my Fantasy Points,WR,DET,WR,19.1,13.4,14,2022
D'Onta Foreman,Justin Jefferson,RB,CAR,Bench,12,8.5,14,2022
Diontae Johnson,Justin Jefferson,WR,PIT,Bench,11.7,14.2,14,2022
JaMycal Hasty,Justin Jefferson,RB,JAX,Bench,2.5,1.3,14,2022
Parris Campbell,Justin Jefferson,WR,IND,Bench,0,0,14,2022
Trevor Lawrence,Justin Jefferson,QB,JAX,Bench,16.3,33.42,14,2022
Treylon Burks,Justin Jefferson,WR,TEN,Bench,0,0,14,2022
Younghoe Koo,Justin Jefferson,K,ATL,Bench,0,0,14,2022
Eagles,Justin Jefferson,D/ST,PHI,D/ST,6.5,9,14,2022
Keenan Allen,Justin Jefferson,WR,LAC,FLEX,16,21.2,14,2022
Dallas Goedert,Justin Jefferson,TE,PHI,IR,0,0,14,2022
Chris Boswell,Justin Jefferson,K,PIT,K,8.6,1,14,2022
Josh Allen,Justin Jefferson,QB,BUF,QB,21,20.58,14,2022
Christian McCaffrey,Justin Jefferson,RB,SF,RB,18.8,29.3,14,2022
Travis Etienne Jr.,Justin Jefferson,RB,JAX,RB,15.7,3.2,14,2022
Mark Andrews,Justin Jefferson,TE,BAL,TE,13.1,3.7,14,2022
CeeDee Lamb,Justin Jefferson,WR,DAL,WR,16.4,8.3,14,2022
Justin Jefferson,Justin Jefferson,WR,MIN,WR,20.2,33.3,14,2022
Chris Olave,Justin is Brown,WR,NO,Bench,0,0,14,2022
Christian Watson,Justin is Brown,WR,GB,Bench,0,0,14,2022
David Montgomery,Justin is Brown,RB,CHI,Bench,0,0,14,2022
Jonathan Taylor,Justin is Brown,RB,IND,Bench,0,0,14,2022
Latavius Murray,Justin is Brown,RB,DEN,Bench,12.2,6.1,14,2022
Raheem Mostert,Justin is Brown,RB,MIA,Bench,10.8,5.4,14,2022
Ravens,Justin is Brown,D/ST,BAL,Bench,6.7,11,14,2022
Bills,Justin is Brown,D/ST,BUF,D/ST,5.4,11,14,2022
Marquise Brown,Justin is Brown,WR,ARI,FLEX,13.2,7.4,14,2022
Darren Waller,Justin is Brown,TE,LV,IR,0,0,14,2022
Daniel Carlson,Justin is Brown,K,LV,K,8.2,12,14,2022
Patrick Mahomes,Justin is Brown,QB,KC,QB,19.6,19.78,14,2022
D'Andre Swift,Justin is Brown,RB,DET,RB,15.1,6.9,14,2022
Josh Jacobs,Justin is Brown,RB,LV,RB,20.2,19.4,14,2022
Dawson Knox,Justin is Brown,TE,BUF,TE,7.1,14.1,14,2022
Mike Evans,Justin is Brown,WR,TB,WR,12.5,8.4,14,2022
Tee Higgins,Justin is Brown,WR,CIN,WR,14.5,0,14,2022
Aaron Rodgers,My Boy,QB,GB,Bench,0,0,14,2022
Alvin Kamara,My Boy,RB,NO,Bench,0,0,14,2022
Amari Cooper,My Boy,WR,CLE,Bench,14.8,6.2,14,2022
Antonio Gibson,My Boy,RB,WSH,Bench,0,0,14,2022
Colts,My Boy,D/ST,IND,Bench,0,0,14,2022
Jakobi Meyers,My Boy,WR,NE,Bench,0,0,14,2022
Tyler Higbee,My Boy,TE,LAR,Bench,8.4,3.1,14,2022
Patriots,My Boy,D/ST,NE,D/ST,5.9,19,14,2022
Ja'Marr Chase,My Boy,WR,CIN,FLEX,18.7,28.5,14,2022
Graham Gano,My Boy,K,NYG,K,8,2,14,2022
Kyler Murray,My Boy,QB,ARI,QB,16.9,0.66,14,2022
Rhamondre Stevenson,My Boy,RB,NE,RB,18.9,3,14,2022
Zonovan Knight,My Boy,RB,NYJ,RB,11,15.7,14,2022
Dalton Schultz,My Boy,TE,DAL,TE,9.4,14.7,14,2022
Garrett Wilson,My Boy,WR,NYJ,WR,14.7,13.8,14,2022
Jaylen Waddle,My Boy,WR,MIA,WR,15.2,5.1,14,2022
Commanders,Najee Germany,D/ST,WSH,Bench,0,0,14,2022
Darnell Mooney,Najee Germany,WR,CHI,Bench,0,0,14,2022
Hayden Hurst,Najee Germany,TE,CIN,Bench,0,0,14,2022
Nick Folk,Najee Germany,K,NE,Bench,8.1,11,14,2022
Steelers,Najee Germany,D/ST,PIT,Bench,6,3,14,2022
Terry McLaurin,Najee Germany,WR,WSH,Bench,0,0,14,2022
Tua Tagovailoa,Najee Germany,QB,MIA,Bench,20.2,12.6,14,2022
Raiders,Najee Germany,D/ST,LV,D/ST,6.8,9,14,2022
Miles Sanders,Najee Germany,RB,PHI,FLEX,12.3,28.5,14,2022
Brett Maher,Najee Germany,K,DAL,K,8.3,11,14,2022
Justin Herbert,Najee Germany,QB,LAC,QB,18.5,19.48,14,2022
Dalvin Cook,Najee Germany,RB,MIN,RB,17.9,8.6,14,2022
Dameon Pierce,Najee Germany,RB,HOU,RB,12.6,11.8,14,2022
Pat Freiermuth,Najee Germany,TE,PIT,TE,11.1,12.3,14,2022
Chris Godwin,Najee Germany,WR,TB,WR,14.8,10.4,14,2022
Davante Adams,Najee Germany,WR,LV,WR,19,10.1,14,2022
Alexander Mattison,PEDeAndre Hopkins,RB,MIN,Bench,4.4,-0.1,14,2022
Cam Akers,PEDeAndre Hopkins,RB,LAR,Bench,9.1,9.3,14,2022
Cordarrelle Patterson,PEDeAndre Hopkins,RB,ATL,Bench,0,0,14,2022
DJ Moore,PEDeAndre Hopkins,WR,CAR,Bench,12.6,0.6,14,2022
George Pickens,PEDeAndre Hopkins,WR,PIT,Bench,9.2,10.8,14,2022
Justin Fields,PEDeAndre Hopkins,QB,CHI,Bench,0,0,14,2022
Kenneth Walker III,PEDeAndre Hopkins,RB,SEA,Bench,0,0,14,2022
Seahawks,PEDeAndre Hopkins,D/ST,SEA,D/ST,5.8,1,14,2022
Tyler Lockett,PEDeAndre Hopkins,WR,SEA,FLEX,13.9,17,14,2022
Cooper Kupp,PEDeAndre Hopkins,WR,LAR,IR,0,0,14,2022
Jason Myers,PEDeAndre Hopkins,K,SEA,K,8,6,14,2022
Deshaun Watson,PEDeAndre Hopkins,QB,CLE,QB,17.7,16.34,14,2022
James Cook,PEDeAndre Hopkins,RB,BUF,RB,8.7,2.5,14,2022
Rachaad White,PEDeAndre Hopkins,RB,TB,RB,9.6,10.7,14,2022
Travis Kelce,PEDeAndre Hopkins,TE,KC,TE,17.1,11.1,14,2022
DeAndre Hopkins,PEDeAndre Hopkins,WR,ARI,WR,14.3,12.9,14,2022
Deebo Samuel,PEDeAndre Hopkins,WR,SF,WR,14.5,14.4,14,2022
Cole Kmet,Scammer got Scammed,TE,CHI,Bench,0,0,14,2022
Dolphins,Scammer got Scammed,D/ST,MIA,Bench,5,1,14,2022
Donovan Peoples-Jones,Scammer got Scammed,WR,CLE,Bench,9.5,19.4,14,2022
Jerick McKinnon,Scammer got Scammed,RB,KC,Bench,8.6,32.4,14,2022
Justin Tucker,Scammer got Scammed,K,BAL,Bench,7.3,11,14,2022
Kirk Cousins,Scammer got Scammed,QB,MIN,Bench,18,25,14,2022
Van Jefferson,Scammer got Scammed,WR,LAR,Bench,8.6,12.4,14,2022
49ers,Scammer got Scammed,D/ST,SF,D/ST,5.5,9,14,2022
Zay Jones,Scammer got Scammed,WR,JAX,FLEX,12,21.7,14,2022
Tyler Bass,Scammer got Scammed,K,BUF,K,8.2,9,14,2022
Joe Burrow,Scammer got Scammed,QB,CIN,QB,22,16.56,14,2022
Austin Ekeler,Scammer got Scammed,RB,LAC,RB,19.6,24.4,14,2022
Nick Chubb,Scammer got Scammed,RB,CLE,RB,13.9,8.4,14,2022
Foster Moreau,Scammer got Scammed,TE,LV,TE,7.4,0,14,2022
Stefon Diggs,Scammer got Scammed,WR,BUF,WR,18.3,6.7,14,2022
Tyreek Hill,Scammer got Scammed,WR,MIA,WR,22.2,24.1,14,2022
Chase Claypool,Silence D at work,WR,CHI,Bench,0,0,14,2022
Daniel Jones,Silence D at work,QB,NYG,Bench,15.9,19.36,14,2022
Darius Slayton,Silence D at work,WR,NYG,Bench,10.4,6.2,14,2022
Devin Singletary,Silence D at work,RB,BUF,Bench,9.4,5.3,14,2022
Kenyan Drake,Silence D at work,RB,BAL,Bench,0,2.2,14,2022
Taysom Hill,Silence D at work,TE,NO,Bench,0,0,14,2022
Chiefs,Silence D at work,D/ST,KC,D/ST,5.6,15,14,2022
JuJu Smith-Schuster,Silence D at work,WR,KC,FLEX,10.6,22.4,14,2022
Clyde Edwards-Helaire,Silence D at work,RB,KC,IR,0,0,14,2022
Cade York,Silence D at work,K,CLE,K,7.1,4,14,2022
Jalen Hurts,Silence D at work,QB,PHI,QB,24.2,30.38,14,2022
James Conner,Silence D at work,RB,ARI,RB,14,23.4,14,2022
Saquon Barkley,Silence D at work,RB,NYG,RB,18.5,6.8,14,2022
George Kittle,Silence D at work,TE,SF,TE,8.8,6.8,14,2022
DeVonta Smith,Silence D at work,WR,PHI,WR,13.9,17.4,14,2022
Gabe Davis,Silence D at work,WR,BUF,WR,11.7,6.1,14,2022
Brian Robinson Jr.,The DakStreet Boys,RB,WSH,Bench,0,0,14,2022
Courtland Sutton,The DakStreet Boys,WR,DEN,Bench,0,0,14,2022
Curtis Samuel,The DakStreet Boys,WR,WSH,Bench,0,0,14,2022
Darrell Henderson Jr.,The DakStreet Boys,RB,FA,Bench,0,0,14,2022
Khalil Herbert,The DakStreet Boys,RB,CHI,Bench,0,0,14,2022
Marcus Mariota,The DakStreet Boys,QB,ATL,Bench,0,0,14,2022
Michael Pittman Jr.,The DakStreet Boys,WR,IND,Bench,0,0,14,2022
Broncos,The DakStreet Boys,D/ST,DEN,D/ST,3,4,14,2022
Ezekiel Elliott,The DakStreet Boys,RB,DAL,FLEX,13.7,17.1,14,2022
Matt Gay,The DakStreet Boys,K,LAR,K,7.3,6,14,2022
Geno Smith,The DakStreet Boys,QB,SEA,QB,19,20.56,14,2022
Joe Mixon,The DakStreet Boys,RB,CIN,RB,18.4,12.6,14,2022
Leonard Fournette,The DakStreet Boys,RB,TB,RB,10,10.6,14,2022
Greg Dulcich,The DakStreet Boys,TE,DEN,TE,9.4,7.2,14,2022
Christian Kirk,The DakStreet Boys,WR,JAX,WR,13.9,9.5,14,2022
Mike Williams,The DakStreet Boys,WR,LAC,WR,13.7,23.6,14,2022
David Njoku,Dave Sucks,TE,CLE,Bench,10,5.8,15,2022
Evan Engram,Dave Sucks,TE,JAX,Bench,9.3,14.2,15,2022
Jeff Wilson Jr.,Dave Sucks,RB,MIA,Bench,0,0,15,2022
Joshua Palmer,Dave Sucks,WR,LAC,Bench,9.6,9.9,15,2022
Lamar Jackson,Dave Sucks,QB,BAL,Bench,0,0,15,2022
Rondale Moore,Dave Sucks,WR,ARI,Bench,0,0,15,2022
Tyler Boyd,Dave Sucks,WR,CIN,Bench,8.9,14.5,15,2022
Packers,Dave Sucks,D/ST,GB,D/ST,6.3,13,15,2022
Adam Thielen,Dave Sucks,WR,MIN,FLEX,11.3,13.1,15,2022
Harrison Butker,Dave Sucks,K,KC,K,8,3,15,2022
Derek Carr,Dave Sucks,QB,LV,QB,13.7,19.24,15,2022
Derrick Henry,Dave Sucks,RB,TEN,RB,19.7,26.3,15,2022
Tony Pollard,Dave Sucks,RB,DAL,RB,14,14.6,15,2022
T.J. Hockenson,Dave Sucks,TE,MIN,TE,11.5,8.3,15,2022
Brandon Aiyuk,Dave Sucks,WR,SF,WR,14,3.9,15,2022
DK Metcalf,Dave Sucks,WR,SEA,WR,16,12.5,15,2022
Cowboys,Justin Jefferson,D/ST,DAL,Bench,5.5,0,15,2022
D'Onta Foreman,Justin Jefferson,RB,CAR,Bench,11.3,0.9,15,2022
Diontae Johnson,Justin Jefferson,WR,PIT,Bench,12.6,20,15,2022
Travis Etienne Jr.,Justin Jefferson,RB,JAX,Bench,13.6,12.7,15,2022
Trevor Lawrence,Justin Jefferson,QB,JAX,Bench,17,26.82,15,2022
Treylon Burks,Justin Jefferson,WR,TEN,Bench,0,0,15,2022
Younghoe Koo,Justin Jefferson,K,ATL,Bench,7.4,4,15,2022
Eagles,Justin Jefferson,D/ST,PHI,D/ST,6.3,10,15,2022
Keenan Allen,Justin Jefferson,WR,LAC,FLEX,16.3,16.6,15,2022
Dallas Goedert,Justin Jefferson,TE,PHI,IR,0,0,15,2022
Chris Boswell,Justin Jefferson,K,PIT,K,8.4,8,15,2022
Josh Allen,Justin Jefferson,QB,BUF,QB,22.4,35.86,15,2022
Christian McCaffrey,Justin Jefferson,RB,SF,RB,21.9,25.8,15,2022
J.K. Dobbins,Justin Jefferson,RB,BAL,RB,10.3,13.8,15,2022
Mark Andrews,Justin Jefferson,TE,BAL,TE,12.4,6.1,15,2022
CeeDee Lamb,Justin Jefferson,WR,DAL,WR,15.9,19.7,15,2022
Justin Jefferson,Justin Jefferson,WR,MIN,WR,18.3,30.3,15,2022
Aaron Rodgers,My Boy,QB,GB,Bench,15.6,10.86,15,2022
Amari Cooper,My Boy,WR,CLE,Bench,14.2,9.8,15,2022
Antonio Gibson,My Boy,RB,WSH,Bench,11,4.7,15,2022
Jakobi Meyers,My Boy,WR,NE,Bench,10.7,4.7,15,2022
Jaylen Waddle,My Boy,WR,MIA,Bench,14.1,20.4,15,2022
Panthers,My Boy,D/ST,CAR,Bench,6.7,1,15,2022
Patriots,My Boy,D/ST,NE,Bench,5.4,11,15,2022
Saints,My Boy,D/ST,NO,D/ST,6.9,6,15,2022
Zonovan Knight,My Boy,RB,NYJ,FLEX,12.2,2.3,15,2022
Graham Gano,My Boy,K,NYG,K,7.3,12,15,2022
Tyler Huntley,My Boy,QB,BAL,QB,16.3,5.02,15,2022
Alvin Kamara,My Boy,RB,NO,RB,15.3,12.4,15,2022
Rhamondre Stevenson,My Boy,RB,NE,RB,17.1,24.8,15,2022
Dalton Schultz,My Boy,TE,DAL,TE,10.5,3.5,15,2022
Garrett Wilson,My Boy,WR,NYJ,WR,13.4,13.8,15,2022
Ja'Marr Chase,My Boy,WR,CIN,WR,18.8,19,15,2022
Dolphins,Scammer got Scammed,D/ST,MIA,Bench,3.8,0,15,2022
Donovan Peoples-Jones,Scammer got Scammed,WR,CLE,Bench,10.2,13.1,15,2022
Jerick McKinnon,Scammer got Scammed,RB,KC,Bench,12,34.2,15,2022
Justin Tucker,Scammer got Scammed,K,BAL,Bench,7.9,3,15,2022
Kirk Cousins,Scammer got Scammed,QB,MIN,Bench,16.2,32.4,15,2022
Tyler Bass,Scammer got Scammed,K,BUF,Bench,8.4,6,15,2022
Van Jefferson,Scammer got Scammed,WR,LAR,Bench,9.2,5.2,15,2022
49ers,Scammer got Scammed,D/ST,SF,D/ST,6.6,10,15,2022
Zay Jones,Scammer got Scammed,WR,JAX,FLEX,13.4,34.9,15,2022
Greg Zuerlein,Scammer got Scammed,K,NYJ,K,7.5,4,15,2022
Joe Burrow,Scammer got Scammed,QB,CIN,QB,20.4,24.8,15,2022
Austin Ekeler,Scammer got Scammed,RB,LAC,RB,19.7,15,15,2022
Nick Chubb,Scammer got Scammed,RB,CLE,RB,13.8,9.9,15,2022
Cole Kmet,Scammer got Scammed,TE,CHI,TE,8.9,6.5,15,2022
Stefon Diggs,Scammer got Scammed,WR,BUF,WR,17.8,10.7,15,2022
Tyreek Hill,Scammer got Scammed,WR,MIA,WR,22.2,21.9,15,2022
D'Onta Foreman,Justin Jefferson,RB,CAR,Bench,10.4,22.5,16,2022
Dallas Goedert,Justin Jefferson,TE,PHI,Bench,10,9.7,16,2022
Diontae Johnson,Justin Jefferson,WR,PIT,Bench,12.4,11.4,16,2022
Eagles,Justin Jefferson,D/ST,PHI,Bench,4.6,8,16,2022
Travis Etienne Jr.,Justin Jefferson,RB,JAX,Bench,14,14.2,16,2022
Trevor Lawrence,Justin Jefferson,QB,JAX,Bench,14.4,18.26,16,2022
Treylon Burks,Justin Jefferson,WR,TEN,Bench,7.8,1.5,16,2022
Titans,Justin Jefferson,D/ST,TEN,D/ST,7.6,5,16,2022
Keenan Allen,Justin Jefferson,WR,LAC,FLEX,15.9,21.4,16,2022
Chris Boswell,Justin Jefferson,K,PIT,K,8.6,7,16,2022
Josh Allen,Justin Jefferson,QB,BUF,QB,22.3,22.98,16,2022
Christian McCaffrey,Justin Jefferson,RB,SF,RB,21.6,13.8,16,2022
J.K. Dobbins,Justin Jefferson,RB,BAL,RB,11.8,5.9,16,2022
Mark Andrews,Justin Jefferson,TE,BAL,TE,12.3,7.5,16,2022
CeeDee Lamb,Justin Jefferson,WR,DAL,WR,14.1,34,16,2022
Justin Jefferson,Justin Jefferson,WR,MIN,WR,20.9,31.3,16,2022
AJ Dillon,PEDeAndre Hopkins,RB,GB,Bench,9.7,12.8,16,2022
Alexander Mattison,PEDeAndre Hopkins,RB,MIN,Bench,3.7,1.7,16,2022
Cam Akers,PEDeAndre Hopkins,RB,LAR,Bench,10.5,34.7,16,2022
Cordarrelle Patterson,PEDeAndre Hopkins,RB,ATL,Bench,10.4,4.1,16,2022
Deebo Samuel,PEDeAndre Hopkins,WR,SF,Bench,0,0,16,2022
Deshaun Watson,PEDeAndre Hopkins,QB,CLE,Bench,13.9,11.8,16,2022
Tyler Lockett,PEDeAndre Hopkins,WR,SEA,Bench,0,0,16,2022
Vikings,PEDeAndre Hopkins,D/ST,MIN,D/ST,5.2,6,16,2022
George Pickens,PEDeAndre Hopkins,WR,PIT,FLEX,7.8,16.7,16,2022
Cooper Kupp,PEDeAndre Hopkins,WR,LAR,IR,0,0,16,2022
Jason Myers,PEDeAndre Hopkins,K,SEA,K,7.8,4,16,2022
Justin Fields,PEDeAndre Hopkins,QB,CHI,QB,19.1,9.86,16,2022
Kenneth Walker III,PEDeAndre Hopkins,RB,SEA,RB,15,12.5,16,2022
Rachaad White,PEDeAndre Hopkins,RB,TB,RB,11.3,15.3,16,2022
Travis Kelce,PEDeAndre Hopkins,TE,KC,TE,18,17.3,16,2022
DJ Moore,PEDeAndre Hopkins,WR,CAR,WR,12,20.1,16,2022
DeAndre Hopkins,PEDeAndre Hopkins,WR,ARI,WR,14.3,1.4,16,2022
Dolphins,Scammer got Scammed,D/ST,MIA,Bench,4.6,4,16,2022
Donovan Peoples-Jones,Scammer got Scammed,WR,CLE,Bench,7.4,1.2,16,2022
Greg Zuerlein,Scammer got Scammed,K,NYJ,Bench,6.2,3,16,2022
Kirk Cousins,Scammer got Scammed,QB,MIN,Bench,18,24.16,16,2022
Tyler Bass,Scammer got Scammed,K,BUF,Bench,7.1,2,16,2022
Van Jefferson,Scammer got Scammed,WR,LAR,Bench,7.4,4.9,16,2022
Zay Jones,Scammer got Scammed,WR,JAX,Bench,11.7,2.1,16,2022
49ers,Scammer got Scammed,D/ST,SF,D/ST,8,6,16,2022
Jerick McKinnon,Scammer got Scammed,RB,KC,FLEX,13.6,12.8,16,2022
Justin Tucker,Scammer got Scammed,K,BAL,K,8.3,8,16,2022
Joe Burrow,Scammer got Scammed,QB,CIN,QB,18.7,23.5,16,2022
Austin Ekeler,Scammer got Scammed,RB,LAC,RB,18,23.9,16,2022
Nick Chubb,Scammer got Scammed,RB,CLE,RB,17,11.2,16,2022
Cole Kmet,Scammer got Scammed,TE,CHI,TE,7.6,7.7,16,2022
Stefon Diggs,Scammer got Scammed,WR,BUF,WR,16.4,4.6,16,2022
Tyreek Hill,Scammer got Scammed,WR,MIA,WR,22.4,14.3,16,2022
Chase Claypool,Silence D at work,WR,CHI,Bench,0,0,16,2022
Darius Slayton,Silence D at work,WR,NYG,Bench,11.3,11.9,16,2022
Devin Singletary,Silence D at work,RB,BUF,Bench,11.4,20.5,16,2022
Jalen Hurts,Silence D at work,QB,PHI,Bench,0,0,16,2022
Taysom Hill,Silence D at work,TE,NO,Bench,8.8,11.6,16,2022
Tom Brady,Silence D at work,QB,TB,Bench,17.1,11.34,16,2022
Chiefs,Silence D at work,D/ST,KC,D/ST,4.9,7,16,2022
JuJu Smith-Schuster,Silence D at work,WR,KC,FLEX,14.2,5.7,16,2022
Clyde Edwards-Helaire,Silence D at work,RB,KC,IR,0,0,16,2022
Cade York,Silence D at work,K,CLE,K,6,4,16,2022
Gardner Minshew,Silence D at work,QB,PHI,QB,16.5,22.7,16,2022
James Conner,Silence D at work,RB,ARI,RB,19.2,25,16,2022
Saquon Barkley,Silence D at work,RB,NYG,RB,18,27.3,16,2022
George Kittle,Silence D at work,TE,SF,TE,10.5,30,16,2022
DeVonta Smith,Silence D at work,WR,PHI,WR,14.1,31.3,16,2022
Gabe Davis,Silence D at work,WR,BUF,WR,9.8,11.5,16,2022
D'Onta Foreman,Justin Jefferson,RB,CAR,Bench,10.5,3.5,17,2022
Dallas Goedert,Justin Jefferson,TE,PHI,Bench,10.4,7.5,17,2022
Diontae Johnson,Justin Jefferson,WR,PIT,Bench,11.7,5.5,17,2022
Eagles,Justin Jefferson,D/ST,PHI,Bench,6.6,10,17,2022
Ryan Succop,Justin Jefferson,K,TB,Bench,8,2,17,2022
Trevor Lawrence,Justin Jefferson,QB,JAX,Bench,18.5,4.48,17,2022
Tyler Higbee,Justin Jefferson,TE,LAR,Bench,9.6,4.1,17,2022
Cowboys,Justin Jefferson,D/ST,DAL,D/ST,8.8,9,17,2022
Keenan Allen,Justin Jefferson,WR,LAC,FLEX,16.1,11.8,17,2022
Evan McPherson,Justin Jefferson,K,CIN,K,8.2,0,17,2022
Josh Allen,Justin Jefferson,QB,BUF,QB,22.1,0,17,2022
Christian McCaffrey,Justin Jefferson,RB,SF,RB,21.9,31.3,17,2022
Travis Etienne Jr.,Justin Jefferson,RB,JAX,RB,16.1,23,17,2022
Mark Andrews,Justin Jefferson,TE,BAL,TE,11.1,19,17,2022
CeeDee Lamb,Justin Jefferson,WR,DAL,WR,16.2,21,17,2022
Justin Jefferson,Justin Jefferson,WR,MIN,WR,23,2.5,17,2022
Alexander Mattison,PEDeAndre Hopkins,RB,MIN,Bench,4.3,5.5,17,2022
Cam Akers,PEDeAndre Hopkins,RB,LAR,Bench,14.1,14.3,17,2022
Cordarrelle Patterson,PEDeAndre Hopkins,RB,ATL,Bench,10.6,20.4,17,2022
DJ Moore,PEDeAndre Hopkins,WR,CAR,Bench,12.2,23.7,17,2022
Deshaun Watson,PEDeAndre Hopkins,QB,CLE,Bench,14.9,21.86,17,2022
George Pickens,PEDeAndre Hopkins,WR,PIT,Bench,7.6,4.9,17,2022
Tyler Lockett,PEDeAndre Hopkins,WR,SEA,Bench,14.1,3.5,17,2022
Vikings,PEDeAndre Hopkins,D/ST,MIN,D/ST,4.2,0,17,2022
Cooper Kupp,PEDeAndre Hopkins,WR,LAR,FLEX,0,0,17,2022
Jason Myers,PEDeAndre Hopkins,K,SEA,K,7.9,10,17,2022
Justin Fields,PEDeAndre Hopkins,QB,CHI,QB,23,16.2,17,2022
Breece Hall,PEDeAndre Hopkins,RB,NYJ,RB,0,0,17,2022
Kenneth Walker III,PEDeAndre Hopkins,RB,SEA,RB,13,15.2,17,2022
Travis Kelce,PEDeAndre Hopkins,TE,KC,TE,16.7,11.3,17,2022
DeAndre Hopkins,PEDeAndre Hopkins,WR,ARI,WR,0,0,17,2022
Deebo Samuel,PEDeAndre Hopkins,WR,SF,WR,0,0,17,2022
Dolphins,Scammer got Scammed,D/ST,MIA,Bench,6.3,6,17,2022
Donovan Peoples-Jones,Scammer got Scammed,WR,CLE,Bench,8.9,8.3,17,2022
Greg Zuerlein,Scammer got Scammed,K,NYJ,Bench,7.4,7,17,2022
Kirk Cousins,Scammer got Scammed,QB,MIN,Bench,19,7.9,17,2022
Tyler Bass,Scammer got Scammed,K,BUF,Bench,7.8,0,17,2022
Van Jefferson,Scammer got Scammed,WR,LAR,Bench,7.2,10.7,17,2022
Zay Jones,Scammer got Scammed,WR,JAX,Bench,12.8,5.4,17,2022
49ers,Scammer got Scammed,D/ST,SF,D/ST,8,-3,17,2022
Jerick McKinnon,Scammer got Scammed,RB,KC,FLEX,11.7,22.6,17,2022
Justin Tucker,Scammer got Scammed,K,BAL,K,7.5,9,17,2022
Joe Burrow,Scammer got Scammed,QB,CIN,QB,20.4,0,17,2022
Austin Ekeler,Scammer got Scammed,RB,LAC,RB,17.5,32.1,17,2022
Nick Chubb,Scammer got Scammed,RB,CLE,RB,13.4,12.6,17,2022
Cole Kmet,Scammer got Scammed,TE,CHI,TE,10.7,10.7,17,2022
Stefon Diggs,Scammer got Scammed,WR,BUF,WR,16.9,0,17,2022
Tyreek Hill,Scammer got Scammed,WR,MIA,WR,19.4,15.7,17,2022
Chase Claypool,Silence D at work,WR,CHI,Bench,9.9,0,17,2022
Darius Slayton,Silence D at work,WR,NYG,Bench,10.1,1.4,17,2022
Devin Singletary,Silence D at work,RB,BUF,Bench,9.7,0,17,2022
Jalen Hurts,Silence D at work,QB,PHI,Bench,0,0,17,2022
Michael Gallup,Silence D at work,WR,DAL,Bench,9.4,6.9,17,2022
Taysom Hill,Silence D at work,TE,NO,Bench,6.3,13.56,17,2022
Tom Brady,Silence D at work,QB,TB,Bench,17.2,37.68,17,2022
Chiefs,Silence D at work,D/ST,KC,D/ST,6.8,8,17,2022
JuJu Smith-Schuster,Silence D at work,WR,KC,FLEX,12.4,4.1,17,2022
Clyde Edwards-Helaire,Silence D at work,RB,KC,IR,0,0,17,2022
Cade York,Silence D at work,K,CLE,K,6.4,6,17,2022
Gardner Minshew,Silence D at work,QB,PHI,QB,17.3,12.96,17,2022
James Conner,Silence D at work,RB,ARI,RB,19.3,14,17,2022
Saquon Barkley,Silence D at work,RB,NYG,RB,20.4,7.3,17,2022
George Kittle,Silence D at work,TE,SF,TE,12.8,12.3,17,2022
DeVonta Smith,Silence D at work,WR,PHI,WR,13.8,20.5,17,2022
Gabe Davis,Silence D at work,WR,BUF,WR,11.5,0,17,2022
Aaron Rodgers,Chase-ing Young Children,QB,NYJ,Bench,0,0,1,2023
Bills,Chase-ing Young Children,D/ST,BUF,Bench,0,7,1,2023
Brian Robinson Jr.,Chase-ing Young Children,RB,WSH,Bench,0,13.6,1,2023
Christian Kirk,Chase-ing Young Children,WR,JAX,Bench,0,1.9,1,2023
Dalvin Cook,Chase-ing Young Children,RB,NYJ,Bench,12,8.9,1,2023
Mark Andrews,Chase-ing Young Children,TE,BAL,Bench,0,0,1,2023
Samaje Perine,Chase-ing Young Children,RB,DEN,Bench,0,11.8,1,2023
Jaguars,Chase-ing Young Children,D/ST,JAX,D/ST,0,13,1,2023
Rhamondre Stevenson,Chase-ing Young Children,RB,NE,FLEX,0,14.9,1,2023
Jason Myers,Chase-ing Young Children,K,SEA,K,8.6,7,1,2023
Daniel Jones,Chase-ing Young Children,QB,NYG,QB,0,4.46,1,2023
Kenneth Walker III,Chase-ing Young Children,RB,SEA,RB,0,10.7,1,2023
Tony Pollard,Chase-ing Young Children,RB,DAL,RB,0,22.2,1,2023
Greg Dulcich,Chase-ing Young Children,TE,DEN,TE,0,4.2,1,2023
Diontae Johnson,Chase-ing Young Children,WR,PIT,WR,0,7.8,1,2023
Justin Jefferson,Chase-ing Young Children,WR,MIN,WR,0,24,1,2023
Antonio Gibson,Cup of Joe,RB,WSH,Bench,0,0.9,1,2023
Courtland Sutton,Cup of Joe,WR,DEN,Bench,0,13.2,1,2023
D'Andre Swift,Cup of Joe,RB,PHI,Bench,0,1.3,1,2023
Gabe Davis,Cup of Joe,WR,BUF,Bench,0,5.2,1,2023
Jahan Dotson,Cup of Joe,WR,WSH,Bench,0,9,1,2023
Jared Goff,Cup of Joe,QB,DET,Bench,0,14.02,1,2023
K.J. Osborn,Cup of Joe,WR,MIN,Bench,0,6.1,1,2023
Eagles,Cup of Joe,D/ST,PHI,D/ST,0,11,1,2023
Terry McLaurin,Cup of Joe,WR,WSH,FLEX,0,5.1,1,2023
Tyler Bass,Cup of Joe,K,BUF,K,8,13,1,2023
Justin Herbert,Cup of Joe,QB,LAC,QB,0,20.86,1,2023
Austin Ekeler,Cup of Joe,RB,LAC,RB,0,26.4,1,2023
Joe Mixon,Cup of Joe,RB,CIN,RB,0,10.3,1,2023
Evan Engram,Cup of Joe,TE,JAX,TE,0,9.9,1,2023
Amon-Ra St. Brown,Cup of Joe,WR,DET,WR,0,19.1,1,2023
Tee Higgins,Cup of Joe,WR,CIN,WR,0,0,1,2023
AJ Dillon,Jah is gay,RB,GB,Bench,0,5.6,1,2023
Brandon Aiyuk,Jah is gay,WR,SF,Bench,0,32.9,1,2023
Browns,Jah is gay,D/ST,CLE,Bench,0,9,1,2023
Geno Smith,Jah is gay,QB,SEA,Bench,0,9.08,1,2023
Michael Pittman Jr.,Jah is gay,WR,IND,Bench,0,23.7,1,2023
Rondale Moore,Jah is gay,WR,ARI,Bench,0,7.5,1,2023
Skyy Moore,Jah is gay,WR,KC,Bench,0,0.4,1,2023
Falcons,Jah is gay,D/ST,ATL,D/ST,0,13,1,2023
Miles Sanders,Jah is gay,RB,CAR,FLEX,0,11.8,1,2023
Jeff Wilson Jr.,Jah is gay,RB,MIA,IR,0,0,1,2023
Graham Gano,Jah is gay,K,NYG,K,8.1,-2,1,2023
Josh Allen,Jah is gay,QB,BUF,QB,0,9.04,1,2023
Derrick Henry,Jah is gay,RB,TEN,RB,0,13.9,1,2023
Saquon Barkley,Jah is gay,RB,NYG,RB,0,9.3,1,2023
Pat Freiermuth,Jah is gay,TE,PIT,TE,0,7.3,1,2023
Amari Cooper,Jah is gay,WR,CLE,WR,0,6.7,1,2023
Chris Olave,Jah is gay,WR,NO,WR,0,19.2,1,2023
Allen Lazard,Mr. FigureItOut,WR,NYJ,Bench,0,6.6,1,2023
DJ Moore,Mr. FigureItOut,WR,CHI,Bench,0,4.5,1,2023
Evan Hull,Mr. FigureItOut,RB,IND,Bench,0,1.7,1,2023
J.K. Dobbins,Mr. FigureItOut,RB,BAL,Bench,12.7,11.7,1,2023
Kadarius Toney,Mr. FigureItOut,WR,KC,Bench,0,1,1,2023
Khalil Herbert,Mr. FigureItOut,RB,CHI,Bench,0,11.4,1,2023
Odell Beckham Jr.,Mr. FigureItOut,WR,BAL,Bench,10.8,5.7,1,2023
Ravens,Mr. FigureItOut,D/ST,BAL,D/ST,0,12,1,2023
DeAndre Hopkins,Mr. FigureItOut,WR,TEN,FLEX,0,13.5,1,2023
Jake Elliott,Mr. FigureItOut,K,PHI,K,8.3,18,1,2023
Trevor Lawrence,Mr. FigureItOut,QB,JAX,QB,0,17.74,1,2023
Bijan Robinson,Mr. FigureItOut,RB,ATL,RB,0,20.3,1,2023
Josh Jacobs,Mr. FigureItOut,RB,LV,RB,0,9.1,1,2023
David Njoku,Mr. FigureItOut,TE,CLE,TE,0,4.4,1,2023
Calvin Ridley,Mr. FigureItOut,WR,JAX,WR,0,24.1,1,2023
Chris Godwin,Mr. FigureItOut,WR,TB,WR,0,10.1,1,2023
Adam Thielen,My digg hurts,WR,CAR,Bench,0,3.2,1,2023
Cooper Kupp,My digg hurts,WR,LAR,Bench,0,0,1,2023
David Montgomery,My digg hurts,RB,DET,Bench,0,13.4,1,2023
Jonathan Taylor,My digg hurts,RB,IND,Bench,0,0,1,2023
JuJu Smith-Schuster,My digg hurts,WR,NE,Bench,0,7.3,1,2023
Kareem Hunt,My digg hurts,RB,FA,Bench,0,0,1,2023
Kyler Murray,My digg hurts,QB,ARI,Bench,0,0,1,2023
Cowboys,My digg hurts,D/ST,DAL,D/ST,0,35,1,2023
Deebo Samuel,My digg hurts,WR,SF,FLEX,0,11.3,1,2023
Brandon McManus,My digg hurts,K,JAX,K,8.3,8,1,2023
Jalen Hurts,My digg hurts,QB,PHI,QB,0,12.5,1,2023
Alexander Mattison,My digg hurts,RB,MIN,RB,0,13.4,1,2023
Javonte Williams,My digg hurts,RB,DEN,RB,0,9.7,1,2023
T.J. Hockenson,My digg hurts,TE,MIN,TE,12.5,11.5,1,2023
Michael Thomas,My digg hurts,WR,NO,WR,12.2,11.1,1,2023
Stefon Diggs,My digg hurts,WR,BUF,WR,0,26.2,1,2023
Brandin Cooks,PEDeAndre Hopkins,WR,DAL,Bench,0,4.2,1,2023
Breece Hall,PEDeAndre Hopkins,RB,NYJ,Bench,0,15.7,1,2023
Christian Watson,PEDeAndre Hopkins,WR,GB,Bench,0,0,1,2023
Drake London,PEDeAndre Hopkins,WR,ATL,Bench,0,0,1,2023
Kirk Cousins,PEDeAndre Hopkins,QB,MIN,Bench,0,16.46,1,2023
Travis Kelce,PEDeAndre Hopkins,TE,KC,Bench,0,0,1,2023
Zay Jones,PEDeAndre Hopkins,WR,JAX,Bench,0,16.5,1,2023
Patriots,PEDeAndre Hopkins,D/ST,NE,D/ST,0,7,1,2023
Raheem Mostert,PEDeAndre Hopkins,RB,MIA,FLEX,0,13,1,2023
Younghoe Koo,PEDeAndre Hopkins,K,ATL,K,7.9,7,1,2023
Patrick Mahomes,PEDeAndre Hopkins,QB,KC,QB,0,19.54,1,2023
Jamaal Williams,PEDeAndre Hopkins,RB,NO,RB,0,7.2,1,2023
Rachaad White,PEDeAndre Hopkins,RB,TB,RB,0,6.9,1,2023
Tyler Conklin,PEDeAndre Hopkins,TE,NYJ,TE,0,1.2,1,2023
DeVonta Smith,PEDeAndre Hopkins,WR,PHI,WR,0,17.7,1,2023
Jaylen Waddle,PEDeAndre Hopkins,WR,MIA,WR,0,11.8,1,2023
Chase Claypool,Pocket Aces,WR,CHI,Bench,7.8,0,1,2023
Cole Kmet,Pocket Aces,TE,CHI,Bench,0,9.4,1,2023
Dak Prescott,Pocket Aces,QB,DAL,Bench,0,6.32,1,2023
Dalton Schultz,Pocket Aces,TE,HOU,Bench,0,2.4,1,2023
Damien Harris,Pocket Aces,RB,BUF,Bench,5.8,3.9,1,2023
Marquise Brown,Pocket Aces,WR,ARI,Bench,0,8.7,1,2023
Michael Gallup,Pocket Aces,WR,DAL,Bench,9.4,2,1,2023
Steelers,Pocket Aces,D/ST,PIT,D/ST,0,3,1,2023
Cam Akers,Pocket Aces,RB,LAR,FLEX,13.5,8.9,1,2023
Justin Tucker,Pocket Aces,K,BAL,K,8.8,5,1,2023
Justin Fields,Pocket Aces,QB,CHI,QB,0,14.54,1,2023
Christian McCaffrey,Pocket Aces,RB,SF,RB,0,25.9,1,2023
Dameon Pierce,Pocket Aces,RB,HOU,RB,0,6.7,1,2023
Kyle Pitts,Pocket Aces,TE,ATL,TE,0,6.4,1,2023
CeeDee Lamb,Pocket Aces,WR,DAL,WR,0,11.7,1,2023
DK Metcalf,Pocket Aces,WR,SEA,WR,0,13.7,1,2023
Jakobi Meyers,Riley Reid Option,WR,LV,Bench,0,29.1,1,2023
James Cook,Riley Reid Option,RB,BUF,Bench,0,10.3,1,2023
Mike Williams,Riley Reid Option,WR,LAC,Bench,0,8.5,1,2023
Treylon Burks,Riley Reid Option,WR,TEN,Bench,0,4.7,1,2023
Tua Tagovailoa,Riley Reid Option,QB,MIA,Bench,0,27.14,1,2023
Zach Charbonnet,Riley Reid Option,RB,SEA,Bench,0,1.1,1,2023
Zay Flowers,Riley Reid Option,WR,BAL,Bench,0,17.7,1,2023
Commanders,Riley Reid Option,D/ST,WSH,D/ST,0,12,1,2023
Tyler Lockett,Riley Reid Option,WR,SEA,FLEX,0,3,1,2023
Daniel Carlson,Riley Reid Option,K,LV,K,8.2,5,1,2023
Joe Burrow,Riley Reid Option,QB,CIN,QB,0,3.18,1,2023
Jahmyr Gibbs,Riley Reid Option,RB,DET,RB,0,8,1,2023
Travis Etienne Jr.,Riley Reid Option,RB,JAX,RB,0,21.4,1,2023
Dallas Goedert,Riley Reid Option,TE,PHI,TE,0,0,1,2023
Garrett Wilson,Riley Reid Option,WR,NYJ,WR,0,14.4,1,2023
Ja'Marr Chase,Riley Reid Option,WR,CIN,WR,0,9.1,1,2023
DJ Chark Jr.,S(kittle),WR,CAR,Bench,0,0,1,2023
Darnell Mooney,S(kittle),WR,CHI,Bench,0,15.3,1,2023
Elijah Moore,S(kittle),WR,CLE,Bench,0,9.2,1,2023
George Pickens,S(kittle),WR,PIT,Bench,0,8.6,1,2023
Jerick McKinnon,S(kittle),RB,KC,Bench,11.2,2,1,2023
Jordan Addison,S(kittle),WR,MIN,Bench,0,16.1,1,2023
Tyler Higbee,S(kittle),TE,LAR,Bench,11.8,7.9,1,2023
Dolphins,S(kittle),D/ST,MIA,D/ST,0,-1,1,2023
Keenan Allen,S(kittle),WR,LAC,FLEX,0,14.2,1,2023
Matt Gay,S(kittle),K,IND,K,8,3,1,2023
Deshaun Watson,S(kittle),QB,CLE,QB,0,20.66,1,2023
James Conner,S(kittle),RB,ARI,RB,0,12,1,2023
Najee Harris,S(kittle),RB,PIT,RB,0,5.3,1,2023
George Kittle,S(kittle),TE,SF,TE,0,4.9,1,2023
A.J. Brown,S(kittle),WR,PHI,WR,0,14.9,1,2023
Davante Adams,S(kittle),WR,LV,WR,0,12.6,1,2023
Alvin Kamara,Team Chieffo,RB,NO,Bench,0,0,1,2023
Anthony Richardson,Team Chieffo,QB,IND,Bench,0,20.92,1,2023
Jaxon Smith-Njigba,Team Chieffo,WR,SEA,Bench,0,4.3,1,2023
Jerry Jeudy,Team Chieffo,WR,DEN,Bench,0,0,1,2023
Marquez Valdes-Scantling,Team Chieffo,WR,KC,Bench,9.5,6.8,1,2023
Quentin Johnston,Team Chieffo,WR,LAC,Bench,0,2.9,1,2023
Tyler Boyd,Team Chieffo,WR,CIN,Bench,8.1,3,1,2023
49ers,Team Chieffo,D/ST,SF,D/ST,0,14,1,2023
Isiah Pacheco,Team Chieffo,RB,KC,FLEX,0,9.4,1,2023
Evan McPherson,Team Chieffo,K,CIN,K,0,3,1,2023
Lamar Jackson,Team Chieffo,QB,BAL,QB,0,6.56,1,2023
Aaron Jones,Team Chieffo,RB,GB,RB,0,26.7,1,2023
Nick Chubb,Team Chieffo,RB,CLE,RB,0,16.7,1,2023
Darren Waller,Team Chieffo,TE,NYG,TE,0,6.6,1,2023
Mike Evans,Team Chieffo,WR,TB,WR,0,18.6,1,2023
Tyreek Hill,Team Chieffo,WR,MIA,WR,0,44.5,1,2023
Brian Robinson Jr.,Chase-ing Young Children,RB,WSH,Bench,10.7,28.9,2,2023
Christian Kirk,Chase-ing Young Children,WR,JAX,Bench,10.4,21.96,2,2023
Dalvin Cook,Chase-ing Young Children,RB,NYJ,Bench,10.4,0.2,2,2023
Diontae Johnson,Chase-ing Young Children,WR,PIT,Bench,0,0,2,2023
Greg Dulcich,Chase-ing Young Children,TE,DEN,Bench,0,0,2,2023
Samaje Perine,Chase-ing Young Children,RB,DEN,Bench,9.4,5.4,2,2023
Bills,Chase-ing Young Children,D/ST,BUF,D/ST,6.1,11,2,2023
Rhamondre Stevenson,Chase-ing Young Children,RB,NE,FLEX,14.7,15,2,2023
Jason Myers,Chase-ing Young Children,K,SEA,K,8.1,5,2,2023
Daniel Jones,Chase-ing Young Children,QB,NYG,QB,18.1,30.74,2,2023
Kenneth Walker III,Chase-ing Young Children,RB,SEA,RB,15,18.4,2,2023
Tony Pollard,Chase-ing Young Children,RB,DAL,RB,17.4,19.9,2,2023
Mark Andrews,Chase-ing Young Children,TE,BAL,TE,12.4,15.5,2,2023
Justin Jefferson,Chase-ing Young Children,WR,MIN,WR,22.1,24.9,2,2023
Puka Nacua,Chase-ing Young Children,WR,LAR,WR,12.2,30.1,2,2023
Courtland Sutton,Cup of Joe,WR,DEN,Bench,11.2,11.6,2,2023
D'Andre Swift,Cup of Joe,RB,PHI,Bench,12.1,27.1,2,2023
Gabe Davis,Cup of Joe,WR,BUF,Bench,11.6,21.2,2,2023
Jahan Dotson,Cup of Joe,WR,WSH,Bench,11.7,5.2,2,2023
Jared Goff,Cup of Joe,QB,DET,Bench,15.7,22.92,2,2023
Justice Hill,Cup of Joe,RB,BAL,Bench,7.4,8.3,2,2023
K.J. Osborn,Cup of Joe,WR,MIN,Bench,8.6,12.4,2,2023
Eagles,Cup of Joe,D/ST,PHI,D/ST,5.1,6,2,2023
Terry McLaurin,Cup of Joe,WR,WSH,FLEX,13,16.4,2,2023
Austin Ekeler,Cup of Joe,RB,LAC,IR,0,0,2,2023
Tyler Bass,Cup of Joe,K,BUF,K,8.8,8,2,2023
Justin Herbert,Cup of Joe,QB,LAC,QB,19,22.2,2,2023
Antonio Gibson,Cup of Joe,RB,WSH,RB,8.5,8.3,2,2023
Joe Mixon,Cup of Joe,RB,CIN,RB,16,13.5,2,2023
Evan Engram,Cup of Joe,TE,JAX,TE,9.8,11.7,2,2023
Amon-Ra St. Brown,Cup of Joe,WR,DET,WR,16.6,14.2,2,2023
Tee Higgins,Cup of Joe,WR,CIN,WR,14.7,28.9,2,2023
Amari Cooper,Jah is gay,WR,CLE,Bench,0,16,2,2023
Falcons,Jah is gay,D/ST,ATL,Bench,4.9,3,2,2023
Geno Smith,Jah is gay,QB,SEA,Bench,17.6,23.12,2,2023
Michael Pittman Jr.,Jah is gay,WR,IND,Bench,13.4,13.6,2,2023
Miles Sanders,Jah is gay,RB,CAR,Bench,13.7,7.7,2,2023
Rondale Moore,Jah is gay,WR,ARI,Bench,8,2.4,2,2023
Skyy Moore,Jah is gay,WR,KC,Bench,8.4,16,2,2023
Browns,Jah is gay,D/ST,CLE,D/ST,7.8,9,2,2023
AJ Dillon,Jah is gay,RB,GB,FLEX,15.4,7.3,2,2023
Jeff Wilson Jr.,Jah is gay,RB,MIA,IR,0,0,2,2023
Graham Gano,Jah is gay,K,NYG,K,8.3,7,2,2023
Josh Allen,Jah is gay,QB,BUF,QB,24.4,23.66,2,2023
Derrick Henry,Jah is gay,RB,TEN,RB,17.8,18.5,2,2023
Saquon Barkley,Jah is gay,RB,NYG,RB,18.6,27.2,2,2023
Pat Freiermuth,Jah is gay,TE,PIT,TE,9.5,1.2,2,2023
Brandon Aiyuk,Jah is gay,WR,SF,WR,13.9,7.3,2,2023
Chris Olave,Jah is gay,WR,NO,WR,14.5,14.6,2,2023
Allen Lazard,Mr. FigureItOut,WR,NYJ,Bench,9.4,4.3,2,2023
DJ Moore,Mr. FigureItOut,WR,CHI,Bench,12.2,16.4,2,2023
DeAndre Hopkins,Mr. FigureItOut,WR,TEN,Bench,12.9,8,2,2023
Kadarius Toney,Mr. FigureItOut,WR,KC,Bench,7.4,8.8,2,2023
Khalil Herbert,Mr. FigureItOut,RB,CHI,Bench,10.5,6.8,2,2023
Kyren Williams,Mr. FigureItOut,RB,LAR,Bench,11.5,28,2,2023
Odell Beckham Jr.,Mr. FigureItOut,WR,BAL,Bench,10.1,5.9,2,2023
Giants,Mr. FigureItOut,D/ST,NYG,D/ST,7.5,-2,2,2023
Joshua Kelley,Mr. FigureItOut,RB,LAC,FLEX,14.3,3.9,2,2023
Kenneth Gainwell,Mr. FigureItOut,RB,PHI,IR,0,0,2,2023
Jake Elliott,Mr. FigureItOut,K,PHI,K,8.8,12,2,2023
Trevor Lawrence,Mr. FigureItOut,QB,JAX,QB,18.4,9.24,2,2023
Bijan Robinson,Mr. FigureItOut,RB,ATL,RB,16.4,21.2,2,2023
Josh Jacobs,Mr. FigureItOut,RB,LV,RB,15.7,9.9,2,2023
David Njoku,Mr. FigureItOut,TE,CLE,TE,9.5,6.8,2,2023
Calvin Ridley,Mr. FigureItOut,WR,JAX,WR,16.8,5.2,2,2023
Chris Godwin,Mr. FigureItOut,WR,TB,WR,13.8,10.8,2,2023
David Montgomery,My digg hurts,RB,DET,Bench,13.6,12.4,2,2023
Jonathan Taylor,My digg hurts,RB,IND,Bench,0,0,2,2023
JuJu Smith-Schuster,My digg hurts,WR,NE,Bench,5.4,7.8,2,2023
Kyler Murray,My digg hurts,QB,ARI,Bench,0,0,2,2023
Michael Thomas,My digg hurts,WR,NO,Bench,11.4,12.5,2,2023
Tutu Atwell,My digg hurts,WR,LAR,Bench,10.5,15.2,2,2023
Cowboys,My digg hurts,D/ST,DAL,D/ST,8.3,16,2,2023
Tyler Allgeier,My digg hurts,RB,ATL,FLEX,13.2,4.8,2,2023
Cooper Kupp,My digg hurts,WR,LAR,IR,0,0,2,2023
Brandon McManus,My digg hurts,K,JAX,K,8.4,10,2,2023
Jalen Hurts,My digg hurts,QB,PHI,QB,24.7,25.22,2,2023
Alexander Mattison,My digg hurts,RB,MIN,RB,13.6,4.9,2,2023
Javonte Williams,My digg hurts,RB,DEN,RB,14.8,7.8,2,2023
T.J. Hockenson,My digg hurts,TE,MIN,TE,13.5,25.6,2,2023
Deebo Samuel,My digg hurts,WR,SF,WR,14.3,22.1,2,2023
Stefon Diggs,My digg hurts,WR,BUF,WR,17.9,13.6,2,2023
Brandin Cooks,PEDeAndre Hopkins,WR,DAL,Bench,0,0,2,2023
Christian Watson,PEDeAndre Hopkins,WR,GB,Bench,0,0,2,2023
Drake London,PEDeAndre Hopkins,WR,ATL,Bench,11,18.7,2,2023
Kirk Cousins,PEDeAndre Hopkins,QB,MIN,Bench,17.9,28.56,2,2023
Raheem Mostert,PEDeAndre Hopkins,RB,MIA,Bench,12.4,25.7,2,2023
Tyler Conklin,PEDeAndre Hopkins,TE,NYJ,Bench,6.3,10,2,2023
Zay Jones,PEDeAndre Hopkins,WR,JAX,Bench,11.9,0,2,2023
Patriots,PEDeAndre Hopkins,D/ST,NE,D/ST,4.3,4,2,2023
Breece Hall,PEDeAndre Hopkins,RB,NYJ,FLEX,10.5,0.9,2,2023
Younghoe Koo,PEDeAndre Hopkins,K,ATL,K,7.8,13,2,2023
Patrick Mahomes,PEDeAndre Hopkins,QB,KC,QB,23.3,21.2,2,2023
Jamaal Williams,PEDeAndre Hopkins,RB,NO,RB,13.2,2.9,2,2023
Rachaad White,PEDeAndre Hopkins,RB,TB,RB,15.1,21.3,2,2023
Travis Kelce,PEDeAndre Hopkins,TE,KC,TE,16.8,12.6,2,2023
DeVonta Smith,PEDeAndre Hopkins,WR,PHI,WR,15,23.1,2,2023
Jaylen Waddle,PEDeAndre Hopkins,WR,MIA,WR,14.5,12.4,2,2023
Cam Akers,Pocket Aces,RB,LAR,Bench,0,0,2,2023
Chase Claypool,Pocket Aces,WR,CHI,Bench,5.2,12.6,2,2023
Cole Kmet,Pocket Aces,TE,CHI,Bench,8.2,7.8,2,2023
Dak Prescott,Pocket Aces,QB,DAL,Bench,15.7,19.6,2,2023
Dalton Schultz,Pocket Aces,TE,HOU,Bench,9.1,7.4,2,2023
Damien Harris,Pocket Aces,RB,BUF,Bench,4.6,9.3,2,2023
Michael Gallup,Pocket Aces,WR,DAL,Bench,9.6,1.3,2,2023
Steelers,Pocket Aces,D/ST,PIT,D/ST,5.9,23,2,2023
Marquise Brown,Pocket Aces,WR,ARI,FLEX,12.1,17.4,2,2023
Justin Tucker,Pocket Aces,K,BAL,K,8.4,10,2,2023
Justin Fields,Pocket Aces,QB,CHI,QB,19,14.74,2,2023
Christian McCaffrey,Pocket Aces,RB,SF,RB,22.3,22.5,2,2023
Dameon Pierce,Pocket Aces,RB,HOU,RB,13.3,5.5,2,2023
Kyle Pitts,Pocket Aces,TE,ATL,TE,9.2,3.5,2,2023
CeeDee Lamb,Pocket Aces,WR,DAL,WR,16.1,25.3,2,2023
DK Metcalf,Pocket Aces,WR,SEA,WR,15.4,13.5,2,2023
Jakobi Meyers,Riley Reid Option,WR,LV,Bench,0,0,2,2023
Mike Williams,Riley Reid Option,WR,LAC,Bench,12.6,16.6,2,2023
Treylon Burks,Riley Reid Option,WR,TEN,Bench,10.3,10.6,2,2023
Tua Tagovailoa,Riley Reid Option,QB,MIA,Bench,17.9,12.26,2,2023
Tyler Lockett,Riley Reid Option,WR,SEA,Bench,13,25.9,2,2023
Zach Charbonnet,Riley Reid Option,RB,SEA,Bench,4.5,5,2,2023
Zay Flowers,Riley Reid Option,WR,BAL,Bench,12.2,10.8,2,2023
Commanders,Riley Reid Option,D/ST,WSH,D/ST,6.6,9,2,2023
Jahmyr Gibbs,Riley Reid Option,RB,DET,FLEX,13.2,12.6,2,2023
Daniel Carlson,Riley Reid Option,K,LV,K,7.6,5,2,2023
Joe Burrow,Riley Reid Option,QB,CIN,QB,20.7,15.38,2,2023
James Cook,Riley Reid Option,RB,BUF,RB,14.9,19.9,2,2023
Travis Etienne Jr.,Riley Reid Option,RB,JAX,RB,16.2,6.2,2,2023
Dallas Goedert,Riley Reid Option,TE,PHI,TE,10.4,8.2,2,2023
Garrett Wilson,Riley Reid Option,WR,NYJ,WR,14,16.3,2,2023
Ja'Marr Chase,Riley Reid Option,WR,CIN,WR,20.2,8.1,2,2023
DJ Chark Jr.,S(kittle),WR,CAR,Bench,8.8,2.5,2,2023
Darnell Mooney,S(kittle),WR,CHI,Bench,8.5,0,2,2023
Elijah Moore,S(kittle),WR,CLE,Bench,9.7,7.1,2,2023
George Pickens,S(kittle),WR,PIT,Bench,11.4,22.7,2,2023
Jerick McKinnon,S(kittle),RB,KC,Bench,8.3,5.2,2,2023
Jordan Addison,S(kittle),WR,MIN,Bench,11.7,16.2,2,2023
Tyler Higbee,S(kittle),TE,LAR,Bench,10,4.2,2,2023
Dolphins,S(kittle),D/ST,MIA,D/ST,6.9,11,2,2023
Keenan Allen,S(kittle),WR,LAC,FLEX,15.2,31.1,2,2023
Matt Gay,S(kittle),K,IND,K,7.8,8,2,2023
Deshaun Watson,S(kittle),QB,CLE,QB,17,11.6,2,2023
James Conner,S(kittle),RB,ARI,RB,15.1,16.6,2,2023
Najee Harris,S(kittle),RB,PIT,RB,13.2,5.3,2,2023
George Kittle,S(kittle),TE,SF,TE,11.4,6,2,2023
A.J. Brown,S(kittle),WR,PHI,WR,15.1,6.9,2,2023
Davante Adams,S(kittle),WR,LV,WR,19.2,20.4,2,2023
Aaron Jones,Team Chieffo,RB,GB,Bench,0,0,2,2023
Alvin Kamara,Team Chieffo,RB,NO,Bench,0,0,2,2023
Anthony Richardson,Team Chieffo,QB,IND,Bench,17.6,17.74,2,2023
Jaxon Smith-Njigba,Team Chieffo,WR,SEA,Bench,11.3,8.4,2,2023
Marquez Valdes-Scantling,Team Chieffo,WR,KC,Bench,9,3.3,2,2023
Quentin Johnston,Team Chieffo,WR,LAC,Bench,6.2,1.7,2,2023
Tyler Boyd,Team Chieffo,WR,CIN,Bench,8.8,11.2,2,2023
49ers,Team Chieffo,D/ST,SF,D/ST,6.5,4,2,2023
Jerry Jeudy,Team Chieffo,WR,DEN,FLEX,11.7,5.5,2,2023
Evan McPherson,Team Chieffo,K,CIN,K,8.6,6,2,2023
Lamar Jackson,Team Chieffo,QB,BAL,QB,20.6,22.88,2,2023
Isiah Pacheco,Team Chieffo,RB,KC,RB,12.6,8,2,2023
Nick Chubb,Team Chieffo,RB,CLE,RB,15.8,6.4,2,2023
Darren Waller,Team Chieffo,TE,NYG,TE,11.1,13.6,2,2023
Mike Evans,Team Chieffo,WR,TB,WR,13.6,29.1,2,2023
Tyreek Hill,Team Chieffo,WR,MIA,WR,22,15,2,2023
Bills,Chase-ing Young Children,D/ST,BUF,Bench,6.6,31,3,2023
Christian Kirk,Chase-ing Young Children,WR,JAX,Bench,12.1,15.4,3,2023
Daniel Jones,Chase-ing Young Children,QB,NYG,Bench,15.8,3.98,3,2023
Kendrick Bourne,Chase-ing Young Children,WR,NE,Bench,10.2,8.6,3,2023
Nico Collins,Chase-ing Young Children,WR,HOU,Bench,12.6,5.4,3,2023
Tyler Allgeier,Chase-ing Young Children,RB,ATL,Bench,11.6,4.9,3,2023
Zach Ertz,Chase-ing Young Children,TE,ARI,Bench,9.2,2.6,3,2023
Jaguars,Chase-ing Young Children,D/ST,JAX,D/ST,7,-4,3,2023
Rhamondre Stevenson,Chase-ing Young Children,RB,NE,FLEX,14.5,7.2,3,2023
Greg Dulcich,Chase-ing Young Children,TE,DEN,IR,0,0,3,2023
Brandon Aubrey,Chase-ing Young Children,K,DAL,K,8.5,11,3,2023
Russell Wilson,Chase-ing Young Children,QB,DEN,QB,17,14.24,3,2023
Jahmyr Gibbs,Chase-ing Young Children,RB,DET,RB,15.9,9.2,3,2023
Kenneth Walker III,Chase-ing Young Children,RB,SEA,RB,15,30.6,3,2023
Mark Andrews,Chase-ing Young Children,TE,BAL,TE,13.7,7.5,3,2023
Ja'Marr Chase,Chase-ing Young Children,WR,CIN,WR,20,26.1,3,2023
Justin Jefferson,Chase-ing Young Children,WR,MIN,WR,23.1,27.9,3,2023
Antonio Gibson,Cup of Joe,RB,WSH,Bench,6.3,3.4,3,2023
Courtland Sutton,Cup of Joe,WR,DEN,Bench,11.4,19.1,3,2023
Jared Goff,Cup of Joe,QB,DET,Bench,15.3,18.02,3,2023
Josh Reynolds,Cup of Joe,WR,DET,Bench,10,0,3,2023
Justice Hill,Cup of Joe,RB,BAL,Bench,0,0,3,2023
K.J. Osborn,Cup of Joe,WR,MIN,Bench,8.4,10.6,3,2023
Terry McLaurin,Cup of Joe,WR,WSH,Bench,12.4,10.1,3,2023
Eagles,Cup of Joe,D/ST,PHI,D/ST,6.9,14,3,2023
Gabe Davis,Cup of Joe,WR,BUF,FLEX,11.5,10.3,3,2023
Austin Ekeler,Cup of Joe,RB,LAC,IR,0,0,3,2023
Tyler Bass,Cup of Joe,K,BUF,K,8.4,15,3,2023
Justin Herbert,Cup of Joe,QB,LAC,QB,20.2,29.3,3,2023
D'Andre Swift,Cup of Joe,RB,PHI,RB,10.4,14.8,3,2023
Joe Mixon,Cup of Joe,RB,CIN,RB,16.9,14,3,2023
Evan Engram,Cup of Joe,TE,JAX,TE,9.4,13.7,3,2023
Amon-Ra St. Brown,Cup of Joe,WR,DET,WR,15.7,19.6,3,2023
Tee Higgins,Cup of Joe,WR,CIN,WR,14.6,4.1,3,2023
AJ Dillon,Jah is gay,RB,GB,Bench,14,3.3,3,2023
Brandon Aiyuk,Jah is gay,WR,SF,Bench,0,0,3,2023
Falcons,Jah is gay,D/ST,ATL,Bench,4.5,1,3,2023
Geno Smith,Jah is gay,QB,SEA,Bench,16.5,15.44,3,2023
Rondale Moore,Jah is gay,WR,ARI,Bench,6,16.2,3,2023
Saquon Barkley,Jah is gay,RB,NYG,Bench,0,0,3,2023
Skyy Moore,Jah is gay,WR,KC,Bench,7,8.2,3,2023
Browns,Jah is gay,D/ST,CLE,D/ST,7.4,14,3,2023
Michael Pittman Jr.,Jah is gay,WR,IND,FLEX,15.6,16.7,3,2023
Jeff Wilson Jr.,Jah is gay,RB,MIA,IR,0,0,3,2023
Cameron Dicker,Jah is gay,K,LAC,K,8.6,3,3,2023
Josh Allen,Jah is gay,QB,BUF,QB,20.8,21.32,3,2023
Derrick Henry,Jah is gay,RB,TEN,RB,16.8,2,3,2023
Miles Sanders,Jah is gay,RB,CAR,RB,15.7,17.2,3,2023
Pat Freiermuth,Jah is gay,TE,PIT,TE,8.4,13.1,3,2023
Amari Cooper,Jah is gay,WR,CLE,WR,13.3,24.6,3,2023
Chris Olave,Jah is gay,WR,NO,WR,15.5,18.4,3,2023
Alexander Mattison,Mr. FigureItOut,RB,MIN,Bench,14.5,17.5,3,2023
DJ Moore,Mr. FigureItOut,WR,CHI,Bench,12.7,13.1,3,2023
Dalvin Cook,Mr. FigureItOut,RB,NYJ,Bench,10.1,5.9,3,2023
DeAndre Hopkins,Mr. FigureItOut,WR,TEN,Bench,13.7,7.8,3,2023
Jahan Dotson,Mr. FigureItOut,WR,WSH,Bench,11.1,4.1,3,2023
Kenneth Gainwell,Mr. FigureItOut,RB,PHI,Bench,10.4,5.8,3,2023
Khalil Herbert,Mr. FigureItOut,RB,CHI,Bench,10.4,3.5,3,2023
Ravens,Mr. FigureItOut,D/ST,BAL,D/ST,6.6,7,3,2023
Joshua Kelley,Mr. FigureItOut,RB,LAC,FLEX,14.2,2.7,3,2023
Odell Beckham Jr.,Mr. FigureItOut,WR,BAL,IR,0,0,3,2023
Jake Elliott,Mr. FigureItOut,K,PHI,K,8.5,11,3,2023
Trevor Lawrence,Mr. FigureItOut,QB,JAX,QB,17.6,14.36,3,2023
Bijan Robinson,Mr. FigureItOut,RB,ATL,RB,18.5,10,3,2023
Kyren Williams,Mr. FigureItOut,RB,LAR,RB,18,8.5,3,2023
Sam LaPorta,Mr. FigureItOut,TE,DET,TE,9,22.4,3,2023
Chris Godwin,Mr. FigureItOut,WR,TB,WR,13.4,8.2,3,2023
Stefon Diggs,Mr. FigureItOut,WR,BUF,WR,16.6,19.1,3,2023
David Montgomery,My digg hurts,RB,DET,Bench,0,0,3,2023
Hunter Henry,My digg hurts,TE,NE,Bench,8.3,3.7,3,2023
Jaylen Warren,My digg hurts,RB,PIT,Bench,12.3,8.2,3,2023
Jonathan Taylor,My digg hurts,RB,IND,Bench,0,0,3,2023
JuJu Smith-Schuster,My digg hurts,WR,NE,Bench,7.9,1.5,3,2023
Kareem Hunt,My digg hurts,RB,CLE,Bench,4.5,5.5,3,2023
Tutu Atwell,My digg hurts,WR,LAR,Bench,11.6,17.2,3,2023
Cowboys,My digg hurts,D/ST,DAL,D/ST,8.2,-2,3,2023
Michael Thomas,My digg hurts,WR,NO,FLEX,12.8,11,3,2023
Cooper Kupp,My digg hurts,WR,LAR,IR,0,0,3,2023
Jake Moody,My digg hurts,K,SF,K,8.6,12,3,2023
Jalen Hurts,My digg hurts,QB,PHI,QB,21.8,19.88,3,2023
Javonte Williams,My digg hurts,RB,DEN,RB,14,8.5,3,2023
Josh Jacobs,My digg hurts,RB,LV,RB,16.9,11,3,2023
T.J. Hockenson,My digg hurts,TE,MIN,TE,14.5,13.8,3,2023
Calvin Ridley,My digg hurts,WR,JAX,WR,14.9,7,3,2023
Deebo Samuel,My digg hurts,WR,SF,WR,18.8,25.1,3,2023
Brandin Cooks,PEDeAndre Hopkins,WR,DAL,Bench,9.2,3.7,3,2023
Christian Watson,PEDeAndre Hopkins,WR,GB,Bench,0,0,3,2023
Drake London,PEDeAndre Hopkins,WR,ATL,Bench,11,5.1,3,2023
Jamaal Williams,PEDeAndre Hopkins,RB,NO,Bench,0,0,3,2023
Kirk Cousins,PEDeAndre Hopkins,QB,MIN,Bench,19.9,25.68,3,2023
Tyler Conklin,PEDeAndre Hopkins,TE,NYJ,Bench,6.2,5.6,3,2023
Zay Jones,PEDeAndre Hopkins,WR,JAX,Bench,0,0,3,2023
Patriots,PEDeAndre Hopkins,D/ST,NE,D/ST,7.4,11,3,2023
Breece Hall,PEDeAndre Hopkins,RB,NYJ,FLEX,10.7,3.7,3,2023
Younghoe Koo,PEDeAndre Hopkins,K,ATL,K,8.3,6,3,2023
Patrick Mahomes,PEDeAndre Hopkins,QB,KC,QB,24.1,25.68,3,2023
Rachaad White,PEDeAndre Hopkins,RB,TB,RB,12.7,7.2,3,2023
Raheem Mostert,PEDeAndre Hopkins,RB,MIA,RB,14.1,45.2,3,2023
Travis Kelce,PEDeAndre Hopkins,TE,KC,TE,18.2,19.9,3,2023
DeVonta Smith,PEDeAndre Hopkins,WR,PHI,WR,15.2,6.8,3,2023
Jaylen Waddle,PEDeAndre Hopkins,WR,MIA,WR,0,0,3,2023
Cam Akers,Pocket Aces,RB,MIN,Bench,0,0,3,2023
Chase Claypool,Pocket Aces,WR,CHI,Bench,5.7,2.5,3,2023
Cole Kmet,Pocket Aces,TE,CHI,Bench,9.2,4.2,3,2023
Dalton Schultz,Pocket Aces,TE,HOU,Bench,8.9,1.9,3,2023
Damien Harris,Pocket Aces,RB,BUF,Bench,3.1,1.5,3,2023
Justin Fields,Pocket Aces,QB,CHI,Bench,18.7,10.66,3,2023
Michael Gallup,Pocket Aces,WR,DAL,Bench,6.5,15.2,3,2023
Steelers,Pocket Aces,D/ST,PIT,D/ST,5.7,9,3,2023
Marquise Brown,Pocket Aces,WR,ARI,FLEX,12.5,17.1,3,2023
Justin Tucker,Pocket Aces,K,BAL,K,8.7,6,3,2023
Dak Prescott,Pocket Aces,QB,DAL,QB,17.2,14.36,3,2023
Christian McCaffrey,Pocket Aces,RB,SF,RB,21.1,22.9,3,2023
Dameon Pierce,Pocket Aces,RB,HOU,RB,10.7,14.9,3,2023
Kyle Pitts,Pocket Aces,TE,ATL,TE,8.9,8.7,3,2023
CeeDee Lamb,Pocket Aces,WR,DAL,WR,16.2,10.2,3,2023
DK Metcalf,Pocket Aces,WR,SEA,WR,14.1,17.2,3,2023
Brian Robinson Jr.,Riley Reid Option,RB,WSH,Bench,12.9,7,3,2023
Commanders,Riley Reid Option,D/ST,WSH,Bench,4.8,0,3,2023
Garrett Wilson,Riley Reid Option,WR,NYJ,Bench,14.3,9.8,3,2023
Jakobi Meyers,Riley Reid Option,WR,LV,Bench,12.4,15.5,3,2023
James Cook,Riley Reid Option,RB,BUF,Bench,14.2,13.2,3,2023
Joe Burrow,Riley Reid Option,QB,CIN,Bench,19.4,8.16,3,2023
Mike Williams,Riley Reid Option,WR,LAC,Bench,14,25.1,3,2023
Chiefs,Riley Reid Option,D/ST,KC,D/ST,7.8,12,3,2023
Zay Flowers,Riley Reid Option,WR,BAL,FLEX,12.7,13,3,2023
Daniel Carlson,Riley Reid Option,K,LV,K,7.6,4,3,2023
Tua Tagovailoa,Riley Reid Option,QB,MIA,QB,20.4,28.36,3,2023
Tony Pollard,Riley Reid Option,RB,DAL,RB,19.3,15.1,3,2023
Travis Etienne Jr.,Riley Reid Option,RB,JAX,RB,16.6,17.8,3,2023
Dallas Goedert,Riley Reid Option,TE,PHI,TE,9.8,9.1,3,2023
Puka Nacua,Riley Reid Option,WR,LAR,WR,16.2,12.2,3,2023
Tyler Lockett,Riley Reid Option,WR,SEA,WR,13,8.4,3,2023
Brock Purdy,S(kittle),QB,SF,Bench,17.6,20.3,3,2023
Elijah Moore,S(kittle),WR,CLE,Bench,10.5,11.8,3,2023
George Pickens,S(kittle),WR,PIT,Bench,14,11.5,3,2023
Jerick McKinnon,S(kittle),RB,KC,Bench,5.9,17.8,3,2023
Jordan Addison,S(kittle),WR,MIN,Bench,10.9,11.2,3,2023
Matt Breida,S(kittle),RB,NYG,Bench,9.2,10.8,3,2023
Najee Harris,S(kittle),RB,PIT,Bench,12.7,6.5,3,2023
Dolphins,S(kittle),D/ST,MIA,D/ST,6.2,6,3,2023
Keenan Allen,S(kittle),WR,LAC,FLEX,16.2,45.46,3,2023
Matt Gay,S(kittle),K,IND,K,7.5,24,3,2023
Deshaun Watson,S(kittle),QB,CLE,QB,17.4,21.16,3,2023
Gus Edwards,S(kittle),RB,BAL,RB,12.9,5.1,3,2023
James Conner,S(kittle),RB,ARI,RB,13.5,19.6,3,2023
George Kittle,S(kittle),TE,SF,TE,12,16,3,2023
A.J. Brown,S(kittle),WR,PHI,WR,15.1,22.1,3,2023
Davante Adams,S(kittle),WR,LV,WR,20.4,42.2,3,2023
Aaron Jones,Team Chieffo,RB,GB,Bench,0,0,3,2023
Alvin Kamara,Team Chieffo,RB,NO,Bench,0,0,3,2023
Anthony Richardson,Team Chieffo,QB,IND,Bench,0,0,3,2023
Jaxon Smith-Njigba,Team Chieffo,WR,SEA,Bench,8.8,2,3,2023
Jerry Jeudy,Team Chieffo,WR,DEN,Bench,13.1,13.1,3,2023
Marquez Valdes-Scantling,Team Chieffo,WR,KC,Bench,7.1,4.7,3,2023
Tyler Boyd,Team Chieffo,WR,CIN,Bench,9.3,8.9,3,2023
49ers,Team Chieffo,D/ST,SF,D/ST,8.7,10,3,2023
Zack Moss,Team Chieffo,RB,IND,FLEX,13.9,22.5,3,2023
Evan McPherson,Team Chieffo,K,CIN,K,8.5,18,3,2023
Lamar Jackson,Team Chieffo,QB,BAL,QB,20.8,28.18,3,2023
Isiah Pacheco,Team Chieffo,RB,KC,RB,14.4,15.8,3,2023
Jerome Ford,Team Chieffo,RB,CLE,RB,13.2,19.1,3,2023
Darren Waller,Team Chieffo,TE,NYG,TE,11.1,5,3,2023
Mike Evans,Team Chieffo,WR,TB,WR,14.6,17,3,2023
Tyreek Hill,Team Chieffo,WR,MIA,WR,23.8,30.7,3,2023
Bills,Chase-ing Young Children,D/ST,BUF,Bench,3.3,7,4,2023
Christian Kirk,Chase-ing Young Children,WR,JAX,Bench,12,16.4,4,2023
Daniel Jones,Chase-ing Young Children,QB,NYG,Bench,17.6,8.72,4,2023
Kendrick Bourne,Chase-ing Young Children,WR,NE,Bench,11.1,5.6,4,2023
Rhamondre Stevenson,Chase-ing Young Children,RB,NE,Bench,12.8,6,4,2023
Tyler Allgeier,Chase-ing Young Children,RB,ATL,Bench,10.1,2.2,4,2023
Zach Ertz,Chase-ing Young Children,TE,ARI,Bench,9.3,11.3,4,2023
Saints,Chase-ing Young Children,D/ST,NO,D/ST,7.3,2,4,2023
Alexander Mattison,Chase-ing Young Children,RB,MIN,FLEX,15.2,10.8,4,2023
Greg Dulcich,Chase-ing Young Children,TE,DEN,IR,0,0,4,2023
Brandon Aubrey,Chase-ing Young Children,K,DAL,K,7.8,12,4,2023
Russell Wilson,Chase-ing Young Children,QB,DEN,QB,18.6,22.22,4,2023
Bijan Robinson,Chase-ing Young Children,RB,ATL,RB,17.7,18.7,4,2023
Kenneth Walker III,Chase-ing Young Children,RB,SEA,RB,17.6,13.9,4,2023
Mark Andrews,Chase-ing Young Children,TE,BAL,TE,12.2,25,4,2023
Ja'Marr Chase,Chase-ing Young Children,WR,CIN,WR,19.7,14.3,4,2023
Stefon Diggs,Chase-ing Young Children,WR,BUF,WR,17.8,36,4,2023
Austin Ekeler,Cup of Joe,RB,LAC,Bench,0,0,4,2023
Gabe Davis,Cup of Joe,WR,BUF,Bench,10.6,15.1,4,2023
Jared Goff,Cup of Joe,QB,DET,Bench,15,11.4,4,2023
Josh Reynolds,Cup of Joe,WR,DET,Bench,8.2,9.9,4,2023
Justice Hill,Cup of Joe,RB,BAL,Bench,9.5,3.3,4,2023
K.J. Osborn,Cup of Joe,WR,MIN,Bench,6.1,2.6,4,2023
Terry McLaurin,Cup of Joe,WR,WSH,Bench,12.8,22.6,4,2023
Eagles,Cup of Joe,D/ST,PHI,D/ST,8.9,3,4,2023
Tee Higgins,Cup of Joe,WR,CIN,FLEX,14.4,3.9,4,2023
Tyler Bass,Cup of Joe,K,BUF,K,8.6,14,4,2023
Justin Herbert,Cup of Joe,QB,LAC,QB,21.9,23.38,4,2023
D'Andre Swift,Cup of Joe,RB,PHI,RB,14.3,17.9,4,2023
Joe Mixon,Cup of Joe,RB,CIN,RB,14.7,8.6,4,2023
Evan Engram,Cup of Joe,TE,JAX,TE,10.4,12.9,4,2023
Amon-Ra St. Brown,Cup of Joe,WR,DET,WR,16.7,16.6,4,2023
Courtland Sutton,Cup of Joe,WR,DEN,WR,13.8,11.7,4,2023
AJ Dillon,Jah is gay,RB,GB,Bench,8,1.1,4,2023
Brandon Aiyuk,Jah is gay,WR,SF,Bench,13.8,20.8,4,2023
Falcons,Jah is gay,D/ST,ATL,Bench,4.9,3,4,2023
Geno Smith,Jah is gay,QB,SEA,Bench,17.4,9.2,4,2023
Rondale Moore,Jah is gay,WR,ARI,Bench,8.2,0,4,2023
Saquon Barkley,Jah is gay,RB,NYG,Bench,0,0,4,2023
Skyy Moore,Jah is gay,WR,KC,Bench,7.8,1.9,4,2023
Browns,Jah is gay,D/ST,CLE,D/ST,6.9,6,4,2023
Michael Pittman Jr.,Jah is gay,WR,IND,FLEX,15,4.5,4,2023
Jeff Wilson Jr.,Jah is gay,RB,MIA,IR,0,0,4,2023
Cameron Dicker,Jah is gay,K,LAC,K,8.6,6,4,2023
Josh Allen,Jah is gay,QB,BUF,QB,20.9,36.5,4,2023
Derrick Henry,Jah is gay,RB,TEN,RB,16.9,24.38,4,2023
Miles Sanders,Jah is gay,RB,CAR,RB,15.6,6.2,4,2023
Pat Freiermuth,Jah is gay,TE,PIT,TE,9.1,3.7,4,2023
Amari Cooper,Jah is gay,WR,CLE,WR,12,2.6,4,2023
Chris Olave,Jah is gay,WR,NO,WR,16.8,1.4,4,2023
Chris Godwin,Mr. FigureItOut,WR,TB,Bench,12.7,19.4,4,2023
DeAndre Hopkins,Mr. FigureItOut,WR,TEN,Bench,13.1,10.3,4,2023
Jahan Dotson,Mr. FigureItOut,WR,WSH,Bench,10.4,12.7,4,2023
Kenneth Gainwell,Mr. FigureItOut,RB,PHI,Bench,8.5,6.1,4,2023
Nico Collins,Mr. FigureItOut,WR,HOU,Bench,12.2,35.8,4,2023
Roschon Johnson,Mr. FigureItOut,RB,CHI,Bench,11.1,2.5,4,2023
Trevor Lawrence,Mr. FigureItOut,QB,JAX,Bench,15.9,16.48,4,2023
Seahawks,Mr. FigureItOut,D/ST,SEA,D/ST,7,29,4,2023
DJ Moore,Mr. FigureItOut,WR,CHI,FLEX,12.3,27.1,4,2023
Jake Elliott,Mr. FigureItOut,K,PHI,K,8.7,18,4,2023
Jordan Love,Mr. FigureItOut,QB,GB,QB,16.8,17.64,4,2023
Jahmyr Gibbs,Mr. FigureItOut,RB,DET,RB,12.5,9.1,4,2023
Kyren Williams,Mr. FigureItOut,RB,LAR,RB,18,27.7,4,2023
Sam LaPorta,Mr. FigureItOut,TE,DET,TE,10.7,9.6,4,2023
Justin Jefferson,Mr. FigureItOut,WR,MIN,WR,22.1,26.5,4,2023
Tank Dell,Mr. FigureItOut,WR,HOU,WR,12.2,3.9,4,2023
Christian Watson,My digg hurts,WR,GB,Bench,11.2,10.5,4,2023
Hunter Henry,My digg hurts,TE,NE,Bench,8.3,9.1,4,2023
Jaylen Warren,My digg hurts,RB,PIT,Bench,10.6,11.5,4,2023
Jonathan Taylor,My digg hurts,RB,IND,Bench,0,0,4,2023
Michael Thomas,My digg hurts,WR,NO,Bench,11.9,9.3,4,2023
Najee Harris,My digg hurts,RB,PIT,Bench,11.2,11.3,4,2023
Cowboys,My digg hurts,D/ST,DAL,D/ST,7.3,26,4,2023
Deebo Samuel,My digg hurts,WR,SF,FLEX,16.6,0.6,4,2023
Cooper Kupp,My digg hurts,WR,LAR,IR,0,0,4,2023
Jake Moody,My digg hurts,K,SF,K,8.7,5,4,2023
Jalen Hurts,My digg hurts,QB,PHI,QB,21.7,24.16,4,2023
David Montgomery,My digg hurts,RB,DET,RB,12.7,34.1,4,2023
Josh Jacobs,My digg hurts,RB,LV,RB,15.2,27.9,4,2023
T.J. Hockenson,My digg hurts,TE,MIN,TE,14.1,4.4,4,2023
Calvin Ridley,My digg hurts,WR,JAX,WR,14.2,11.8,4,2023
Garrett Wilson,My digg hurts,WR,NYJ,WR,13.9,15,4,2023
Brandin Cooks,PEDeAndre Hopkins,WR,DAL,Bench,8.5,6.7,4,2023
Drake London,PEDeAndre Hopkins,WR,ATL,Bench,9.4,11.8,4,2023
Joshua Palmer,PEDeAndre Hopkins,WR,LAC,Bench,11.5,10.7,4,2023
Khalil Herbert,PEDeAndre Hopkins,RB,CHI,Bench,12.1,22.2,4,2023
Kirk Cousins,PEDeAndre Hopkins,QB,MIN,Bench,19.1,9.56,4,2023
Tyler Conklin,PEDeAndre Hopkins,TE,NYJ,Bench,6.9,9.8,4,2023
Zay Jones,PEDeAndre Hopkins,WR,JAX,Bench,0,0,4,2023
Patriots,PEDeAndre Hopkins,D/ST,NE,D/ST,4.5,2,4,2023
Breece Hall,PEDeAndre Hopkins,RB,NYJ,FLEX,11.4,9.9,4,2023
Jamaal Williams,PEDeAndre Hopkins,RB,NO,IR,0,0,4,2023
Younghoe Koo,PEDeAndre Hopkins,K,ATL,K,7.6,1,4,2023
Patrick Mahomes,PEDeAndre Hopkins,QB,KC,QB,21.2,13.22,4,2023
Rachaad White,PEDeAndre Hopkins,RB,TB,RB,12.9,10.8,4,2023
Raheem Mostert,PEDeAndre Hopkins,RB,MIA,RB,14.3,5.5,4,2023
Travis Kelce,PEDeAndre Hopkins,TE,KC,TE,17,12,4,2023
DeVonta Smith,PEDeAndre Hopkins,WR,PHI,WR,14.4,14.8,4,2023
Jaylen Waddle,PEDeAndre Hopkins,WR,MIA,WR,14.7,8.6,4,2023
Cam Akers,Pocket Aces,RB,MIN,Bench,2.1,7.1,4,2023
Chase Claypool,Pocket Aces,WR,CHI,Bench,0,0,4,2023
Cole Kmet,Pocket Aces,TE,CHI,Bench,7.6,27.6,4,2023
Dalton Schultz,Pocket Aces,TE,HOU,Bench,7.3,13.2,4,2023
Damien Harris,Pocket Aces,RB,BUF,Bench,2.7,2.9,4,2023
Justin Fields,Pocket Aces,QB,CHI,Bench,20,27.9,4,2023
Michael Gallup,Pocket Aces,WR,DAL,Bench,6.1,11,4,2023
Steelers,Pocket Aces,D/ST,PIT,D/ST,6.3,-6,4,2023
Marquise Brown,Pocket Aces,WR,ARI,FLEX,13.3,16.6,4,2023
Justin Tucker,Pocket Aces,K,BAL,K,7.4,4,4,2023
Dak Prescott,Pocket Aces,QB,DAL,QB,14.3,14.34,4,2023
Christian McCaffrey,Pocket Aces,RB,SF,RB,21.1,48.7,4,2023
Dameon Pierce,Pocket Aces,RB,HOU,RB,12.4,11.8,4,2023
Kyle Pitts,Pocket Aces,TE,ATL,TE,9.2,4.1,4,2023
CeeDee Lamb,Pocket Aces,WR,DAL,WR,14.8,14.8,4,2023
DK Metcalf,Pocket Aces,WR,SEA,WR,14.4,12.4,4,2023
Adam Thielen,Riley Reid Option,WR,CAR,Bench,13.1,15.2,4,2023
Brian Robinson Jr.,Riley Reid Option,RB,WSH,Bench,11.3,13.1,4,2023
De'Von Achane,Riley Reid Option,RB,MIA,Bench,12.6,27,4,2023
Joe Burrow,Riley Reid Option,QB,CIN,Bench,18.9,4.7,4,2023
Tutu Atwell,Riley Reid Option,WR,LAR,Bench,13.3,7.4,4,2023
Tyler Lockett,Riley Reid Option,WR,SEA,Bench,13.3,9.4,4,2023
Zay Flowers,Riley Reid Option,WR,BAL,Bench,13.1,8,4,2023
Chiefs,Riley Reid Option,D/ST,KC,D/ST,8.3,4,4,2023
James Cook,Riley Reid Option,RB,BUF,FLEX,14.9,14.7,4,2023
Daniel Carlson,Riley Reid Option,K,LV,K,7.7,5,4,2023
Tua Tagovailoa,Riley Reid Option,QB,MIA,QB,18.5,13.98,4,2023
Tony Pollard,Riley Reid Option,RB,DAL,RB,18.6,9,4,2023
Travis Etienne Jr.,Riley Reid Option,RB,JAX,RB,17.5,10.2,4,2023
Dallas Goedert,Riley Reid Option,TE,PHI,TE,9.7,4.5,4,2023
Jakobi Meyers,Riley Reid Option,WR,LV,WR,12.2,5.3,4,2023
Puka Nacua,Riley Reid Option,WR,LAR,WR,14.5,31.3,4,2023
Deshaun Watson,S(kittle),QB,CLE,Bench,0,0,4,2023
Elijah Moore,S(kittle),WR,CLE,Bench,9.9,2,4,2023
Ezekiel Elliott,S(kittle),RB,NE,Bench,6.8,4.2,4,2023
George Pickens,S(kittle),WR,PIT,Bench,14.2,5.5,4,2023
Jerick McKinnon,S(kittle),RB,KC,Bench,5.4,0.7,4,2023
Jordan Addison,S(kittle),WR,MIN,Bench,11.1,0,4,2023
Matt Breida,S(kittle),RB,NYG,Bench,11.2,12.8,4,2023
Bengals,S(kittle),D/ST,CIN,D/ST,6.7,2,4,2023
Keenan Allen,S(kittle),WR,LAC,FLEX,19.8,12.2,4,2023
Matt Gay,S(kittle),K,IND,K,8.1,0,4,2023
Brock Purdy,S(kittle),QB,SF,QB,17.9,21.32,4,2023
James Conner,S(kittle),RB,ARI,RB,14.1,6.6,4,2023
Javonte Williams,S(kittle),RB,DEN,RB,12.6,3.9,4,2023
George Kittle,S(kittle),TE,SF,TE,11.2,1.9,4,2023
A.J. Brown,S(kittle),WR,PHI,WR,15.7,38.5,4,2023
Davante Adams,S(kittle),WR,LV,WR,20.6,15.5,4,2023
Anthony Richardson,Team Chieffo,QB,IND,Bench,20.2,29.6,4,2023
Isiah Pacheco,Team Chieffo,RB,KC,Bench,13.3,24.8,4,2023
Jaxon Smith-Njigba,Team Chieffo,WR,SEA,Bench,8.1,3.5,4,2023
Jerome Ford,Team Chieffo,RB,CLE,Bench,11.9,9.5,4,2023
Jerry Jeudy,Team Chieffo,WR,DEN,Bench,13.4,8.2,4,2023
Marquez Valdes-Scantling,Team Chieffo,WR,KC,Bench,5.5,1.6,4,2023
Tyler Boyd,Team Chieffo,WR,CIN,Bench,10.4,6.6,4,2023
49ers,Team Chieffo,D/ST,SF,D/ST,7.7,1,4,2023
Zack Moss,Team Chieffo,RB,IND,FLEX,14.3,9,4,2023
Evan McPherson,Team Chieffo,K,CIN,K,8.3,3,4,2023
Lamar Jackson,Team Chieffo,QB,BAL,QB,17.9,28.14,4,2023
Aaron Jones,Team Chieffo,RB,GB,RB,14.1,2.4,4,2023
Alvin Kamara,Team Chieffo,RB,NO,RB,14.5,21.4,4,2023
Darren Waller,Team Chieffo,TE,NYG,TE,10.9,5.1,4,2023
Mike Evans,Team Chieffo,WR,TB,WR,14.1,7,4,2023
Tyreek Hill,Team Chieffo,WR,MIA,WR,22.1,10.2,4,2023
Christian Kirk,Chase-ing Young Children,WR,JAX,Bench,12,14.4,5,2023
Jahmyr Gibbs,Chase-ing Young Children,RB,DET,Bench,0,0,5,2023
Joshua Dobbs,Chase-ing Young Children,QB,ARI,Bench,18.4,8.74,5,2023
Kenneth Walker III,Chase-ing Young Children,RB,SEA,Bench,0,0,5,2023
Saints,Chase-ing Young Children,D/ST,NO,Bench,6.6,22,5,2023
Saquon Barkley,Chase-ing Young Children,RB,NYG,Bench,0,0,5,2023
Zach Ertz,Chase-ing Young Children,TE,ARI,Bench,9.8,9,5,2023
Bills,Chase-ing Young Children,D/ST,BUF,D/ST,5.8,4,5,2023
Miles Sanders,Chase-ing Young Children,RB,CAR,FLEX,13,1.2,5,2023
Greg Dulcich,Chase-ing Young Children,TE,DEN,IR,0,0,5,2023
Brandon Aubrey,Chase-ing Young Children,K,DAL,K,8,6,5,2023
Russell Wilson,Chase-ing Young Children,QB,DEN,QB,17.7,18.74,5,2023
Bijan Robinson,Chase-ing Young Children,RB,ATL,RB,18.4,11.8,5,2023
Matt Breida,Chase-ing Young Children,RB,NYG,RB,12.5,3.4,5,2023
Mark Andrews,Chase-ing Young Children,TE,BAL,TE,12.5,12.5,5,2023
Chris Olave,Chase-ing Young Children,WR,NO,WR,15,9.2,5,2023
Ja'Marr Chase,Chase-ing Young Children,WR,CIN,WR,20.6,52.2,5,2023
Amon-Ra St. Brown,Cup of Joe,WR,DET,Bench,0,0,5,2023
Austin Ekeler,Cup of Joe,RB,LAC,Bench,0,0,5,2023
Josh Reynolds,Cup of Joe,WR,DET,Bench,9.6,17.6,5,2023
Justice Hill,Cup of Joe,RB,BAL,Bench,7,12.5,5,2023
Justin Herbert,Cup of Joe,QB,LAC,Bench,0,0,5,2023
K.J. Osborn,Cup of Joe,WR,MIN,Bench,6.8,9.9,5,2023
Tee Higgins,Cup of Joe,WR,CIN,Bench,0,0,5,2023
Eagles,Cup of Joe,D/ST,PHI,D/ST,5.2,7,5,2023
Terry McLaurin,Cup of Joe,WR,WSH,FLEX,13.2,8.9,5,2023
Tyler Bass,Cup of Joe,K,BUF,K,8.6,2,5,2023
Jared Goff,Cup of Joe,QB,DET,QB,14.8,27.44,5,2023
D'Andre Swift,Cup of Joe,RB,PHI,RB,15.8,16.8,5,2023
Joe Mixon,Cup of Joe,RB,CIN,RB,14.8,13.4,5,2023
Evan Engram,Cup of Joe,TE,JAX,TE,10.2,6.8,5,2023
Courtland Sutton,Cup of Joe,WR,DEN,WR,11.7,2.3,5,2023
Gabe Davis,Cup of Joe,WR,BUF,WR,9.6,22,5,2023
AJ Dillon,Jah is gay,RB,GB,Bench,7.1,13.6,5,2023
Amari Cooper,Jah is gay,WR,CLE,Bench,0,0,5,2023
Browns,Jah is gay,D/ST,CLE,Bench,0,0,5,2023
Geno Smith,Jah is gay,QB,SEA,Bench,0,0,5,2023
Pat Freiermuth,Jah is gay,TE,PIT,Bench,0,0,5,2023
Rondale Moore,Jah is gay,WR,ARI,Bench,7.2,10.6,5,2023
Tyler Allgeier,Jah is gay,RB,ATL,Bench,9.5,6,5,2023
Ravens,Jah is gay,D/ST,BAL,D/ST,7.8,8,5,2023
Michael Pittman Jr.,Jah is gay,WR,IND,FLEX,13,10.2,5,2023
Jeff Wilson Jr.,Jah is gay,RB,MIA,IR,0,0,5,2023
Harrison Butker,Jah is gay,K,KC,K,8.6,10,5,2023
Josh Allen,Jah is gay,QB,BUF,QB,20.7,27.76,5,2023
Alexander Mattison,Jah is gay,RB,MIN,RB,13.7,12.6,5,2023
Derrick Henry,Jah is gay,RB,TEN,RB,14.8,9.2,5,2023
Jonnu Smith,Jah is gay,TE,ATL,TE,8.1,10.7,5,2023
Brandon Aiyuk,Jah is gay,WR,SF,WR,15.5,9.8,5,2023
Stefon Diggs,Jah is gay,WR,BUF,WR,18.1,24.1,5,2023
Chris Godwin,Mr. FigureItOut,WR,TB,Bench,0,0,5,2023
DeAndre Hopkins,Mr. FigureItOut,WR,TEN,Bench,13,22,5,2023
Jahan Dotson,Mr. FigureItOut,WR,WSH,Bench,10.3,6,5,2023
Kenneth Gainwell,Mr. FigureItOut,RB,PHI,Bench,7.2,3.4,5,2023
Roschon Johnson,Mr. FigureItOut,RB,CHI,Bench,7.3,1.9,5,2023
Tank Dell,Mr. FigureItOut,WR,HOU,Bench,11.8,8.3,5,2023
Trevor Lawrence,Mr. FigureItOut,QB,JAX,Bench,15,15.7,5,2023
Dolphins,Mr. FigureItOut,D/ST,MIA,D/ST,8.6,12,5,2023
Nico Collins,Mr. FigureItOut,WR,HOU,FLEX,13.9,6.9,5,2023
Jake Elliott,Mr. FigureItOut,K,PHI,K,8.7,11,5,2023
Jordan Love,Mr. FigureItOut,QB,GB,QB,18.2,4.98,5,2023
Kyren Williams,Mr. FigureItOut,RB,LAR,RB,17.5,7.7,5,2023
Rhamondre Stevenson,Mr. FigureItOut,RB,NE,RB,12.9,2.4,5,2023
Sam LaPorta,Mr. FigureItOut,TE,DET,TE,10.5,19.7,5,2023
DJ Moore,Mr. FigureItOut,WR,CHI,WR,14.5,49,5,2023
Justin Jefferson,Mr. FigureItOut,WR,MIN,WR,23.1,5.8,5,2023
Calvin Ridley,My digg hurts,WR,JAX,Bench,12.3,20.6,5,2023
Cowboys,My digg hurts,D/ST,DAL,Bench,3.9,-3,5,2023
Hunter Henry,My digg hurts,TE,NE,Bench,9.4,0,5,2023
Jameson Williams,My digg hurts,WR,DET,Bench,6.7,2.2,5,2023
Jaylen Warren,My digg hurts,RB,PIT,Bench,11.7,10.9,5,2023
Michael Thomas,My digg hurts,WR,NO,Bench,11.3,10.5,5,2023
Najee Harris,My digg hurts,RB,PIT,Bench,9.8,5,5,2023
Lions,My digg hurts,D/ST,DET,D/ST,7.2,7,5,2023
Cooper Kupp,My digg hurts,WR,LAR,FLEX,17.1,19.8,5,2023
Matt Prater,My digg hurts,K,ARI,K,8.5,2,5,2023
Jalen Hurts,My digg hurts,QB,PHI,QB,21.9,27.32,5,2023
David Montgomery,My digg hurts,RB,DET,RB,17.8,20.9,5,2023
Josh Jacobs,My digg hurts,RB,LV,RB,18.3,19.9,5,2023
T.J. Hockenson,My digg hurts,TE,MIN,TE,14.3,10.1,5,2023
Davante Adams,My digg hurts,WR,LV,WR,22.2,8.5,5,2023
Garrett Wilson,My digg hurts,WR,NYJ,WR,17.1,8.4,5,2023
Brandin Cooks,PEDeAndre Hopkins,WR,DAL,Bench,8.4,2.3,5,2023
Drake London,PEDeAndre Hopkins,WR,ATL,Bench,9.6,14.68,5,2023
Joshua Palmer,PEDeAndre Hopkins,WR,LAC,Bench,0,0,5,2023
Khalil Herbert,PEDeAndre Hopkins,RB,CHI,Bench,11.9,7.6,5,2023
Kirk Cousins,PEDeAndre Hopkins,QB,MIN,Bench,17.8,19.86,5,2023
Rachaad White,PEDeAndre Hopkins,RB,TB,Bench,0,0,5,2023
Zay Jones,PEDeAndre Hopkins,WR,JAX,Bench,10.4,11.3,5,2023
Patriots,PEDeAndre Hopkins,D/ST,NE,D/ST,6.3,1,5,2023
Romeo Doubs,PEDeAndre Hopkins,WR,GB,FLEX,10.9,1.4,5,2023
Jamaal Williams,PEDeAndre Hopkins,RB,NO,IR,0,0,5,2023
Younghoe Koo,PEDeAndre Hopkins,K,ATL,K,7.7,7,5,2023
Patrick Mahomes,PEDeAndre Hopkins,QB,KC,QB,22.4,19.24,5,2023
Breece Hall,PEDeAndre Hopkins,RB,NYJ,RB,13.1,28.4,5,2023
Raheem Mostert,PEDeAndre Hopkins,RB,MIA,RB,14.5,15.8,5,2023
Travis Kelce,PEDeAndre Hopkins,TE,KC,TE,17.7,22.7,5,2023
DeVonta Smith,PEDeAndre Hopkins,WR,PHI,WR,15.1,1.6,5,2023
Jaylen Waddle,PEDeAndre Hopkins,WR,MIA,WR,13.5,14.5,5,2023
Cam Akers,Pocket Aces,RB,MIN,Bench,7.1,3.8,5,2023
Cole Kmet,Pocket Aces,TE,CHI,Bench,9.6,15.2,5,2023
DK Metcalf,Pocket Aces,WR,SEA,Bench,0,0,5,2023
Dalton Schultz,Pocket Aces,TE,HOU,Bench,7.4,19.5,5,2023
Damien Harris,Pocket Aces,RB,BUF,Bench,2.5,1.3,5,2023
Justin Fields,Pocket Aces,QB,CHI,Bench,17.5,32.98,5,2023
Michael Gallup,Pocket Aces,WR,DAL,Bench,7.5,3.5,5,2023
Steelers,Pocket Aces,D/ST,PIT,D/ST,5.2,17,5,2023
Christian Watson,Pocket Aces,WR,GB,FLEX,12,11.6,5,2023
Justin Tucker,Pocket Aces,K,BAL,K,8.2,4,5,2023
Dak Prescott,Pocket Aces,QB,DAL,QB,15.7,4.32,5,2023
Dameon Pierce,Pocket Aces,RB,HOU,RB,12.4,9.2,5,2023
Jonathan Taylor,Pocket Aces,RB,IND,RB,12.9,4.4,5,2023
Kyle Pitts,Pocket Aces,TE,ATL,TE,8.4,15.7,5,2023
CeeDee Lamb,Pocket Aces,WR,DAL,WR,16.3,8.9,5,2023
Deebo Samuel,Pocket Aces,WR,SF,WR,15.9,11.5,5,2023
Brian Robinson Jr.,Riley Reid Option,RB,WSH,Bench,14,8.3,5,2023
Jakobi Meyers,Riley Reid Option,WR,LV,Bench,12.2,20.5,5,2023
James Cook,Riley Reid Option,RB,BUF,Bench,14.8,5.1,5,2023
Joe Burrow,Riley Reid Option,QB,CIN,Bench,18.3,23.38,5,2023
Tutu Atwell,Riley Reid Option,WR,LAR,Bench,10.6,8.9,5,2023
Tyler Lockett,Riley Reid Option,WR,SEA,Bench,0,0,5,2023
Zay Flowers,Riley Reid Option,WR,BAL,Bench,12.1,12.3,5,2023
Commanders,Riley Reid Option,D/ST,WSH,D/ST,7.3,-5,5,2023
De'Von Achane,Riley Reid Option,RB,MIA,FLEX,16.2,21.5,5,2023
Daniel Carlson,Riley Reid Option,K,LV,K,7.9,3,5,2023
Tua Tagovailoa,Riley Reid Option,QB,MIA,QB,19,16.92,5,2023
Tony Pollard,Riley Reid Option,RB,DAL,RB,18,8.4,5,2023
Travis Etienne Jr.,Riley Reid Option,RB,JAX,RB,14.9,36.4,5,2023
Jake Ferguson,Riley Reid Option,TE,DAL,TE,10.2,5.8,5,2023
Adam Thielen,Riley Reid Option,WR,CAR,WR,14.1,27.7,5,2023
Puka Nacua,Riley Reid Option,WR,LAR,WR,14.6,20.1,5,2023
Allen Lazard,S(kittle),WR,NYJ,Bench,9.2,6.3,5,2023
Dallas Goedert,S(kittle),TE,PHI,Bench,9.4,25.7,5,2023
Javonte Williams,S(kittle),RB,DEN,Bench,0,0,5,2023
Jayden Reed,S(kittle),WR,GB,Bench,9.5,1.7,5,2023
Jerick McKinnon,S(kittle),RB,KC,Bench,5,4.5,5,2023
Jordan Addison,S(kittle),WR,MIN,Bench,10.4,18.4,5,2023
Keenan Allen,S(kittle),WR,LAC,Bench,0,0,5,2023
Bengals,S(kittle),D/ST,CIN,D/ST,4.8,17,5,2023
George Pickens,S(kittle),WR,PIT,FLEX,13.1,26.6,5,2023
Deshaun Watson,S(kittle),QB,CLE,IR,0,0,5,2023
Matt Gay,S(kittle),K,IND,K,8.4,12,5,2023
Brock Purdy,S(kittle),QB,SF,QB,16.5,26.08,5,2023
Christian McCaffrey,S(kittle),RB,SF,RB,22.2,13.8,5,2023
James Conner,S(kittle),RB,ARI,RB,14.9,4.6,5,2023
George Kittle,S(kittle),TE,SF,TE,10.3,27.7,5,2023
A.J. Brown,S(kittle),WR,PHI,WR,18.8,18.7,5,2023
Marquise Brown,S(kittle),WR,ARI,WR,14.2,16.1,5,2023
Aaron Jones,Team Chieffo,RB,GB,Bench,0,0,5,2023
Anthony Richardson,Team Chieffo,QB,IND,Bench,20.6,4.42,5,2023
Jerome Ford,Team Chieffo,RB,CLE,Bench,0,0,5,2023
Marquez Valdes-Scantling,Team Chieffo,WR,KC,Bench,4.8,2.2,5,2023
Mike Evans,Team Chieffo,WR,TB,Bench,0,0,5,2023
Tyler Boyd,Team Chieffo,WR,CIN,Bench,11.7,9.9,5,2023
Zack Moss,Team Chieffo,RB,IND,Bench,6.9,33.5,5,2023
49ers,Team Chieffo,D/ST,SF,D/ST,4.8,18,5,2023
Isiah Pacheco,Team Chieffo,RB,KC,FLEX,14.9,13.4,5,2023
Evan McPherson,Team Chieffo,K,CIN,K,8.3,12,5,2023
Lamar Jackson,Team Chieffo,QB,BAL,QB,20.8,9.94,5,2023
Alvin Kamara,Team Chieffo,RB,NO,RB,16.8,18.7,5,2023
Ameer Abdullah,Team Chieffo,RB,LV,RB,3.8,2.5,5,2023
Darren Waller,Team Chieffo,TE,NYG,TE,10.1,16.6,5,2023
Jerry Jeudy,Team Chieffo,WR,DEN,WR,11.9,11,5,2023
Tyreek Hill,Team Chieffo,WR,MIA,WR,20.5,32.1,5,2023
Aaron Jones,Chase-ing Young Children,RB,GB,Bench,0,0,6,2023
Gus Edwards,Chase-ing Young Children,RB,BAL,Bench,9.8,6.3,6,2023
Jahmyr Gibbs,Chase-ing Young Children,RB,DET,Bench,0,0,6,2023
Miles Sanders,Chase-ing Young Children,RB,CAR,Bench,0,0,6,2023
Saints,Chase-ing Young Children,D/ST,NO,Bench,5.2,6,6,2023
Zach Ertz,Chase-ing Young Children,TE,ARI,Bench,9.9,4.2,6,2023
Zack Moss,Chase-ing Young Children,RB,IND,Bench,10.4,17.9,6,2023
Bills,Chase-ing Young Children,D/ST,BUF,D/ST,8,6,6,2023
Christian Kirk,Chase-ing Young Children,WR,JAX,FLEX,13.7,13.9,6,2023
Anthony Richardson,Chase-ing Young Children,QB,IND,IR,0,0,6,2023
Brandon Aubrey,Chase-ing Young Children,K,DAL,K,8.2,8,6,2023
Lamar Jackson,Chase-ing Young Children,QB,BAL,QB,21.4,17.12,6,2023
Bijan Robinson,Chase-ing Young Children,RB,ATL,RB,17.6,13,6,2023
Saquon Barkley,Chase-ing Young Children,RB,NYG,RB,15.8,13.8,6,2023
Mark Andrews,Chase-ing Young Children,TE,BAL,TE,13,10.9,6,2023
Chris Olave,Chase-ing Young Children,WR,NO,WR,14.3,16.6,6,2023
Ja'Marr Chase,Chase-ing Young Children,WR,CIN,WR,21.7,14,6,2023
Courtland Sutton,Cup of Joe,WR,DEN,Bench,12.5,14.6,6,2023
Jared Goff,Cup of Joe,QB,DET,Bench,14,22.42,6,2023
Josh Reynolds,Cup of Joe,WR,DET,Bench,6.2,8,6,2023
Justice Hill,Cup of Joe,RB,BAL,Bench,8.1,6.5,6,2023
K.J. Osborn,Cup of Joe,WR,MIN,Bench,12.9,8.8,6,2023
Tee Higgins,Cup of Joe,WR,CIN,Bench,14,4,6,2023
Terry McLaurin,Cup of Joe,WR,WSH,Bench,11.6,14.1,6,2023
Eagles,Cup of Joe,D/ST,PHI,D/ST,8,7,6,2023
Joe Mixon,Cup of Joe,RB,CIN,FLEX,14.2,9.2,6,2023
Tyler Bass,Cup of Joe,K,BUF,K,8.8,0,6,2023
Justin Herbert,Cup of Joe,QB,LAC,QB,18.6,19.08,6,2023
Austin Ekeler,Cup of Joe,RB,LAC,RB,19,10.2,6,2023
D'Andre Swift,Cup of Joe,RB,PHI,RB,15.9,17.8,6,2023
Evan Engram,Cup of Joe,TE,JAX,TE,10.6,11.1,6,2023
Amon-Ra St. Brown,Cup of Joe,WR,DET,WR,15.7,30.4,6,2023
Gabe Davis,Cup of Joe,WR,BUF,WR,10.9,3.1,6,2023
AJ Dillon,Jah is gay,RB,GB,Bench,0,0,6,2023
Amari Cooper,Jah is gay,WR,CLE,Bench,13.4,14.8,6,2023
Browns,Jah is gay,D/ST,CLE,Bench,3.6,8,6,2023
Geno Smith,Jah is gay,QB,SEA,Bench,16.3,11.04,6,2023
Pat Freiermuth,Jah is gay,TE,PIT,Bench,0,0,6,2023
Rondale Moore,Jah is gay,WR,ARI,Bench,8.1,6.6,6,2023
Tyler Allgeier,Jah is gay,RB,ATL,Bench,10,5.1,6,2023
Ravens,Jah is gay,D/ST,BAL,D/ST,7.7,13,6,2023
Michael Pittman Jr.,Jah is gay,WR,IND,FLEX,14.7,19.9,6,2023
Jeff Wilson Jr.,Jah is gay,RB,MIA,IR,0,0,6,2023
Harrison Butker,Jah is gay,K,KC,K,8.6,18,6,2023
Josh Allen,Jah is gay,QB,BUF,QB,22.9,13.86,6,2023
Alexander Mattison,Jah is gay,RB,MIN,RB,13.6,11.2,6,2023
Derrick Henry,Jah is gay,RB,TEN,RB,13.8,19.3,6,2023
Jonnu Smith,Jah is gay,TE,ATL,TE,8.5,13.6,6,2023
Brandon Aiyuk,Jah is gay,WR,SF,WR,14.5,11.6,6,2023
Stefon Diggs,Jah is gay,WR,BUF,WR,18.8,20,6,2023
Chuba Hubbard,Mr. FigureItOut,RB,CAR,Bench,12.1,16,6,2023
D'Onta Foreman,Mr. FigureItOut,RB,CHI,Bench,10.6,7.7,6,2023
DeAndre Hopkins,Mr. FigureItOut,WR,TEN,Bench,14.8,3,6,2023
Jordan Love,Mr. FigureItOut,QB,GB,Bench,0,0,6,2023
Josh Downs,Mr. FigureItOut,WR,IND,Bench,11.4,13.1,6,2023
Rhamondre Stevenson,Mr. FigureItOut,RB,NE,Bench,12.2,18,6,2023
Tank Dell,Mr. FigureItOut,WR,HOU,Bench,0,0,6,2023
Dolphins,Mr. FigureItOut,D/ST,MIA,D/ST,6.7,7,6,2023
Nico Collins,Mr. FigureItOut,WR,HOU,FLEX,15,12,6,2023
Roschon Johnson,Mr. FigureItOut,RB,CHI,IR,0,0,6,2023
Jake Elliott,Mr. FigureItOut,K,PHI,K,8.7,1,6,2023
Trevor Lawrence,Mr. FigureItOut,QB,JAX,QB,17.5,14.74,6,2023
Isiah Pacheco,Mr. FigureItOut,RB,KC,RB,17.5,15.8,6,2023
Kyren Williams,Mr. FigureItOut,RB,LAR,RB,18.8,21.8,6,2023
Sam LaPorta,Mr. FigureItOut,TE,DET,TE,10.4,7.6,6,2023
DJ Moore,Mr. FigureItOut,WR,CHI,WR,17,10.1,6,2023
Mike Evans,Mr. FigureItOut,WR,TB,WR,16.9,8.9,6,2023
Cowboys,My digg hurts,D/ST,DAL,Bench,4.2,6,6,2023
Garrett Wilson,My digg hurts,WR,NYJ,Bench,14.8,17,6,2023
Hunter Henry,My digg hurts,TE,NE,Bench,8.4,1.7,6,2023
Logan Thomas,My digg hurts,TE,WSH,Bench,9.2,1.2,6,2023
Matthew Stafford,My digg hurts,QB,LAR,Bench,16.9,13.24,6,2023
Michael Thomas,My digg hurts,WR,NO,Bench,12.7,9.5,6,2023
Najee Harris,My digg hurts,RB,PIT,Bench,0,0,6,2023
Falcons,My digg hurts,D/ST,ATL,D/ST,8.2,8,6,2023
Calvin Ridley,My digg hurts,WR,JAX,FLEX,14,6.6,6,2023
Brett Maher,My digg hurts,K,LAR,K,8.7,15,6,2023
Jalen Hurts,My digg hurts,QB,PHI,QB,21.6,19.9,6,2023
David Montgomery,My digg hurts,RB,DET,RB,19.3,4.3,6,2023
Josh Jacobs,My digg hurts,RB,LV,RB,18.2,11.3,6,2023
T.J. Hockenson,My digg hurts,TE,MIN,TE,14.6,11,6,2023
Cooper Kupp,My digg hurts,WR,LAR,WR,20.2,27.8,6,2023
Davante Adams,My digg hurts,WR,LV,WR,19.6,4.9,6,2023
Brandin Cooks,PEDeAndre Hopkins,WR,DAL,Bench,9.2,15,6,2023
Joshua Palmer,PEDeAndre Hopkins,WR,LAC,Bench,11.6,10,6,2023
Khalil Herbert,PEDeAndre Hopkins,RB,CHI,Bench,0,0,6,2023
Rachaad White,PEDeAndre Hopkins,RB,TB,Bench,12,6.8,6,2023
Romeo Doubs,PEDeAndre Hopkins,WR,GB,Bench,0,0,6,2023
Russell Wilson,PEDeAndre Hopkins,QB,DEN,Bench,16.7,6.9,6,2023
Zay Jones,PEDeAndre Hopkins,WR,JAX,Bench,0,0,6,2023
Patriots,PEDeAndre Hopkins,D/ST,NE,D/ST,6.6,2,6,2023
Chris Godwin,PEDeAndre Hopkins,WR,TB,FLEX,13.9,13.7,6,2023
Jamaal Williams,PEDeAndre Hopkins,RB,NO,IR,0,0,6,2023
Younghoe Koo,PEDeAndre Hopkins,K,ATL,K,8.1,5,6,2023
Patrick Mahomes,PEDeAndre Hopkins,QB,KC,QB,24.5,17.34,6,2023
Breece Hall,PEDeAndre Hopkins,RB,NYJ,RB,13.3,20.3,6,2023
Raheem Mostert,PEDeAndre Hopkins,RB,MIA,RB,18.2,34.2,6,2023
Travis Kelce,PEDeAndre Hopkins,TE,KC,TE,18,21.4,6,2023
DeVonta Smith,PEDeAndre Hopkins,WR,PHI,WR,14.3,9.4,6,2023
Jaylen Waddle,PEDeAndre Hopkins,WR,MIA,WR,14.9,18.1,6,2023
Cam Akers,Pocket Aces,RB,MIN,Bench,8,2.5,6,2023
Christian Watson,Pocket Aces,WR,GB,Bench,0,0,6,2023
Dak Prescott,Pocket Aces,QB,DAL,Bench,16.2,24.88,6,2023
Dalton Schultz,Pocket Aces,TE,HOU,Bench,9,16.1,6,2023
Damien Harris,Pocket Aces,RB,BUF,Bench,5.3,0.1,6,2023
Kyle Pitts,Pocket Aces,TE,ATL,Bench,9.1,14.3,6,2023
Michael Gallup,Pocket Aces,WR,DAL,Bench,9.4,5.4,6,2023
Vikings,Pocket Aces,D/ST,MIN,D/ST,7,22,6,2023
DK Metcalf,Pocket Aces,WR,SEA,FLEX,13.8,10.9,6,2023
Justin Tucker,Pocket Aces,K,BAL,K,8.5,19,6,2023
Justin Fields,Pocket Aces,QB,CHI,QB,20.3,4.92,6,2023
Dameon Pierce,Pocket Aces,RB,HOU,RB,12.6,3.4,6,2023
Jonathan Taylor,Pocket Aces,RB,IND,RB,11.9,11.5,6,2023
Cole Kmet,Pocket Aces,TE,CHI,TE,10.7,2.9,6,2023
CeeDee Lamb,Pocket Aces,WR,DAL,WR,15.3,18.7,6,2023
Deebo Samuel,Pocket Aces,WR,SF,WR,14.4,1.1,6,2023
Brian Robinson Jr.,Riley Reid Option,RB,WSH,Bench,10.5,13.6,6,2023
De'Von Achane,Riley Reid Option,RB,MIA,Bench,0,0,6,2023
Jakobi Meyers,Riley Reid Option,WR,LV,Bench,14,17.1,6,2023
Joe Burrow,Riley Reid Option,QB,CIN,Bench,17.8,13.8,6,2023
Tutu Atwell,Riley Reid Option,WR,LAR,Bench,10.5,4,6,2023
Tyler Lockett,Riley Reid Option,WR,SEA,Bench,13.8,15.4,6,2023
Zay Flowers,Riley Reid Option,WR,BAL,Bench,13.6,17.1,6,2023
Commanders,Riley Reid Option,D/ST,WSH,D/ST,5.5,7,6,2023
James Cook,Riley Reid Option,RB,BUF,FLEX,14.5,7.1,6,2023
Daniel Carlson,Riley Reid Option,K,LV,K,7,13,6,2023
Tua Tagovailoa,Riley Reid Option,QB,MIA,QB,20.3,22.48,6,2023
Tony Pollard,Riley Reid Option,RB,DAL,RB,18.5,17,6,2023
Travis Etienne Jr.,Riley Reid Option,RB,JAX,RB,17,23.3,6,2023
Jake Ferguson,Riley Reid Option,TE,DAL,TE,9.8,2.5,6,2023
Adam Thielen,Riley Reid Option,WR,CAR,WR,15.8,28.5,6,2023
Puka Nacua,Riley Reid Option,WR,LAR,WR,15.5,6.6,6,2023
Deshaun Watson,S(kittle),QB,CLE,Bench,0,0,6,2023
George Kittle,S(kittle),TE,SF,Bench,10,1.1,6,2023
George Pickens,S(kittle),WR,PIT,Bench,0,0,6,2023
Javonte Williams,S(kittle),RB,DEN,Bench,10.2,7.2,6,2023
Jayden Reed,S(kittle),WR,GB,Bench,0,0,6,2023
Jerick McKinnon,S(kittle),RB,KC,Bench,6,5,6,2023
Jordan Addison,S(kittle),WR,MIN,Bench,13.3,11.8,6,2023
Chiefs,S(kittle),D/ST,KC,D/ST,7.1,16,6,2023
Keenan Allen,S(kittle),WR,LAC,FLEX,17.7,21.5,6,2023
James Conner,S(kittle),RB,ARI,IR,0,0,6,2023
Matt Gay,S(kittle),K,IND,K,7.7,10,6,2023
Brock Purdy,S(kittle),QB,SF,QB,15.9,7.7,6,2023
Christian McCaffrey,S(kittle),RB,SF,RB,22.7,14.2,6,2023
Emari Demercado,S(kittle),RB,ARI,RB,10,2.7,6,2023
Dallas Goedert,S(kittle),TE,PHI,TE,10.2,9.2,6,2023
A.J. Brown,S(kittle),WR,PHI,WR,16.9,20.1,6,2023
Marquise Brown,S(kittle),WR,ARI,WR,14.6,7.4,6,2023
Jaleel McLaughlin,Team Chieffo,RB,DEN,Bench,6.1,6.2,6,2023
Jerome Ford,Team Chieffo,RB,CLE,Bench,12.6,11.1,6,2023
Justin Jefferson,Team Chieffo,WR,MIN,Bench,0,0,6,2023
Tyjae Spears,Team Chieffo,RB,TEN,Bench,9.5,7.3,6,2023
Tyler Boyd,Team Chieffo,WR,CIN,Bench,9.9,16.8,6,2023
49ers,Team Chieffo,D/ST,SF,D/ST,8.5,6,6,2023
Drake London,Team Chieffo,WR,ATL,FLEX,10.2,21.5,6,2023
Evan McPherson,Team Chieffo,K,CIN,K,8.3,7,6,2023
Kirk Cousins,Team Chieffo,QB,MIN,QB,20.1,8.74,6,2023
Alvin Kamara,Team Chieffo,RB,NO,RB,17.9,17.4,6,2023
Kenneth Walker III,Team Chieffo,RB,SEA,RB,16.7,17.9,6,2023
Darren Waller,Team Chieffo,TE,NYG,TE,11.5,9.3,6,2023
Jerry Jeudy,Team Chieffo,WR,DEN,WR,12.8,4.4,6,2023
Tyreek Hill,Team Chieffo,WR,MIA,WR,21.9,28.3,6,2023
Brandon Aubrey,Chase-ing Young Children,K,DAL,Bench,0,0,7,2023
David Montgomery,Chase-ing Young Children,RB,DET,Bench,0,0,7,2023
Garrett Wilson,Chase-ing Young Children,WR,NYJ,Bench,0,0,7,2023
Gus Edwards,Chase-ing Young Children,RB,BAL,Bench,8.7,21.4,7,2023
Ja'Marr Chase,Chase-ing Young Children,WR,CIN,Bench,0,0,7,2023
Jaleel McLaughlin,Chase-ing Young Children,RB,DEN,Bench,8.7,5.6,7,2023
Miles Sanders,Chase-ing Young Children,RB,CAR,Bench,0,0,7,2023
Bills,Chase-ing Young Children,D/ST,BUF,D/ST,7.2,1,7,2023
Diontae Johnson,Chase-ing Young Children,WR,PIT,FLEX,12.6,12.9,7,2023
Anthony Richardson,Chase-ing Young Children,QB,IND,IR,0,0,7,2023
Jason Myers,Chase-ing Young Children,K,SEA,K,8.3,9,7,2023
Lamar Jackson,Chase-ing Young Children,QB,BAL,QB,19.1,33.88,7,2023
Jahmyr Gibbs,Chase-ing Young Children,RB,DET,RB,15.9,27.6,7,2023
Saquon Barkley,Chase-ing Young Children,RB,NYG,RB,18.2,18.8,7,2023
Mark Andrews,Chase-ing Young Children,TE,BAL,TE,12.5,22.3,7,2023
Davante Adams,Chase-ing Young Children,WR,LV,WR,16.2,12.7,7,2023
Mike Evans,Chase-ing Young Children,WR,TB,WR,15.9,20.2,7,2023
Courtland Sutton,Cup of Joe,WR,DEN,Bench,12.2,19.6,7,2023
Jared Goff,Cup of Joe,QB,DET,Bench,14.8,9.36,7,2023
Joe Mixon,Cup of Joe,RB,CIN,Bench,0,0,7,2023
Josh Reynolds,Cup of Joe,WR,DET,Bench,7.5,6.3,7,2023
Justice Hill,Cup of Joe,RB,BAL,Bench,8.2,5.8,7,2023
K.J. Osborn,Cup of Joe,WR,MIN,Bench,12.1,9.7,7,2023
Tee Higgins,Cup of Joe,WR,CIN,Bench,0,0,7,2023
Eagles,Cup of Joe,D/ST,PHI,D/ST,3.4,11,7,2023
Terry McLaurin,Cup of Joe,WR,WSH,FLEX,13.1,15,7,2023
Tyler Bass,Cup of Joe,K,BUF,K,8.4,4,7,2023
Justin Herbert,Cup of Joe,QB,LAC,QB,18.9,10.86,7,2023
Austin Ekeler,Cup of Joe,RB,LAC,RB,18.7,5.6,7,2023
D'Andre Swift,Cup of Joe,RB,PHI,RB,15.8,10.5,7,2023
Evan Engram,Cup of Joe,TE,JAX,TE,10.6,9.5,7,2023
Amon-Ra St. Brown,Cup of Joe,WR,DET,WR,18.1,23.2,7,2023
Gabe Davis,Cup of Joe,WR,BUF,WR,9.7,1.6,7,2023
Amari Cooper,Jah is gay,WR,CLE,Bench,12.8,4.2,7,2023
Derrick Henry,Jah is gay,RB,TEN,Bench,0,0,7,2023
Geno Smith,Jah is gay,QB,SEA,Bench,16.8,13.76,7,2023
Ravens,Jah is gay,D/ST,BAL,Bench,4.4,11,7,2023
Rondale Moore,Jah is gay,WR,ARI,Bench,8.5,4.6,7,2023
Tyler Allgeier,Jah is gay,RB,ATL,Bench,7.2,14.2,7,2023
Zach Evans,Jah is gay,RB,LAR,Bench,4.4,0,7,2023
Browns,Jah is gay,D/ST,CLE,D/ST,6.5,12,7,2023
Michael Pittman Jr.,Jah is gay,WR,IND,FLEX,14,16.3,7,2023
Jeff Wilson Jr.,Jah is gay,RB,MIA,IR,8,1.4,7,2023
Harrison Butker,Jah is gay,K,KC,K,8.8,7,7,2023
Josh Allen,Jah is gay,QB,BUF,QB,19.7,24.3,7,2023
AJ Dillon,Jah is gay,RB,GB,RB,9,11.5,7,2023
Alexander Mattison,Jah is gay,RB,MIN,RB,12.6,6.2,7,2023
Jonnu Smith,Jah is gay,TE,ATL,TE,9.1,5.7,7,2023
Brandon Aiyuk,Jah is gay,WR,SF,WR,15.9,10.7,7,2023
Stefon Diggs,Jah is gay,WR,BUF,WR,19.5,17.8,7,2023
Chuba Hubbard,Mr. FigureItOut,RB,CAR,Bench,0,0,7,2023
DeAndre Hopkins,Mr. FigureItOut,WR,TEN,Bench,0,0,7,2023
Josh Downs,Mr. FigureItOut,WR,IND,Bench,9.7,23.5,7,2023
Kyren Williams,Mr. FigureItOut,RB,LAR,Bench,0,0,7,2023
Nico Collins,Mr. FigureItOut,WR,HOU,Bench,0,0,7,2023
Trevor Lawrence,Mr. FigureItOut,QB,JAX,Bench,15.1,18.06,7,2023
Zack Moss,Mr. FigureItOut,RB,IND,Bench,9.9,7.2,7,2023
Buccaneers,Mr. FigureItOut,D/ST,TB,D/ST,6.5,3,7,2023
Jaylen Warren,Mr. FigureItOut,RB,PIT,FLEX,10.3,10.1,7,2023
Tank Dell,Mr. FigureItOut,WR,HOU,IR,0,0,7,2023
Jake Elliott,Mr. FigureItOut,K,PHI,K,8.6,7,7,2023
Jordan Love,Mr. FigureItOut,QB,GB,QB,17.8,15.3,7,2023
Isiah Pacheco,Mr. FigureItOut,RB,KC,RB,16.2,16,7,2023
Rhamondre Stevenson,Mr. FigureItOut,RB,NE,RB,12.6,14.5,7,2023
Sam LaPorta,Mr. FigureItOut,TE,DET,TE,12.3,11.2,7,2023
Christian Kirk,Mr. FigureItOut,WR,JAX,WR,13.3,19,7,2023
DJ Moore,Mr. FigureItOut,WR,CHI,WR,13.7,13.4,7,2023
Brett Maher,My digg hurts,K,LAR,Bench,8.1,2,7,2023
Calvin Ridley,My digg hurts,WR,JAX,Bench,14,1.5,7,2023
Cowboys,My digg hurts,D/ST,DAL,Bench,0,0,7,2023
Kyler Murray,My digg hurts,QB,ARI,Bench,0,0,7,2023
Logan Thomas,My digg hurts,TE,WSH,Bench,8.7,9.1,7,2023
Michael Thomas,My digg hurts,WR,NO,Bench,12,13.2,7,2023
Najee Harris,My digg hurts,RB,PIT,Bench,8.4,15.8,7,2023
Giants,My digg hurts,D/ST,NYG,D/ST,6.9,15,7,2023
Aaron Jones,My digg hurts,RB,GB,FLEX,15.7,8.7,7,2023
Jake Moody,My digg hurts,K,SF,K,8.5,6,7,2023
Jalen Hurts,My digg hurts,QB,PHI,QB,23.5,23.26,7,2023
Bijan Robinson,My digg hurts,RB,ATL,RB,15.6,0.3,7,2023
Josh Jacobs,My digg hurts,RB,LV,RB,17.8,5.1,7,2023
T.J. Hockenson,My digg hurts,TE,MIN,TE,14.3,19.6,7,2023
Chris Olave,My digg hurts,WR,NO,WR,14.2,12.7,7,2023
Cooper Kupp,My digg hurts,WR,LAR,WR,20.7,6.9,7,2023
Brandin Cooks,PEDeAndre Hopkins,WR,DAL,Bench,0,0,7,2023
Breece Hall,PEDeAndre Hopkins,RB,NYJ,Bench,0,0,7,2023
Joshua Palmer,PEDeAndre Hopkins,WR,LAC,Bench,11.9,18.3,7,2023
Khalil Herbert,PEDeAndre Hopkins,RB,CHI,Bench,0,0,7,2023
Romeo Doubs,PEDeAndre Hopkins,WR,GB,Bench,9.8,11,7,2023
Russell Wilson,PEDeAndre Hopkins,QB,DEN,Bench,16.2,13.86,7,2023
Zay Jones,PEDeAndre Hopkins,WR,JAX,Bench,0,0,7,2023
Patriots,PEDeAndre Hopkins,D/ST,NE,D/ST,3.3,5,7,2023
Chris Godwin,PEDeAndre Hopkins,WR,TB,FLEX,12.2,12.6,7,2023
Jamaal Williams,PEDeAndre Hopkins,RB,NO,IR,5.6,1.4,7,2023
Younghoe Koo,PEDeAndre Hopkins,K,ATL,K,6.6,13,7,2023
Patrick Mahomes,PEDeAndre Hopkins,QB,KC,QB,22.8,33.86,7,2023
Rachaad White,PEDeAndre Hopkins,RB,TB,RB,11.8,15.9,7,2023
Raheem Mostert,PEDeAndre Hopkins,RB,MIA,RB,18.3,6.1,7,2023
Travis Kelce,PEDeAndre Hopkins,TE,KC,TE,18.3,35.9,7,2023
DeVonta Smith,PEDeAndre Hopkins,WR,PHI,WR,14.7,8.9,7,2023
Jaylen Waddle,PEDeAndre Hopkins,WR,MIA,WR,16.6,12.3,7,2023
CeeDee Lamb,Pocket Aces,WR,DAL,Bench,0,0,7,2023
Dak Prescott,Pocket Aces,QB,DAL,Bench,0,0,7,2023
Dalton Schultz,Pocket Aces,TE,HOU,Bench,0,0,7,2023
Dameon Pierce,Pocket Aces,RB,HOU,Bench,0,0,7,2023
Damien Harris,Pocket Aces,RB,BUF,Bench,0,0,7,2023
Justin Fields,Pocket Aces,QB,CHI,Bench,0,0,7,2023
Kyle Pitts,Pocket Aces,TE,ATL,Bench,9.7,7.7,7,2023
Vikings,Pocket Aces,D/ST,MIN,D/ST,3.4,8,7,2023
DK Metcalf,Pocket Aces,WR,SEA,FLEX,0,0,7,2023
Justin Tucker,Pocket Aces,K,BAL,K,8,8,7,2023
Baker Mayfield,Pocket Aces,QB,TB,QB,16,16.2,7,2023
Cam Akers,Pocket Aces,RB,MIN,RB,4.8,8.1,7,2023
Jonathan Taylor,Pocket Aces,RB,IND,RB,13.2,21,7,2023
Cole Kmet,Pocket Aces,TE,CHI,TE,9.6,0,7,2023
Christian Watson,Pocket Aces,WR,GB,WR,12.5,5.7,7,2023
Deebo Samuel,Pocket Aces,WR,SF,WR,0,0,7,2023
Adam Thielen,Riley Reid Option,WR,CAR,Bench,0,0,7,2023
Brian Robinson Jr.,Riley Reid Option,RB,WSH,Bench,11.6,8.3,7,2023
Jake Ferguson,Riley Reid Option,TE,DAL,Bench,0,0,7,2023
Joe Burrow,Riley Reid Option,QB,CIN,Bench,0,0,7,2023
Tony Pollard,Riley Reid Option,RB,DAL,Bench,0,0,7,2023
Tutu Atwell,Riley Reid Option,WR,LAR,Bench,8.5,10.1,7,2023
Tyler Lockett,Riley Reid Option,WR,SEA,Bench,14.8,7.8,7,2023
Commanders,Riley Reid Option,D/ST,WSH,D/ST,6.3,8,7,2023
Zay Flowers,Riley Reid Option,WR,BAL,FLEX,14.1,11.5,7,2023
De'Von Achane,Riley Reid Option,RB,MIA,IR,0,0,7,2023
Daniel Carlson,Riley Reid Option,K,LV,K,7.7,6,7,2023
Tua Tagovailoa,Riley Reid Option,QB,MIA,QB,20.3,10.34,7,2023
James Cook,Riley Reid Option,RB,BUF,RB,12.8,19.2,7,2023
Travis Etienne Jr.,Riley Reid Option,RB,JAX,RB,16.3,22.7,7,2023
Luke Musgrave,Riley Reid Option,TE,GB,TE,8.3,7,7,2023
Jakobi Meyers,Riley Reid Option,WR,LV,WR,13.4,18,7,2023
Puka Nacua,Riley Reid Option,WR,LAR,WR,16.1,23.4,7,2023
Curtis Samuel,S(kittle),WR,WSH,Bench,10.1,6.5,7,2023
D'Onta Foreman,S(kittle),RB,CHI,Bench,10.6,33,7,2023
Deshaun Watson,S(kittle),QB,CLE,Bench,16.3,-1.8,7,2023
George Kittle,S(kittle),TE,SF,Bench,10.4,13,7,2023
George Pickens,S(kittle),WR,PIT,Bench,12.4,15.7,7,2023
Javonte Williams,S(kittle),RB,DEN,Bench,9.2,12.6,7,2023
Jordan Addison,S(kittle),WR,MIN,Bench,13.9,31.3,7,2023
Rams,S(kittle),D/ST,LAR,D/ST,6.5,2,7,2023
Marquise Brown,S(kittle),WR,ARI,FLEX,14.9,7.9,7,2023
James Conner,S(kittle),RB,ARI,IR,0,0,7,2023
Matt Gay,S(kittle),K,IND,K,6.9,7,7,2023
Brock Purdy,S(kittle),QB,SF,QB,16.7,12.78,7,2023
Christian McCaffrey,S(kittle),RB,SF,RB,23.4,22.6,7,2023
Kareem Hunt,S(kittle),RB,CLE,RB,8,15.1,7,2023
Dallas Goedert,S(kittle),TE,PHI,TE,12,18.7,7,2023
A.J. Brown,S(kittle),WR,PHI,WR,18.9,29.7,7,2023
Keenan Allen,S(kittle),WR,LAC,WR,19,9.5,7,2023
Evan McPherson,Team Chieffo,K,CIN,Bench,0,0,7,2023
Jerry Jeudy,Team Chieffo,WR,DEN,Bench,10.6,11.4,7,2023
Justin Jefferson,Team Chieffo,WR,MIN,Bench,0,0,7,2023
Tyjae Spears,Team Chieffo,RB,TEN,Bench,0,0,7,2023
Tyler Boyd,Team Chieffo,WR,CIN,Bench,0,0,7,2023
49ers,Team Chieffo,D/ST,SF,D/ST,6,-3,7,2023
Jerome Ford,Team Chieffo,RB,CLE,FLEX,12.1,17.4,7,2023
Jason Sanders,Team Chieffo,K,MIA,K,8.3,6,7,2023
Kirk Cousins,Team Chieffo,QB,MIN,QB,15.7,21.02,7,2023
Alvin Kamara,Team Chieffo,RB,NO,RB,16.7,29.3,7,2023
Kenneth Walker III,Team Chieffo,RB,SEA,RB,20.9,13.1,7,2023
Darren Waller,Team Chieffo,TE,NYG,TE,10.8,22.8,7,2023
Drake London,Team Chieffo,WR,ATL,WR,12.4,11.4,7,2023
Tyreek Hill,Team Chieffo,WR,MIA,WR,24.3,25.8,7,2023
Bills,Chase-ing Young Children,D/ST,BUF,Bench,5.7,5,8,2023
David Montgomery,Chase-ing Young Children,RB,DET,Bench,0,0,8,2023
Diontae Johnson,Chase-ing Young Children,WR,PIT,Bench,12.7,16.5,8,2023
Garrett Wilson,Chase-ing Young Children,WR,NYJ,Bench,14.5,17.6,8,2023
Gus Edwards,Chase-ing Young Children,RB,BAL,Bench,11.8,29.4,8,2023
Jason Myers,Chase-ing Young Children,K,SEA,Bench,7.4,6,8,2023
Miles Sanders,Chase-ing Young Children,RB,CAR,Bench,11.7,0,8,2023
Chiefs,Chase-ing Young Children,D/ST,KC,D/ST,7.1,12,8,2023
Mike Evans,Chase-ing Young Children,WR,TB,FLEX,16.9,12.9,8,2023
Anthony Richardson,Chase-ing Young Children,QB,IND,IR,0,0,8,2023
Brandon Aubrey,Chase-ing Young Children,K,DAL,K,8,13,8,2023
Josh Allen,Chase-ing Young Children,QB,BUF,QB,21.3,29.06,8,2023
Jahmyr Gibbs,Chase-ing Young Children,RB,DET,RB,19.2,29.9,8,2023
Saquon Barkley,Chase-ing Young Children,RB,NYG,RB,16.8,15.8,8,2023
Mark Andrews,Chase-ing Young Children,TE,BAL,TE,12.9,14,8,2023
Davante Adams,Chase-ing Young Children,WR,LV,WR,17.8,2.1,8,2023
Ja'Marr Chase,Chase-ing Young Children,WR,CIN,WR,21.9,25.2,8,2023
Gabe Davis,Cup of Joe,WR,BUF,Bench,9.9,23.7,8,2023
Jared Goff,Cup of Joe,QB,DET,Bench,16,12.68,8,2023
Joe Mixon,Cup of Joe,RB,CIN,Bench,13.6,20,8,2023
Josh Reynolds,Cup of Joe,WR,DET,Bench,6.4,0.3,8,2023
Justice Hill,Cup of Joe,RB,BAL,Bench,8.7,9.5,8,2023
K.J. Osborn,Cup of Joe,WR,MIN,Bench,11.2,17.9,8,2023
Tee Higgins,Cup of Joe,WR,CIN,Bench,13.1,11.9,8,2023
Eagles,Cup of Joe,D/ST,PHI,D/ST,9.4,-3,8,2023
Terry McLaurin,Cup of Joe,WR,WSH,FLEX,14.4,17.3,8,2023
Tyler Bass,Cup of Joe,K,BUF,K,8.4,6,8,2023
Justin Herbert,Cup of Joe,QB,LAC,QB,19.7,24.02,8,2023
Austin Ekeler,Cup of Joe,RB,LAC,RB,18.5,23.3,8,2023
D'Andre Swift,Cup of Joe,RB,PHI,RB,15.7,14.4,8,2023
Evan Engram,Cup of Joe,TE,JAX,TE,10.8,16.8,8,2023
Amon-Ra St. Brown,Cup of Joe,WR,DET,WR,17.6,16.8,8,2023
Courtland Sutton,Cup of Joe,WR,DEN,WR,12.5,10.9,8,2023
AJ Dillon,Jah is gay,RB,GB,Bench,7.2,10.2,8,2023
Amari Cooper,Jah is gay,WR,CLE,Bench,11.9,14.9,8,2023
Browns,Jah is gay,D/ST,CLE,Bench,6.3,4,8,2023
Jeff Wilson Jr.,Jah is gay,RB,MIA,Bench,7.7,5.7,8,2023
Ravens,Jah is gay,D/ST,BAL,Bench,7.4,6,8,2023
Tyler Allgeier,Jah is gay,RB,ATL,Bench,8.1,3.1,8,2023
Zach Evans,Jah is gay,RB,LAR,Bench,0,0,8,2023
Jets,Jah is gay,D/ST,NYJ,D/ST,7.5,10,8,2023
DK Metcalf,Jah is gay,WR,SEA,FLEX,13.4,11.7,8,2023
Harrison Butker,Jah is gay,K,KC,K,8.7,11,8,2023
Lamar Jackson,Jah is gay,QB,BAL,QB,23.5,11.98,8,2023
Alexander Mattison,Jah is gay,RB,MIN,RB,12.3,4.3,8,2023
Jonathan Taylor,Jah is gay,RB,IND,RB,18.6,10.7,8,2023
T.J. Hockenson,Jah is gay,TE,MIN,TE,15.2,20.8,8,2023
Brandon Aiyuk,Jah is gay,WR,SF,WR,15.8,15.9,8,2023
Chris Olave,Jah is gay,WR,NO,WR,14.8,9.6,8,2023
Curtis Samuel,Mr. FigureItOut,WR,WSH,Bench,10.5,6.2,8,2023
DeAndre Hopkins,Mr. FigureItOut,WR,TEN,Bench,12.7,34.8,8,2023
Javonte Williams,Mr. FigureItOut,RB,DEN,Bench,11.7,18.8,8,2023
Josh Downs,Mr. FigureItOut,WR,IND,Bench,10.6,14.2,8,2023
Rhamondre Stevenson,Mr. FigureItOut,RB,NE,Bench,13.9,7,8,2023
Royce Freeman,Mr. FigureItOut,RB,LAR,Bench,8.3,10.4,8,2023
Zack Moss,Mr. FigureItOut,RB,IND,Bench,8.7,14.4,8,2023
Dolphins,Mr. FigureItOut,D/ST,MIA,D/ST,6.9,8,8,2023
Nico Collins,Mr. FigureItOut,WR,HOU,FLEX,13.5,7,8,2023
Kyren Williams,Mr. FigureItOut,RB,LAR,IR,0,0,8,2023
Jake Elliott,Mr. FigureItOut,K,PHI,K,8.6,10,8,2023
C.J. Stroud,Mr. FigureItOut,QB,HOU,QB,17.8,12.9,8,2023
Chuba Hubbard,Mr. FigureItOut,RB,CAR,RB,8,7.4,8,2023
Jaylen Warren,Mr. FigureItOut,RB,PIT,RB,9.6,7.8,8,2023
Sam LaPorta,Mr. FigureItOut,TE,DET,TE,11.7,19.7,8,2023
DJ Moore,Mr. FigureItOut,WR,CHI,WR,16.9,9.5,8,2023
Keenan Allen,Mr. FigureItOut,WR,LAC,WR,18,14.9,8,2023
Calvin Ridley,My digg hurts,WR,JAX,Bench,12.7,14.3,8,2023
Christian Watson,My digg hurts,WR,GB,Bench,12.1,6.3,8,2023
Cowboys,My digg hurts,D/ST,DAL,Bench,5.7,16,8,2023
Emari Demercado,My digg hurts,RB,ARI,Bench,11.5,8.9,8,2023
Kyler Murray,My digg hurts,QB,ARI,Bench,0,0,8,2023
Najee Harris,My digg hurts,RB,PIT,Bench,10.2,10.5,8,2023
Zach Charbonnet,My digg hurts,RB,SEA,Bench,5.2,8.4,8,2023
Giants,My digg hurts,D/ST,NYG,D/ST,7.4,13,8,2023
Aaron Jones,My digg hurts,RB,GB,FLEX,13.5,8.6,8,2023
Ka'imi Fairbairn,My digg hurts,K,HOU,K,8.4,1,8,2023
Jalen Hurts,My digg hurts,QB,PHI,QB,22.8,27.36,8,2023
Bijan Robinson,My digg hurts,RB,ATL,RB,16.2,12.2,8,2023
Derrick Henry,My digg hurts,RB,TEN,RB,13.7,16.2,8,2023
Dalton Kincaid,My digg hurts,TE,BUF,TE,10.3,17.5,8,2023
Cooper Kupp,My digg hurts,WR,LAR,WR,19.1,6.1,8,2023
Stefon Diggs,My digg hurts,WR,BUF,WR,20.4,16,8,2023
Brandin Cooks,PEDeAndre Hopkins,WR,DAL,Bench,9.6,14.2,8,2023
Darrell Henderson Jr.,PEDeAndre Hopkins,RB,LAR,Bench,12.2,11.5,8,2023
Joshua Palmer,PEDeAndre Hopkins,WR,LAC,Bench,10.7,5.4,8,2023
Khalil Herbert,PEDeAndre Hopkins,RB,CHI,Bench,0,0,8,2023
Rachaad White,PEDeAndre Hopkins,RB,TB,Bench,12.7,17.9,8,2023
Romeo Doubs,PEDeAndre Hopkins,WR,GB,Bench,8.3,11.8,8,2023
Zay Jones,PEDeAndre Hopkins,WR,JAX,Bench,0,0,8,2023
Seahawks,PEDeAndre Hopkins,D/ST,SEA,D/ST,8.7,8,8,2023
Chris Godwin,PEDeAndre Hopkins,WR,TB,FLEX,14,17.8,8,2023
Younghoe Koo,PEDeAndre Hopkins,K,ATL,K,7.4,12,8,2023
Patrick Mahomes,PEDeAndre Hopkins,QB,KC,QB,24.3,5.6,8,2023
Breece Hall,PEDeAndre Hopkins,RB,NYJ,RB,15.7,21.3,8,2023
Raheem Mostert,PEDeAndre Hopkins,RB,MIA,RB,17.1,10.6,8,2023
Travis Kelce,PEDeAndre Hopkins,TE,KC,TE,19.4,11.8,8,2023
DeVonta Smith,PEDeAndre Hopkins,WR,PHI,WR,12.9,22.9,8,2023
Jaylen Waddle,PEDeAndre Hopkins,WR,MIA,WR,15.5,25.1,8,2023
Baker Mayfield,Pocket Aces,QB,TB,Bench,16.2,21.38,8,2023
Cam Akers,Pocket Aces,RB,MIN,Bench,7.7,9.5,8,2023
Cole Kmet,Pocket Aces,TE,CHI,Bench,8.8,17.9,8,2023
Damien Harris,Pocket Aces,RB,BUF,Bench,0,0,8,2023
Justin Fields,Pocket Aces,QB,CHI,Bench,0,0,8,2023
Kyle Pitts,Pocket Aces,TE,ATL,Bench,8.4,6.5,8,2023
Rashee Rice,Pocket Aces,WR,KC,Bench,10.6,9.6,8,2023
Vikings,Pocket Aces,D/ST,MIN,D/ST,6.1,11,8,2023
Michael Pittman Jr.,Pocket Aces,WR,IND,FLEX,13.2,18,8,2023
Deebo Samuel,Pocket Aces,WR,SF,IR,0,0,8,2023
Justin Tucker,Pocket Aces,K,BAL,K,8.7,7,8,2023
Dak Prescott,Pocket Aces,QB,DAL,QB,16.6,28.06,8,2023
Dameon Pierce,Pocket Aces,RB,HOU,RB,10.9,4.6,8,2023
Josh Jacobs,Pocket Aces,RB,LV,RB,16.3,16.8,8,2023
Dalton Schultz,Pocket Aces,TE,HOU,TE,10.2,2.5,8,2023
CeeDee Lamb,Pocket Aces,WR,DAL,WR,15.9,41,8,2023
Michael Thomas,Pocket Aces,WR,NO,WR,11.2,10.8,8,2023
Brian Robinson Jr.,Riley Reid Option,RB,WSH,Bench,8.6,9.9,8,2023
James Cook,Riley Reid Option,RB,BUF,Bench,13.3,8.3,8,2023
Joe Burrow,Riley Reid Option,QB,CIN,Bench,16.4,27.62,8,2023
Luke Musgrave,Riley Reid Option,TE,GB,Bench,8.4,2.9,8,2023
Tutu Atwell,Riley Reid Option,WR,LAR,Bench,6.6,6.9,8,2023
Tyler Lockett,Riley Reid Option,WR,SEA,Bench,11.7,22.1,8,2023
Zay Flowers,Riley Reid Option,WR,BAL,Bench,14.6,6.9,8,2023
Jaguars,Riley Reid Option,D/ST,JAX,D/ST,7.4,12,8,2023
Adam Thielen,Riley Reid Option,WR,CAR,FLEX,17.2,15.2,8,2023
De'Von Achane,Riley Reid Option,RB,MIA,IR,0,0,8,2023
Daniel Carlson,Riley Reid Option,K,LV,K,6.8,2,8,2023
Tua Tagovailoa,Riley Reid Option,QB,MIA,QB,18.9,21.76,8,2023
Tony Pollard,Riley Reid Option,RB,DAL,RB,19.1,6.5,8,2023
Travis Etienne Jr.,Riley Reid Option,RB,JAX,RB,18.3,25.9,8,2023
Jake Ferguson,Riley Reid Option,TE,DAL,TE,9.1,14.7,8,2023
Jakobi Meyers,Riley Reid Option,WR,LV,WR,15.8,2.9,8,2023
Puka Nacua,Riley Reid Option,WR,LAR,WR,17.2,7.3,8,2023
D'Onta Foreman,S(kittle),RB,CHI,Bench,8.9,4.6,8,2023
Derek Carr,S(kittle),QB,NO,Bench,14.2,18.3,8,2023
Deshaun Watson,S(kittle),QB,CLE,Bench,0,0,8,2023
George Kittle,S(kittle),TE,SF,Bench,11.3,23.9,8,2023
George Pickens,S(kittle),WR,PIT,Bench,13.1,9.2,8,2023
Kareem Hunt,S(kittle),RB,CLE,Bench,6.9,13.7,8,2023
Marquise Brown,S(kittle),WR,ARI,Bench,13.4,15.3,8,2023
Falcons,S(kittle),D/ST,ATL,D/ST,7.5,2,8,2023
Jordan Addison,S(kittle),WR,MIN,FLEX,14.9,21.4,8,2023
James Conner,S(kittle),RB,ARI,IR,0,0,8,2023
Matt Gay,S(kittle),K,IND,K,8.1,10,8,2023
Brock Purdy,S(kittle),QB,SF,QB,16.8,18.3,8,2023
Christian McCaffrey,S(kittle),RB,SF,RB,22.4,29.8,8,2023
Isiah Pacheco,S(kittle),RB,KC,RB,17.1,6.7,8,2023
Dallas Goedert,S(kittle),TE,PHI,TE,10.7,7.6,8,2023
A.J. Brown,S(kittle),WR,PHI,WR,19.2,33,8,2023
Christian Kirk,S(kittle),WR,JAX,WR,13.8,8.6,8,2023
David Njoku,Team Chieffo,TE,CLE,Bench,9.3,17.7,8,2023
Evan McPherson,Team Chieffo,K,CIN,Bench,8,8,8,2023
Jerome Ford,Team Chieffo,RB,CLE,Bench,9.8,4.9,8,2023
Justin Jefferson,Team Chieffo,WR,MIN,Bench,0,0,8,2023
Tyjae Spears,Team Chieffo,RB,TEN,Bench,7.4,6.6,8,2023
Tyler Boyd,Team Chieffo,WR,CIN,Bench,9.8,13.6,8,2023
49ers,Team Chieffo,D/ST,SF,D/ST,6.8,1,8,2023
Jerry Jeudy,Team Chieffo,WR,DEN,FLEX,11.3,13,8,2023
Jason Sanders,Team Chieffo,K,MIA,K,8.3,7,8,2023
Kirk Cousins,Team Chieffo,QB,MIN,QB,17.4,19.86,8,2023
Alvin Kamara,Team Chieffo,RB,NO,RB,17.9,27,8,2023
Kenneth Walker III,Team Chieffo,RB,SEA,RB,16.1,8,8,2023
Darren Waller,Team Chieffo,TE,NYG,TE,11.6,1.4,8,2023
Drake London,Team Chieffo,WR,ATL,WR,11.7,10.5,8,2023
Tyreek Hill,Team Chieffo,WR,MIA,WR,22.3,25.2,8,2023
Bills,Chase-ing Young Children,D/ST,BUF,Bench,5.6,0,9,2023
Chiefs,Chase-ing Young Children,D/ST,KC,Bench,4,14,9,2023
Davante Adams,Chase-ing Young Children,WR,LV,Bench,14,7.4,9,2023
Diontae Johnson,Chase-ing Young Children,WR,PIT,Bench,13.9,22,9,2023
Jahmyr Gibbs,Chase-ing Young Children,RB,DET,Bench,0,0,9,2023
Jason Myers,Chase-ing Young Children,K,SEA,Bench,7.4,3,9,2023
Leonard Fournette,Chase-ing Young Children,RB,BUF,Bench,0,0,9,2023
Steelers,Chase-ing Young Children,D/ST,PIT,D/ST,5.8,7,9,2023
Mike Evans,Chase-ing Young Children,WR,TB,FLEX,15.2,12.7,9,2023
Anthony Richardson,Chase-ing Young Children,QB,IND,IR,0,0,9,2023
Brandon Aubrey,Chase-ing Young Children,K,DAL,K,8,7,9,2023
Josh Allen,Chase-ing Young Children,QB,BUF,QB,22.5,24.72,9,2023
Aaron Jones,Chase-ing Young Children,RB,GB,RB,13.6,17.9,9,2023
Saquon Barkley,Chase-ing Young Children,RB,NYG,RB,18.3,14.3,9,2023
Mark Andrews,Chase-ing Young Children,TE,BAL,TE,12.2,17,9,2023
Garrett Wilson,Chase-ing Young Children,WR,NYJ,WR,16.1,13,9,2023
Ja'Marr Chase,Chase-ing Young Children,WR,CIN,WR,22.9,8.1,9,2023
Amon-Ra St. Brown,Cup of Joe,WR,DET,Bench,0,0,9,2023
Courtland Sutton,Cup of Joe,WR,DEN,Bench,0,0,9,2023
Evan Engram,Cup of Joe,TE,JAX,Bench,0,0,9,2023
Jared Goff,Cup of Joe,QB,DET,Bench,0,0,9,2023
Justice Hill,Cup of Joe,RB,BAL,Bench,6.2,4,9,2023
K.J. Osborn,Cup of Joe,WR,MIN,Bench,8.9,3.7,9,2023
Tee Higgins,Cup of Joe,WR,CIN,Bench,12.5,19,9,2023
Eagles,Cup of Joe,D/ST,PHI,D/ST,5.3,4,9,2023
Joe Mixon,Cup of Joe,RB,CIN,FLEX,15.2,17.8,9,2023
Tyler Bass,Cup of Joe,K,BUF,K,8.3,4,9,2023
Justin Herbert,Cup of Joe,QB,LAC,QB,18,7.14,9,2023
Austin Ekeler,Cup of Joe,RB,LAC,RB,18.3,21,9,2023
D'Andre Swift,Cup of Joe,RB,PHI,RB,14.5,9.4,9,2023
Taysom Hill,Cup of Joe,TE,NO,TE,6.7,20.62,9,2023
Gabe Davis,Cup of Joe,WR,BUF,WR,12.9,0,9,2023
Terry McLaurin,Cup of Joe,WR,WSH,WR,14.9,12.3,9,2023
AJ Dillon,Jah is gay,RB,GB,Bench,8.6,5.3,9,2023
Brandon Aiyuk,Jah is gay,WR,SF,Bench,0,0,9,2023
Jeff Wilson Jr.,Jah is gay,RB,MIA,Bench,7.2,6.8,9,2023
Jets,Jah is gay,D/ST,NYJ,Bench,4.1,8,9,2023
Ravens,Jah is gay,D/ST,BAL,Bench,6.1,15,9,2023
Tyler Allgeier,Jah is gay,RB,ATL,Bench,7.1,11,9,2023
Browns,Jah is gay,D/ST,CLE,D/ST,8.3,23,9,2023
DK Metcalf,Jah is gay,WR,SEA,FLEX,14.7,6,9,2023
Harrison Butker,Jah is gay,K,KC,K,8.3,3,9,2023
Lamar Jackson,Jah is gay,QB,BAL,QB,20.3,11.48,9,2023
Alexander Mattison,Jah is gay,RB,MIN,RB,10.5,17.3,9,2023
Jonathan Taylor,Jah is gay,RB,IND,RB,16.6,17.9,9,2023
T.J. Hockenson,Jah is gay,TE,MIN,TE,12.5,13.9,9,2023
Amari Cooper,Jah is gay,WR,CLE,WR,12.5,24.9,9,2023
Chris Olave,Jah is gay,WR,NO,WR,14.9,16.6,9,2023
Calvin Ridley,Mr. FigureItOut,WR,JAX,Bench,0,0,9,2023
Chuba Hubbard,Mr. FigureItOut,RB,CAR,Bench,9.9,10.7,9,2023
David Montgomery,Mr. FigureItOut,RB,DET,Bench,0,0,9,2023
Gus Edwards,Mr. FigureItOut,RB,BAL,Bench,12.7,17.2,9,2023
Jerry Jeudy,Mr. FigureItOut,WR,DEN,Bench,0,0,9,2023
Justin Fields,Mr. FigureItOut,QB,CHI,Bench,0,0,9,2023
Sam LaPorta,Mr. FigureItOut,TE,DET,Bench,0,0,9,2023
Saints,Mr. FigureItOut,D/ST,NO,D/ST,6.6,12,9,2023
Josh Downs,Mr. FigureItOut,WR,IND,FLEX,11.5,2,9,2023
Younghoe Koo,Mr. FigureItOut,K,ATL,K,7.4,19,9,2023
Deshaun Watson,Mr. FigureItOut,QB,CLE,QB,15.4,18.96,9,2023
Rhamondre Stevenson,Mr. FigureItOut,RB,NE,RB,14.8,22.9,9,2023
Zack Moss,Mr. FigureItOut,RB,IND,RB,12.7,2.6,9,2023
Logan Thomas,Mr. FigureItOut,TE,WSH,TE,9.5,7.1,9,2023
Chris Godwin,Mr. FigureItOut,WR,TB,WR,13.3,3.6,9,2023
Cooper Kupp,Mr. FigureItOut,WR,LAR,WR,16.6,6.8,9,2023
Cowboys,My digg hurts,D/ST,DAL,Bench,4.8,4,9,2023
Emari Demercado,My digg hurts,RB,ARI,Bench,0,0,9,2023
Javonte Williams,My digg hurts,RB,DEN,Bench,0,0,9,2023
Kyler Murray,My digg hurts,QB,ARI,Bench,0,0,9,2023
Tank Dell,My digg hurts,WR,HOU,Bench,11,29.6,9,2023
Giants,My digg hurts,D/ST,NYG,D/ST,7.4,-1,9,2023
Najee Harris,My digg hurts,RB,PIT,FLEX,10.6,15.6,9,2023
Cameron Dicker,My digg hurts,K,LAC,K,8.1,11,9,2023
Jalen Hurts,My digg hurts,QB,PHI,QB,21,25.88,9,2023
Bijan Robinson,My digg hurts,RB,ATL,RB,15.3,5.9,9,2023
Derrick Henry,My digg hurts,RB,TEN,RB,16,19.2,9,2023
Dalton Kincaid,My digg hurts,TE,BUF,TE,11.4,16.1,9,2023
Stefon Diggs,My digg hurts,WR,BUF,WR,22.9,22.6,9,2023
Tyreek Hill,My digg hurts,WR,MIA,WR,24.5,12.5,9,2023
Brandin Cooks,PEDeAndre Hopkins,WR,DAL,Bench,9.9,1.7,9,2023
Darrell Henderson Jr.,PEDeAndre Hopkins,RB,LAR,Bench,11.1,5.5,9,2023
Jahan Dotson,PEDeAndre Hopkins,WR,WSH,Bench,11.3,16.9,9,2023
Raheem Mostert,PEDeAndre Hopkins,RB,MIA,Bench,15.9,14.5,9,2023
Romeo Doubs,PEDeAndre Hopkins,WR,GB,Bench,9,6.6,9,2023
Will Levis,PEDeAndre Hopkins,QB,TEN,Bench,15,8.68,9,2023
Patriots,PEDeAndre Hopkins,D/ST,NE,D/ST,7.1,4,9,2023
Nico Collins,PEDeAndre Hopkins,WR,HOU,FLEX,14.2,14.4,9,2023
Khalil Herbert,PEDeAndre Hopkins,RB,CHI,IR,0,0,9,2023
Jake Elliott,PEDeAndre Hopkins,K,PHI,K,8.4,4,9,2023
Patrick Mahomes,PEDeAndre Hopkins,QB,KC,QB,21.8,15.8,9,2023
Breece Hall,PEDeAndre Hopkins,RB,NYJ,RB,16.2,10,9,2023
Rachaad White,PEDeAndre Hopkins,RB,TB,RB,13.3,27.9,9,2023
Travis Kelce,PEDeAndre Hopkins,TE,KC,TE,19.5,4.4,9,2023
DeVonta Smith,PEDeAndre Hopkins,WR,PHI,WR,13.4,14.1,9,2023
Jaylen Waddle,PEDeAndre Hopkins,WR,MIA,WR,16.2,8.4,9,2023
Baker Mayfield,Pocket Aces,QB,TB,Bench,16,19,9,2023
Christian Watson,Pocket Aces,WR,GB,Bench,11.1,4.7,9,2023
Cole Kmet,Pocket Aces,TE,CHI,Bench,9.1,23.5,9,2023
Dameon Pierce,Pocket Aces,RB,HOU,Bench,0,0,9,2023
Damien Harris,Pocket Aces,RB,BUF,Bench,0,0,9,2023
Kyle Pitts,Pocket Aces,TE,ATL,Bench,8.6,9.6,9,2023
Rashee Rice,Pocket Aces,WR,KC,Bench,10.7,9.7,9,2023
Vikings,Pocket Aces,D/ST,MIN,D/ST,6,4,9,2023
Michael Pittman Jr.,Pocket Aces,WR,IND,FLEX,14.2,14.4,9,2023
Deebo Samuel,Pocket Aces,WR,SF,IR,0,0,9,2023
Justin Tucker,Pocket Aces,K,BAL,K,8.4,14,9,2023
Dak Prescott,Pocket Aces,QB,DAL,QB,17.4,28.36,9,2023
Cam Akers,Pocket Aces,RB,MIN,RB,7,6.8,9,2023
Josh Jacobs,Pocket Aces,RB,LV,RB,16.9,21.8,9,2023
Dalton Schultz,Pocket Aces,TE,HOU,TE,10.8,27,9,2023
CeeDee Lamb,Pocket Aces,WR,DAL,WR,19,28.1,9,2023
Michael Thomas,Pocket Aces,WR,NO,WR,10.9,0,9,2023
Brian Robinson Jr.,Riley Reid Option,RB,WSH,Bench,9.4,11.7,9,2023
Jaguars,Riley Reid Option,D/ST,JAX,Bench,0,0,9,2023
Jakobi Meyers,Riley Reid Option,WR,LV,Bench,12.3,13.5,9,2023
Joe Burrow,Riley Reid Option,QB,CIN,Bench,18.2,22.32,9,2023
Travis Etienne Jr.,Riley Reid Option,RB,JAX,Bench,0,0,9,2023
Tutu Atwell,Riley Reid Option,WR,LAR,Bench,7.2,5.3,9,2023
Tyler Lockett,Riley Reid Option,WR,SEA,Bench,13,6.2,9,2023
Raiders,Riley Reid Option,D/ST,LV,D/ST,8,18,9,2023
Zay Flowers,Riley Reid Option,WR,BAL,FLEX,14.1,2.1,9,2023
De'Von Achane,Riley Reid Option,RB,MIA,IR,0,0,9,2023
Daniel Carlson,Riley Reid Option,K,LV,K,6.5,14,9,2023
Tua Tagovailoa,Riley Reid Option,QB,MIA,QB,19.2,12.42,9,2023
James Cook,Riley Reid Option,RB,BUF,RB,12.8,7.9,9,2023
Tony Pollard,Riley Reid Option,RB,DAL,RB,15.9,9.3,9,2023
Jake Ferguson,Riley Reid Option,TE,DAL,TE,8.5,22.1,9,2023
Adam Thielen,Riley Reid Option,WR,CAR,WR,16.9,7.9,9,2023
Puka Nacua,Riley Reid Option,WR,LAR,WR,15.2,6.2,9,2023
Brock Purdy,S(kittle),QB,SF,Bench,0,0,9,2023
Christian Kirk,S(kittle),WR,JAX,Bench,0,0,9,2023
Christian McCaffrey,S(kittle),RB,SF,Bench,0,0,9,2023
D'Onta Foreman,S(kittle),RB,CHI,Bench,8.1,8.3,9,2023
George Kittle,S(kittle),TE,SF,Bench,0,0,9,2023
Joshua Palmer,S(kittle),WR,LAC,Bench,0,0,9,2023
Marquise Brown,S(kittle),WR,ARI,Bench,12.5,6.4,9,2023
Falcons,S(kittle),D/ST,ATL,D/ST,8.2,8,9,2023
Jordan Addison,S(kittle),WR,MIN,FLEX,12.5,10.2,9,2023
James Conner,S(kittle),RB,ARI,IR,0,0,9,2023
Matt Gay,S(kittle),K,IND,K,8.5,11,9,2023
Sam Howell,S(kittle),QB,WSH,QB,16.5,17.7,9,2023
Isiah Pacheco,S(kittle),RB,KC,RB,13.7,6.6,9,2023
Kareem Hunt,S(kittle),RB,CLE,RB,8.2,9.8,9,2023
Dallas Goedert,S(kittle),TE,PHI,TE,10.8,8,9,2023
A.J. Brown,S(kittle),WR,PHI,WR,20,19.6,9,2023
George Pickens,S(kittle),WR,PIT,WR,13.8,1.9,9,2023
49ers,Team Chieffo,D/ST,SF,Bench,0,0,9,2023
Darren Waller,Team Chieffo,TE,NYG,Bench,0,0,9,2023
Drake London,Team Chieffo,WR,ATL,Bench,0,0,9,2023
Jerome Ford,Team Chieffo,RB,CLE,Bench,11,12.7,9,2023
Justin Jefferson,Team Chieffo,WR,MIN,Bench,0,0,9,2023
Kyren Williams,Team Chieffo,RB,LAR,Bench,0,0,9,2023
Tyler Boyd,Team Chieffo,WR,CIN,Bench,8.9,8.6,9,2023
Titans,Team Chieffo,D/ST,TEN,D/ST,6.1,0,9,2023
DeAndre Hopkins,Team Chieffo,WR,TEN,FLEX,14.4,10.5,9,2023
Evan McPherson,Team Chieffo,K,CIN,K,8.4,6,9,2023
C.J. Stroud,Team Chieffo,QB,HOU,QB,16.2,41.8,9,2023
Alvin Kamara,Team Chieffo,RB,NO,RB,18.2,11,9,2023
Kenneth Walker III,Team Chieffo,RB,SEA,RB,15.2,2.7,9,2023
David Njoku,Team Chieffo,TE,CLE,TE,10.4,12.6,9,2023
DJ Moore,Team Chieffo,WR,CHI,WR,14.5,5.4,9,2023
Keenan Allen,Team Chieffo,WR,LAC,WR,17.6,15.7,9,2023
Chiefs,Chase-ing Young Children,D/ST,KC,Bench,0,0,10,2023
Davante Adams,Chase-ing Young Children,WR,LV,Bench,13.5,14.6,10,2023
Diontae Johnson,Chase-ing Young Children,WR,PIT,Bench,13.4,2.7,10,2023
Jahmyr Gibbs,Chase-ing Young Children,RB,DET,Bench,12.7,26.2,10,2023
Jaylen Warren,Chase-ing Young Children,RB,PIT,Bench,10.3,19,10,2023
Noah Brown,Chase-ing Young Children,WR,HOU,Bench,11.1,24.2,10,2023
Trevor Lawrence,Chase-ing Young Children,QB,JAX,Bench,17.3,2.1,10,2023
Steelers,Chase-ing Young Children,D/ST,PIT,D/ST,6,6,10,2023
Mike Evans,Chase-ing Young Children,WR,TB,FLEX,13.8,26.3,10,2023
Anthony Richardson,Chase-ing Young Children,QB,IND,IR,0,0,10,2023
Brandon Aubrey,Chase-ing Young Children,K,DAL,K,8.3,7,10,2023
Josh Allen,Chase-ing Young Children,QB,BUF,QB,24.9,14.38,10,2023
Aaron Jones,Chase-ing Young Children,RB,GB,RB,14.9,9.4,10,2023
Saquon Barkley,Chase-ing Young Children,RB,NYG,RB,16.7,7.1,10,2023
Mark Andrews,Chase-ing Young Children,TE,BAL,TE,12.6,6.4,10,2023
Garrett Wilson,Chase-ing Young Children,WR,NYJ,WR,13.6,18.3,10,2023
Ja'Marr Chase,Chase-ing Young Children,WR,CIN,WR,21.2,23.4,10,2023
Courtland Sutton,Cup of Joe,WR,DEN,Bench,12.5,17.3,10,2023
D'Andre Swift,Cup of Joe,RB,PHI,Bench,0,0,10,2023
Jared Goff,Cup of Joe,QB,DET,Bench,16.2,21.12,10,2023
Justice Hill,Cup of Joe,RB,BAL,Bench,5.7,0.7,10,2023
K.J. Osborn,Cup of Joe,WR,MIN,Bench,0,0,10,2023
Taysom Hill,Cup of Joe,TE,NO,Bench,9.8,4.3,10,2023
Tee Higgins,Cup of Joe,WR,CIN,Bench,0,0,10,2023
Colts,Cup of Joe,D/ST,IND,D/ST,6.4,13,10,2023
Gabe Davis,Cup of Joe,WR,BUF,FLEX,11.8,9.6,10,2023
Tyler Bass,Cup of Joe,K,BUF,K,8.4,2,10,2023
Justin Herbert,Cup of Joe,QB,LAC,QB,18.9,28.42,10,2023
Austin Ekeler,Cup of Joe,RB,LAC,RB,18.9,21.5,10,2023
Joe Mixon,Cup of Joe,RB,CIN,RB,15.5,12.5,10,2023
Evan Engram,Cup of Joe,TE,JAX,TE,12.4,5.2,10,2023
Amon-Ra St. Brown,Cup of Joe,WR,DET,WR,19.1,30.5,10,2023
Terry McLaurin,Cup of Joe,WR,WSH,WR,14,7.3,10,2023
AJ Dillon,Jah is gay,RB,GB,Bench,7.7,9.1,10,2023
Chris Olave,Jah is gay,WR,NO,Bench,14.4,21.4,10,2023
Harrison Butker,Jah is gay,K,KC,Bench,0,0,10,2023
Jets,Jah is gay,D/ST,NYJ,Bench,7,10,10,2023
Ravens,Jah is gay,D/ST,BAL,Bench,6.8,13,10,2023
Tyler Allgeier,Jah is gay,RB,ATL,Bench,9,4.8,10,2023
Seahawks,Jah is gay,D/ST,SEA,D/ST,7,4,10,2023
Brandon Aiyuk,Jah is gay,WR,SF,FLEX,15.3,14.5,10,2023
Nick Folk,Jah is gay,K,TEN,K,8.3,5,10,2023
Lamar Jackson,Jah is gay,QB,BAL,QB,19.6,13.02,10,2023
Alexander Mattison,Jah is gay,RB,MIN,RB,13.2,4.3,10,2023
Jonathan Taylor,Jah is gay,RB,IND,RB,17.2,14.5,10,2023
T.J. Hockenson,Jah is gay,TE,MIN,TE,11.4,30.4,10,2023
Amari Cooper,Jah is gay,WR,CLE,WR,12.1,15.8,10,2023
DK Metcalf,Jah is gay,WR,SEA,WR,14.6,16.8,10,2023
Chuba Hubbard,Mr. FigureItOut,RB,CAR,Bench,9.7,5.9,10,2023
Cooper Kupp,Mr. FigureItOut,WR,LAR,Bench,0,0,10,2023
Gus Edwards,Mr. FigureItOut,RB,BAL,Bench,12.2,9.8,10,2023
Jerry Jeudy,Mr. FigureItOut,WR,DEN,Bench,11.8,6.5,10,2023
Josh Downs,Mr. FigureItOut,WR,IND,Bench,8.6,6,10,2023
Logan Thomas,Mr. FigureItOut,TE,WSH,Bench,8.9,9,10,2023
Zack Moss,Mr. FigureItOut,RB,IND,Bench,8.6,0.2,10,2023
Saints,Mr. FigureItOut,D/ST,NO,D/ST,6.5,0,10,2023
Calvin Ridley,Mr. FigureItOut,WR,JAX,FLEX,13.4,4,10,2023
Justin Fields,Mr. FigureItOut,QB,CHI,IR,0,0,10,2023
Younghoe Koo,Mr. FigureItOut,K,ATL,K,7.8,5,10,2023
Russell Wilson,Mr. FigureItOut,QB,DEN,QB,16.2,18.72,10,2023
David Montgomery,Mr. FigureItOut,RB,DET,RB,13.8,17.6,10,2023
Rhamondre Stevenson,Mr. FigureItOut,RB,NE,RB,13.8,13.2,10,2023
Sam LaPorta,Mr. FigureItOut,TE,DET,TE,12.9,8,10,2023
Chris Godwin,Mr. FigureItOut,WR,TB,WR,13.5,9.4,10,2023
Jaxon Smith-Njigba,Mr. FigureItOut,WR,SEA,WR,8.7,9.3,10,2023
Curtis Samuel,My digg hurts,WR,WSH,Bench,11.1,2.6,10,2023
DeMario Douglas,My digg hurts,WR,NE,Bench,10.9,14.4,10,2023
Devin Singletary,My digg hurts,RB,HOU,Bench,12.1,23.1,10,2023
Jalen Hurts,My digg hurts,QB,PHI,Bench,0,0,10,2023
Najee Harris,My digg hurts,RB,PIT,Bench,12,18.6,10,2023
Trey McBride,My digg hurts,TE,ARI,Bench,10.2,21.1,10,2023
Tyreek Hill,My digg hurts,WR,MIA,Bench,0,0,10,2023
Cowboys,My digg hurts,D/ST,DAL,D/ST,8.5,11,10,2023
Javonte Williams,My digg hurts,RB,DEN,FLEX,13.4,21,10,2023
Cameron Dicker,My digg hurts,K,LAC,K,8.4,9,10,2023
Kyler Murray,My digg hurts,QB,ARI,QB,15.5,17.26,10,2023
Derrick Henry,My digg hurts,RB,TEN,RB,16.1,3,10,2023
Josh Jacobs,My digg hurts,RB,LV,RB,16.2,12.7,10,2023
Dalton Kincaid,My digg hurts,TE,BUF,TE,12.3,16.1,10,2023
Stefon Diggs,My digg hurts,WR,BUF,WR,20.8,6.4,10,2023
Tank Dell,My digg hurts,WR,HOU,WR,14,18.9,10,2023
Darrell Henderson Jr.,PEDeAndre Hopkins,RB,LAR,Bench,0,0,10,2023
DeVonta Smith,PEDeAndre Hopkins,WR,PHI,Bench,0,0,10,2023
Jake Elliott,PEDeAndre Hopkins,K,PHI,Bench,0,0,10,2023
Jaylen Waddle,PEDeAndre Hopkins,WR,MIA,Bench,0,0,10,2023
Patrick Mahomes,PEDeAndre Hopkins,QB,KC,Bench,0,0,10,2023
Raheem Mostert,PEDeAndre Hopkins,RB,MIA,Bench,0,0,10,2023
Travis Kelce,PEDeAndre Hopkins,TE,KC,Bench,0,0,10,2023
Bills,PEDeAndre Hopkins,D/ST,BUF,D/ST,6.7,6,10,2023
Robert Woods,PEDeAndre Hopkins,WR,HOU,FLEX,10.1,2.5,10,2023
Khalil Herbert,PEDeAndre Hopkins,RB,CHI,IR,0,0,10,2023
Brandon McManus,PEDeAndre Hopkins,K,JAX,K,8.2,3,10,2023
Will Levis,PEDeAndre Hopkins,QB,TEN,QB,15.3,5.96,10,2023
Breece Hall,PEDeAndre Hopkins,RB,NYJ,RB,15.7,10.5,10,2023
Rachaad White,PEDeAndre Hopkins,RB,TB,RB,15.3,17.8,10,2023
Irv Smith Jr.,PEDeAndre Hopkins,TE,CIN,TE,7,1.6,10,2023
Jahan Dotson,PEDeAndre Hopkins,WR,WSH,WR,10.9,0,10,2023
Romeo Doubs,PEDeAndre Hopkins,WR,GB,WR,8,12.1,10,2023
Baker Mayfield,Pocket Aces,QB,TB,Bench,17.1,18.32,10,2023
Christian Watson,Pocket Aces,WR,GB,Bench,10.1,4.3,10,2023
Dalton Schultz,Pocket Aces,TE,HOU,Bench,13.3,11.1,10,2023
Dameon Pierce,Pocket Aces,RB,HOU,Bench,0,0,10,2023
Damien Harris,Pocket Aces,RB,BUF,Bench,0,0,10,2023
Kyle Pitts,Pocket Aces,TE,ATL,Bench,8.9,6,10,2023
Michael Thomas,Pocket Aces,WR,NO,Bench,9.8,1.9,10,2023
Vikings,Pocket Aces,D/ST,MIN,D/ST,5.2,9,10,2023
Michael Pittman Jr.,Pocket Aces,WR,IND,FLEX,14.4,16.4,10,2023
Emari Demercado,Pocket Aces,RB,ARI,IR,0,0,10,2023
Justin Tucker,Pocket Aces,K,BAL,K,8.4,6,10,2023
Dak Prescott,Pocket Aces,QB,DAL,QB,18.1,37.86,10,2023
Bijan Robinson,Pocket Aces,RB,ATL,RB,14.4,17.6,10,2023
Latavius Murray,Pocket Aces,RB,BUF,RB,7.7,14.9,10,2023
Cole Kmet,Pocket Aces,TE,CHI,TE,10.5,9.6,10,2023
CeeDee Lamb,Pocket Aces,WR,DAL,WR,18.5,39.5,10,2023
Deebo Samuel,Pocket Aces,WR,SF,WR,14.6,15.9,10,2023
Brian Robinson Jr.,Riley Reid Option,RB,WSH,Bench,9.7,27.7,10,2023
Jaguars,Riley Reid Option,D/ST,JAX,Bench,4.1,-2,10,2023
Jakobi Meyers,Riley Reid Option,WR,LV,Bench,10.7,4.1,10,2023
Puka Nacua,Riley Reid Option,WR,LAR,Bench,0,0,10,2023
Tua Tagovailoa,Riley Reid Option,QB,MIA,Bench,0,0,10,2023
Tutu Atwell,Riley Reid Option,WR,LAR,Bench,0,0,10,2023
Zay Flowers,Riley Reid Option,WR,BAL,Bench,11.2,12.3,10,2023
Raiders,Riley Reid Option,D/ST,LV,D/ST,7.1,6,10,2023
James Cook,Riley Reid Option,RB,BUF,FLEX,14.5,12,10,2023
De'Von Achane,Riley Reid Option,RB,MIA,IR,0,0,10,2023
Daniel Carlson,Riley Reid Option,K,LV,K,6.7,14,10,2023
Joe Burrow,Riley Reid Option,QB,CIN,QB,19.2,19.88,10,2023
Tony Pollard,Riley Reid Option,RB,DAL,RB,15.8,5.5,10,2023
Travis Etienne Jr.,Riley Reid Option,RB,JAX,RB,17.9,6.4,10,2023
Jake Ferguson,Riley Reid Option,TE,DAL,TE,9.9,12.6,10,2023
Adam Thielen,Riley Reid Option,WR,CAR,WR,15.2,10.2,10,2023
Tyler Lockett,Riley Reid Option,WR,SEA,WR,13.5,23.2,10,2023
A.J. Brown,S(kittle),WR,PHI,Bench,0,0,10,2023
Brock Purdy,S(kittle),QB,SF,Bench,16.1,23.84,10,2023
D'Onta Foreman,S(kittle),RB,CHI,Bench,12.2,17.2,10,2023
Dallas Goedert,S(kittle),TE,PHI,Bench,0,0,10,2023
George Pickens,S(kittle),WR,PIT,Bench,11.9,7.5,10,2023
Isiah Pacheco,S(kittle),RB,KC,Bench,0,0,10,2023
Kareem Hunt,S(kittle),RB,CLE,Bench,7.2,9.2,10,2023
Bears,S(kittle),D/ST,CHI,D/ST,6.9,8,10,2023
Jordan Addison,S(kittle),WR,MIN,FLEX,12.2,10.9,10,2023
Joshua Palmer,S(kittle),WR,LAC,IR,0,0,10,2023
Matt Gay,S(kittle),K,IND,K,8.2,5,10,2023
Sam Howell,S(kittle),QB,WSH,QB,17.4,24.18,10,2023
Christian McCaffrey,S(kittle),RB,SF,RB,20.2,20.2,10,2023
James Conner,S(kittle),RB,ARI,RB,13.5,7.3,10,2023
George Kittle,S(kittle),TE,SF,TE,10.8,20.6,10,2023
Christian Kirk,S(kittle),WR,JAX,WR,13.1,14.4,10,2023
Marquise Brown,S(kittle),WR,ARI,WR,13.6,3.8,10,2023
Darren Waller,Team Chieffo,TE,NYG,Bench,0,0,10,2023
Drake London,Team Chieffo,WR,ATL,Bench,11.9,6.6,10,2023
Jerome Ford,Team Chieffo,RB,CLE,Bench,11.4,11.9,10,2023
Justin Jefferson,Team Chieffo,WR,MIN,Bench,0,0,10,2023
Kyren Williams,Team Chieffo,RB,LAR,Bench,0,0,10,2023
Titans,Team Chieffo,D/ST,TEN,Bench,4.5,5,10,2023
Tyler Boyd,Team Chieffo,WR,CIN,Bench,11.7,19.7,10,2023
49ers,Team Chieffo,D/ST,SF,D/ST,4.4,19,10,2023
DeAndre Hopkins,Team Chieffo,WR,TEN,FLEX,15,5.7,10,2023
Evan McPherson,Team Chieffo,K,CIN,K,8.5,11,10,2023
C.J. Stroud,Team Chieffo,QB,HOU,QB,18.8,19.04,10,2023
Alvin Kamara,Team Chieffo,RB,NO,RB,17,18.5,10,2023
Kenneth Walker III,Team Chieffo,RB,SEA,RB,15.8,19.7,10,2023
David Njoku,Team Chieffo,TE,CLE,TE,10.9,11.8,10,2023
DJ Moore,Team Chieffo,WR,CHI,WR,12.4,10.9,10,2023
Keenan Allen,Team Chieffo,WR,LAC,WR,18.8,40.5,10,2023
Chiefs,Chase-ing Young Children,D/ST,KC,Bench,5.4,9,11,2023
Diontae Johnson,Chase-ing Young Children,WR,PIT,Bench,11.7,3.6,11,2023
Jaylen Warren,Chase-ing Young Children,RB,PIT,Bench,11.4,23.5,11,2023
Logan Thomas,Chase-ing Young Children,TE,WSH,Bench,8.9,8.8,11,2023
Noah Brown,Chase-ing Young Children,WR,HOU,Bench,0,0,11,2023
Saquon Barkley,Chase-ing Young Children,RB,NYG,Bench,16.4,30,11,2023
Trevor Lawrence,Chase-ing Young Children,QB,JAX,Bench,16.2,32.18,11,2023
Steelers,Chase-ing Young Children,D/ST,PIT,D/ST,7.6,8,11,2023
Garrett Wilson,Chase-ing Young Children,WR,NYJ,FLEX,16.4,0.9,11,2023
Anthony Richardson,Chase-ing Young Children,QB,IND,IR,0,0,11,2023
Brandon Aubrey,Chase-ing Young Children,K,DAL,K,8.7,9,11,2023
Josh Allen,Chase-ing Young Children,QB,BUF,QB,18.9,22.5,11,2023
Jahmyr Gibbs,Chase-ing Young Children,RB,DET,RB,15.7,21.5,11,2023
Travis Etienne Jr.,Chase-ing Young Children,RB,JAX,RB,16,8.9,11,2023
Mark Andrews,Chase-ing Young Children,TE,BAL,TE,13.3,4.3,11,2023
Davante Adams,Chase-ing Young Children,WR,LV,WR,15.6,21.2,11,2023
Ja'Marr Chase,Chase-ing Young Children,WR,CIN,WR,21.9,9.2,11,2023
Courtland Sutton,Cup of Joe,WR,DEN,Bench,12.4,16.6,11,2023
Gabe Davis,Cup of Joe,WR,BUF,Bench,9.9,0,11,2023
Jared Goff,Cup of Joe,QB,DET,Bench,16.6,13.74,11,2023
Justice Hill,Cup of Joe,RB,BAL,Bench,3.2,1.7,11,2023
K.J. Osborn,Cup of Joe,WR,MIN,Bench,9,1.7,11,2023
Taysom Hill,Cup of Joe,TE,NO,Bench,0,0,11,2023
Tee Higgins,Cup of Joe,WR,CIN,Bench,0,0,11,2023
Eagles,Cup of Joe,D/ST,PHI,D/ST,4.4,6,11,2023
Joe Mixon,Cup of Joe,RB,CIN,FLEX,13.4,21,11,2023
Tyler Bass,Cup of Joe,K,BUF,K,8.1,17,11,2023
Justin Herbert,Cup of Joe,QB,LAC,QB,18.7,25.7,11,2023
Austin Ekeler,Cup of Joe,RB,LAC,RB,21.4,7,11,2023
D'Andre Swift,Cup of Joe,RB,PHI,RB,15.1,19.7,11,2023
Evan Engram,Cup of Joe,TE,JAX,TE,11.5,6.9,11,2023
Amon-Ra St. Brown,Cup of Joe,WR,DET,WR,19.2,21.7,11,2023
Terry McLaurin,Cup of Joe,WR,WSH,WR,14,9.3,11,2023
Chris Olave,Jah is gay,WR,NO,Bench,0,0,11,2023
Gus Edwards,Jah is gay,RB,BAL,Bench,11.3,21,11,2023
Jets,Jah is gay,D/ST,NYJ,Bench,4.6,1,11,2023
Jonathan Taylor,Jah is gay,RB,IND,Bench,0,0,11,2023
Ravens,Jah is gay,D/ST,BAL,Bench,6.5,7,11,2023
Ty Chandler,Jah is gay,RB,MIN,Bench,7.3,15,11,2023
Tyler Allgeier,Jah is gay,RB,ATL,Bench,0,0,11,2023
Commanders,Jah is gay,D/ST,WSH,D/ST,8.3,11,11,2023
Brandon Aiyuk,Jah is gay,WR,SF,FLEX,15.3,26.6,11,2023
Harrison Butker,Jah is gay,K,KC,K,8.4,6,11,2023
Lamar Jackson,Jah is gay,QB,BAL,QB,21.7,23.96,11,2023
AJ Dillon,Jah is gay,RB,GB,RB,7.5,10.1,11,2023
Alexander Mattison,Jah is gay,RB,MIN,RB,11,7,11,2023
T.J. Hockenson,Jah is gay,TE,MIN,TE,14.6,9.5,11,2023
Amari Cooper,Jah is gay,WR,CLE,WR,12.2,7.4,11,2023
DK Metcalf,Jah is gay,WR,SEA,WR,14.5,20.4,11,2023
Calvin Ridley,Mr. FigureItOut,WR,JAX,Bench,12.1,31.1,11,2023
Jerry Jeudy,Mr. FigureItOut,WR,DEN,Bench,10.2,10.8,11,2023
Josh Downs,Mr. FigureItOut,WR,IND,Bench,0,0,11,2023
Justin Fields,Mr. FigureItOut,QB,CHI,Bench,17.9,21.16,11,2023
Rashid Shaheed,Mr. FigureItOut,WR,NO,Bench,0,0,11,2023
Rhamondre Stevenson,Mr. FigureItOut,RB,NE,Bench,0,0,11,2023
Tyjae Spears,Mr. FigureItOut,RB,TEN,Bench,9.2,4.6,11,2023
Browns,Mr. FigureItOut,D/ST,CLE,D/ST,6.6,8,11,2023
Rashee Rice,Mr. FigureItOut,WR,KC,FLEX,9.5,8.2,11,2023
Dustin Hopkins,Mr. FigureItOut,K,CLE,K,7.1,7,11,2023
Russell Wilson,Mr. FigureItOut,QB,DEN,QB,15.1,14.46,11,2023
Chuba Hubbard,Mr. FigureItOut,RB,CAR,RB,10,8.5,11,2023
David Montgomery,Mr. FigureItOut,RB,DET,RB,13.4,17.8,11,2023
Sam LaPorta,Mr. FigureItOut,TE,DET,TE,11.6,6.8,11,2023
Chris Godwin,Mr. FigureItOut,WR,TB,WR,13.2,9.9,11,2023
Cooper Kupp,Mr. FigureItOut,WR,LAR,WR,16.5,2.1,11,2023
Curtis Samuel,My digg hurts,WR,WSH,Bench,10.3,1.5,11,2023
DeMario Douglas,My digg hurts,WR,NE,Bench,0,0,11,2023
Javonte Williams,My digg hurts,RB,DEN,Bench,13.6,7.3,11,2023
Kyler Murray,My digg hurts,QB,ARI,Bench,17.8,21.66,11,2023
Najee Harris,My digg hurts,RB,PIT,Bench,12.5,4.6,11,2023
Tank Dell,My digg hurts,WR,HOU,Bench,14.4,28.9,11,2023
Trey McBride,My digg hurts,TE,ARI,Bench,11.6,9.3,11,2023
Cowboys,My digg hurts,D/ST,DAL,D/ST,7.5,23,11,2023
Devin Singletary,My digg hurts,RB,HOU,FLEX,13.7,19.8,11,2023
Cameron Dicker,My digg hurts,K,LAC,K,8.5,8,11,2023
Jalen Hurts,My digg hurts,QB,PHI,QB,21.5,18.9,11,2023
Derrick Henry,My digg hurts,RB,TEN,RB,14,5.4,11,2023
Josh Jacobs,My digg hurts,RB,LV,RB,16.1,6.1,11,2023
Dalton Kincaid,My digg hurts,TE,BUF,TE,11.5,10.6,11,2023
Stefon Diggs,My digg hurts,WR,BUF,WR,16.7,6.7,11,2023
Tyreek Hill,My digg hurts,WR,MIA,WR,21.5,30.6,11,2023
Darrell Henderson Jr.,PEDeAndre Hopkins,RB,LAR,Bench,12.5,12.9,11,2023
Jahan Dotson,PEDeAndre Hopkins,WR,WSH,Bench,9,11.3,11,2023
Jaxon Smith-Njigba,PEDeAndre Hopkins,WR,SEA,Bench,9.8,7,11,2023
Joshua Dobbs,PEDeAndre Hopkins,QB,MIN,Bench,17.4,16.94,11,2023
Nate Adkins,PEDeAndre Hopkins,TE,DEN,Bench,1,0,11,2023
Nico Collins,PEDeAndre Hopkins,WR,HOU,Bench,14,13.5,11,2023
Romeo Doubs,PEDeAndre Hopkins,WR,GB,Bench,8.2,16.3,11,2023
Bills,PEDeAndre Hopkins,D/ST,BUF,D/ST,8.1,21,11,2023
Raheem Mostert,PEDeAndre Hopkins,RB,MIA,FLEX,11.4,10.3,11,2023
Khalil Herbert,PEDeAndre Hopkins,RB,CHI,IR,11.6,6.1,11,2023
Jake Elliott,PEDeAndre Hopkins,K,PHI,K,8.5,3,11,2023
Patrick Mahomes,PEDeAndre Hopkins,QB,KC,QB,20.9,16.88,11,2023
Breece Hall,PEDeAndre Hopkins,RB,NYJ,RB,14,18.3,11,2023
Rachaad White,PEDeAndre Hopkins,RB,TB,RB,14.8,17.8,11,2023
Travis Kelce,PEDeAndre Hopkins,TE,KC,TE,17.7,15.4,11,2023
DeVonta Smith,PEDeAndre Hopkins,WR,PHI,WR,13.4,15.9,11,2023
Jaylen Waddle,PEDeAndre Hopkins,WR,MIA,WR,14.9,9.5,11,2023
Baker Mayfield,Pocket Aces,QB,TB,Bench,16.6,10.34,11,2023
Bijan Robinson,Pocket Aces,RB,ATL,Bench,0,0,11,2023
Christian Watson,Pocket Aces,WR,GB,Bench,10.8,10.2,11,2023
Dameon Pierce,Pocket Aces,RB,HOU,Bench,0,0,11,2023
Kyle Pitts,Pocket Aces,TE,ATL,Bench,0,0,11,2023
Michael Pittman Jr.,Pocket Aces,WR,IND,Bench,0,0,11,2023
Michael Thomas,Pocket Aces,WR,CIN,Bench,0,0,11,2023
Vikings,Pocket Aces,D/ST,MIN,D/ST,7.1,4,11,2023
Dalton Schultz,Pocket Aces,TE,HOU,FLEX,12,11.2,11,2023
Damien Harris,Pocket Aces,RB,BUF,IR,0,0,11,2023
Justin Tucker,Pocket Aces,K,BAL,K,8.6,11,11,2023
Dak Prescott,Pocket Aces,QB,DAL,QB,21.2,16.16,11,2023
Antonio Gibson,Pocket Aces,RB,WSH,RB,0,0,11,2023
Latavius Murray,Pocket Aces,RB,BUF,RB,8,3.5,11,2023
Cole Kmet,Pocket Aces,TE,CHI,TE,10.8,5,11,2023
CeeDee Lamb,Pocket Aces,WR,DAL,WR,22.2,16.5,11,2023
Deebo Samuel,Pocket Aces,WR,SF,WR,15.2,9.2,11,2023
Jakobi Meyers,Riley Reid Option,WR,LV,Bench,9.5,8.9,11,2023
James Cook,Riley Reid Option,RB,BUF,Bench,11.9,19.2,11,2023
Joe Burrow,Riley Reid Option,QB,CIN,Bench,17.5,8.74,11,2023
Puka Nacua,Riley Reid Option,WR,LAR,Bench,13.9,18.7,11,2023
Tutu Atwell,Riley Reid Option,WR,LAR,Bench,7.9,2.7,11,2023
Tyler Lockett,Riley Reid Option,WR,SEA,Bench,13.8,10.1,11,2023
Zay Flowers,Riley Reid Option,WR,BAL,Bench,12.2,8,11,2023
Jaguars,Riley Reid Option,D/ST,JAX,D/ST,6.5,9,11,2023
Brian Robinson Jr.,Riley Reid Option,RB,WSH,FLEX,14.2,20.2,11,2023
De'Von Achane,Riley Reid Option,RB,MIA,IR,12.7,1.5,11,2023
Daniel Carlson,Riley Reid Option,K,LV,K,6.8,8,11,2023
Tua Tagovailoa,Riley Reid Option,QB,MIA,QB,17.7,17.6,11,2023
Aaron Jones,Riley Reid Option,RB,GB,RB,15.1,2.7,11,2023
Tony Pollard,Riley Reid Option,RB,DAL,RB,15,18,11,2023
Jake Ferguson,Riley Reid Option,TE,DAL,TE,10.7,6.2,11,2023
Adam Thielen,Riley Reid Option,WR,CAR,WR,15.3,15.4,11,2023
Mike Evans,Riley Reid Option,WR,TB,WR,15,15.3,11,2023
Dallas Goedert,S(kittle),TE,PHI,Bench,0,0,11,2023
George Pickens,S(kittle),WR,PIT,Bench,8.9,7.7,11,2023
James Conner,S(kittle),RB,ARI,Bench,13.4,8.3,11,2023
Kareem Hunt,S(kittle),RB,CLE,Bench,9.3,6.7,11,2023
Marquise Brown,S(kittle),WR,ARI,Bench,13.7,3.2,11,2023
Matt Gay,S(kittle),K,IND,Bench,0,0,11,2023
Sam Howell,S(kittle),QB,WSH,Bench,18.1,17.74,11,2023
Giants,S(kittle),D/ST,NYG,D/ST,6.5,19,11,2023
Jordan Addison,S(kittle),WR,MIN,FLEX,13.3,7.4,11,2023
Riley Patterson,S(kittle),K,DET,K,8.3,3,11,2023
Brock Purdy,S(kittle),QB,SF,QB,18.4,26.72,11,2023
Christian McCaffrey,S(kittle),RB,SF,RB,23.1,21.3,11,2023
Isiah Pacheco,S(kittle),RB,KC,RB,12.7,10.1,11,2023
George Kittle,S(kittle),TE,SF,TE,11.8,22.9,11,2023
A.J. Brown,S(kittle),WR,PHI,WR,19.1,1.8,11,2023
Christian Kirk,S(kittle),WR,JAX,WR,13.8,7.8,11,2023
Alvin Kamara,Team Chieffo,RB,NO,Bench,0,0,11,2023
Darren Waller,Team Chieffo,TE,NYG,Bench,0,0,11,2023
Drake London,Team Chieffo,WR,ATL,Bench,0,0,11,2023
Justin Jefferson,Team Chieffo,WR,MIN,Bench,0,0,11,2023
Kyren Williams,Team Chieffo,RB,LAR,Bench,0,0,11,2023
Titans,Team Chieffo,D/ST,TEN,Bench,5.6,-1,11,2023
Tyler Boyd,Team Chieffo,WR,CIN,Bench,12.2,5.2,11,2023
49ers,Team Chieffo,D/ST,SF,D/ST,5.7,11,11,2023
DJ Moore,Team Chieffo,WR,CHI,FLEX,14.3,22.6,11,2023
Evan McPherson,Team Chieffo,K,CIN,K,8.1,9,11,2023
C.J. Stroud,Team Chieffo,QB,HOU,QB,20.2,15.34,11,2023
Jerome Ford,Team Chieffo,RB,CLE,RB,12.5,11.9,11,2023
Kenneth Walker III,Team Chieffo,RB,SEA,RB,13.8,2.6,11,2023
David Njoku,Team Chieffo,TE,CLE,TE,10.7,12.6,11,2023
DeAndre Hopkins,Team Chieffo,WR,TEN,WR,13.5,15.9,11,2023
Keenan Allen,Team Chieffo,WR,LAC,WR,18.5,27.6,11,2023
Diontae Johnson,Chase-ing Young Children,WR,PIT,Bench,11.6,9,12,2023
Javonte Williams,Chase-ing Young Children,RB,DEN,Bench,13.8,10.1,12,2023
Jaylen Warren,Chase-ing Young Children,RB,PIT,Bench,12.8,7.2,12,2023
Mark Andrews,Chase-ing Young Children,TE,BAL,Bench,0,0,12,2023
Noah Brown,Chase-ing Young Children,WR,HOU,Bench,0,0,12,2023
Steelers,Chase-ing Young Children,D/ST,PIT,Bench,7.2,11,12,2023
Trevor Lawrence,Chase-ing Young Children,QB,JAX,Bench,17.1,24.56,12,2023
Chiefs,Chase-ing Young Children,D/ST,KC,D/ST,7.7,1,12,2023
Garrett Wilson,Chase-ing Young Children,WR,NYJ,FLEX,15.2,17.4,12,2023
Anthony Richardson,Chase-ing Young Children,QB,IND,IR,0,0,12,2023
Brandon Aubrey,Chase-ing Young Children,K,DAL,K,8.8,9,12,2023
Josh Allen,Chase-ing Young Children,QB,BUF,QB,20.9,39.66,12,2023
Jahmyr Gibbs,Chase-ing Young Children,RB,DET,RB,16.2,11.3,12,2023
Travis Etienne Jr.,Chase-ing Young Children,RB,JAX,RB,15.3,12.6,12,2023
Trey McBride,Chase-ing Young Children,TE,ARI,TE,11.2,13,12,2023
Ja'Marr Chase,Chase-ing Young Children,WR,CIN,WR,16.6,12.1,12,2023
Stefon Diggs,Chase-ing Young Children,WR,BUF,WR,17.7,19.4,12,2023
Courtland Sutton,Cup of Joe,WR,DEN,Bench,11.5,9.1,12,2023
Gabe Davis,Cup of Joe,WR,BUF,Bench,9.9,22.5,12,2023
Jared Goff,Cup of Joe,QB,DET,Bench,15.5,18.18,12,2023
Justice Hill,Cup of Joe,RB,BAL,Bench,3.9,3.1,12,2023
K.J. Osborn,Cup of Joe,WR,MIN,Bench,7.7,6.4,12,2023
Taysom Hill,Cup of Joe,TE,NO,Bench,9.7,8.1,12,2023
Tee Higgins,Cup of Joe,WR,CIN,Bench,0,0,12,2023
Eagles,Cup of Joe,D/ST,PHI,D/ST,4.6,-2,12,2023
Joe Mixon,Cup of Joe,RB,CIN,FLEX,16.3,8,12,2023
Tyler Bass,Cup of Joe,K,BUF,K,8.3,10,12,2023
Justin Herbert,Cup of Joe,QB,LAC,QB,18.6,13.38,12,2023
Austin Ekeler,Cup of Joe,RB,LAC,RB,18.5,9.4,12,2023
D'Andre Swift,Cup of Joe,RB,PHI,RB,15.6,9.4,12,2023
Evan Engram,Cup of Joe,TE,JAX,TE,11.6,9.9,12,2023
Amon-Ra St. Brown,Cup of Joe,WR,DET,WR,18.7,18.5,12,2023
Terry McLaurin,Cup of Joe,WR,WSH,WR,14,9,12,2023
Alexander Mattison,Jah is gay,RB,MIN,Bench,11.2,8.3,12,2023
Amari Cooper,Jah is gay,WR,CLE,Bench,11.5,3.6,12,2023
Gus Edwards,Jah is gay,RB,BAL,Bench,11.2,4.7,12,2023
Jets,Jah is gay,D/ST,NYJ,Bench,4,12,12,2023
Ravens,Jah is gay,D/ST,BAL,Bench,4.8,16,12,2023
Ty Chandler,Jah is gay,RB,MIN,Bench,7.1,2.1,12,2023
Tyler Allgeier,Jah is gay,RB,ATL,Bench,8.3,6.4,12,2023
Patriots,Jah is gay,D/ST,NE,D/ST,8.4,13,12,2023
Brandon Aiyuk,Jah is gay,WR,SF,FLEX,16.3,13,12,2023
Harrison Butker,Jah is gay,K,KC,K,7.8,7,12,2023
Lamar Jackson,Jah is gay,QB,BAL,QB,22.3,14.98,12,2023
AJ Dillon,Jah is gay,RB,GB,RB,12,11.1,12,2023
Jonathan Taylor,Jah is gay,RB,IND,RB,18.8,21.1,12,2023
T.J. Hockenson,Jah is gay,TE,MIN,TE,13,16,12,2023
Chris Olave,Jah is gay,WR,NO,WR,14.9,18.4,12,2023
DK Metcalf,Jah is gay,WR,SEA,WR,15.8,6.2,12,2023
Calvin Ridley,Mr. FigureItOut,WR,JAX,Bench,13.5,21.9,12,2023
Chuba Hubbard,Mr. FigureItOut,RB,CAR,Bench,9.8,20.2,12,2023
Jerry Jeudy,Mr. FigureItOut,WR,DEN,Bench,10,3.1,12,2023
Rashee Rice,Mr. FigureItOut,WR,KC,Bench,9.1,24.7,12,2023
Rashid Shaheed,Mr. FigureItOut,WR,NO,Bench,11,2.9,12,2023
Russell Wilson,Mr. FigureItOut,QB,DEN,Bench,14.4,16.76,12,2023
Tyjae Spears,Mr. FigureItOut,RB,TEN,Bench,9.1,1.7,12,2023
Browns,Mr. FigureItOut,D/ST,CLE,D/ST,7.4,5,12,2023
Chris Godwin,Mr. FigureItOut,WR,TB,FLEX,12.1,7.5,12,2023
Dustin Hopkins,Mr. FigureItOut,K,CLE,K,7.1,6,12,2023
Justin Fields,Mr. FigureItOut,QB,CHI,QB,17.4,10.58,12,2023
David Montgomery,Mr. FigureItOut,RB,DET,RB,14.3,15.1,12,2023
Rhamondre Stevenson,Mr. FigureItOut,RB,NE,RB,14.4,21.7,12,2023
Sam LaPorta,Mr. FigureItOut,TE,DET,TE,10.9,17.7,12,2023
Cooper Kupp,Mr. FigureItOut,WR,LAR,WR,15.6,4.8,12,2023
Josh Downs,Mr. FigureItOut,WR,IND,WR,10.6,9.3,12,2023
Curtis Samuel,My digg hurts,WR,WSH,Bench,9.3,19,12,2023
DeMario Douglas,My digg hurts,WR,NE,Bench,11.1,10.9,12,2023
Devin Singletary,My digg hurts,RB,HOU,Bench,10.1,13.2,12,2023
Josh Jacobs,My digg hurts,RB,LV,Bench,15,22.5,12,2023
Kyler Murray,My digg hurts,QB,ARI,Bench,18,20.44,12,2023
Logan Thomas,My digg hurts,TE,WSH,Bench,9.4,3.5,12,2023
Najee Harris,My digg hurts,RB,PIT,Bench,12.3,15.9,12,2023
Cowboys,My digg hurts,D/ST,DAL,D/ST,8.7,14,12,2023
Tank Dell,My digg hurts,WR,HOU,FLEX,15.7,17.2,12,2023
Cameron Dicker,My digg hurts,K,LAC,K,8.3,4,12,2023
Jalen Hurts,My digg hurts,QB,PHI,QB,22.3,34.5,12,2023
Derrick Henry,My digg hurts,RB,TEN,RB,14.8,20.6,12,2023
Saquon Barkley,My digg hurts,RB,NYG,RB,16.4,6.2,12,2023
Dalton Kincaid,My digg hurts,TE,BUF,TE,13.6,8.8,12,2023
Davante Adams,My digg hurts,WR,LV,WR,15.4,12.3,12,2023
Tyreek Hill,My digg hurts,WR,MIA,WR,21.3,25.4,12,2023
DeVonta Smith,PEDeAndre Hopkins,WR,PHI,Bench,12.8,23.6,12,2023
Jahan Dotson,PEDeAndre Hopkins,WR,WSH,Bench,8.7,10.2,12,2023
Jaxon Smith-Njigba,PEDeAndre Hopkins,WR,SEA,Bench,9.4,6.1,12,2023
Joshua Dobbs,PEDeAndre Hopkins,QB,MIN,Bench,16.6,4.5,12,2023
Khalil Herbert,PEDeAndre Hopkins,RB,CHI,Bench,14,5.8,12,2023
Romeo Doubs,PEDeAndre Hopkins,WR,GB,Bench,9.8,6.7,12,2023
Zach Charbonnet,PEDeAndre Hopkins,RB,SEA,Bench,14,9.8,12,2023
Bills,PEDeAndre Hopkins,D/ST,BUF,D/ST,5.1,2,12,2023
Raheem Mostert,PEDeAndre Hopkins,RB,MIA,FLEX,14.8,21.4,12,2023
Jake Elliott,PEDeAndre Hopkins,K,PHI,K,8.7,9,12,2023
Patrick Mahomes,PEDeAndre Hopkins,QB,KC,QB,18.1,20.82,12,2023
Breece Hall,PEDeAndre Hopkins,RB,NYJ,RB,15.3,11.9,12,2023
Rachaad White,PEDeAndre Hopkins,RB,TB,RB,15,13,12,2023
Travis Kelce,PEDeAndre Hopkins,TE,KC,TE,15.8,15.1,12,2023
Jaylen Waddle,PEDeAndre Hopkins,WR,MIA,WR,14,19.4,12,2023
Nico Collins,PEDeAndre Hopkins,WR,HOU,WR,14.8,23.4,12,2023
Baker Mayfield,Pocket Aces,QB,TB,Bench,16.4,13.36,12,2023
Bijan Robinson,Pocket Aces,RB,ATL,Bench,14.6,27.3,12,2023
Christian Watson,Pocket Aces,WR,GB,Bench,11.4,20.4,12,2023
Dameon Pierce,Pocket Aces,RB,HOU,Bench,6.9,2.8,12,2023
Kyle Pitts,Pocket Aces,TE,ATL,Bench,9,4.2,12,2023
Michael Pittman Jr.,Pocket Aces,WR,IND,Bench,15.1,20.7,12,2023
Michael Thomas,Pocket Aces,WR,NO,Bench,0,0,12,2023
Vikings,Pocket Aces,D/ST,MIN,D/ST,7.9,10,12,2023
Dalton Schultz,Pocket Aces,TE,HOU,FLEX,10.8,1.2,12,2023
Damien Harris,Pocket Aces,RB,BUF,IR,0,0,12,2023
Justin Tucker,Pocket Aces,K,BAL,K,8.7,9,12,2023
Dak Prescott,Pocket Aces,QB,DAL,QB,22.8,32.24,12,2023
Antonio Gibson,Pocket Aces,RB,WSH,RB,6.4,6.7,12,2023
Latavius Murray,Pocket Aces,RB,BUF,RB,5.8,7.8,12,2023
Cole Kmet,Pocket Aces,TE,CHI,TE,9.9,11.3,12,2023
CeeDee Lamb,Pocket Aces,WR,DAL,WR,22.5,17.3,12,2023
Deebo Samuel,Pocket Aces,WR,SF,WR,13.9,22.4,12,2023
Aaron Jones,Riley Reid Option,RB,GB,Bench,0,0,12,2023
De'Von Achane,Riley Reid Option,RB,MIA,Bench,0,0,12,2023
Jakobi Meyers,Riley Reid Option,WR,LV,Bench,7.6,20.1,12,2023
James Cook,Riley Reid Option,RB,BUF,Bench,12.6,16,12,2023
Puka Nacua,Riley Reid Option,WR,LAR,Bench,14,6.7,12,2023
Tutu Atwell,Riley Reid Option,WR,LAR,Bench,5.6,10.6,12,2023
Zay Flowers,Riley Reid Option,WR,BAL,Bench,13.1,23.2,12,2023
Dolphins,Riley Reid Option,D/ST,MIA,D/ST,8.7,23,12,2023
Tyler Lockett,Riley Reid Option,WR,SEA,FLEX,14.3,6,12,2023
Daniel Carlson,Riley Reid Option,K,LV,K,6.3,4,12,2023
Tua Tagovailoa,Riley Reid Option,QB,MIA,QB,16.5,7.82,12,2023
Brian Robinson Jr.,Riley Reid Option,RB,WSH,RB,12.8,8.4,12,2023
Tony Pollard,Riley Reid Option,RB,DAL,RB,16,22.3,12,2023
Jake Ferguson,Riley Reid Option,TE,DAL,TE,11.2,4.5,12,2023
Adam Thielen,Riley Reid Option,WR,CAR,WR,15.7,1.2,12,2023
Mike Evans,Riley Reid Option,WR,TB,WR,15.3,25,12,2023
Dallas Goedert,S(kittle),TE,PHI,Bench,0,0,12,2023
George Pickens,S(kittle),WR,PIT,Bench,9.6,8.8,12,2023
Jordan Addison,S(kittle),WR,MIN,Bench,12.8,9.9,12,2023
Kareem Hunt,S(kittle),RB,CLE,Bench,9.5,2.2,12,2023
Marquise Brown,S(kittle),WR,ARI,Bench,11.8,14.8,12,2023
Matt Gay,S(kittle),K,IND,Bench,8.3,9,12,2023
Sam Howell,S(kittle),QB,WSH,Bench,16.7,17.3,12,2023
Giants,S(kittle),D/ST,NYG,D/ST,7.1,13,12,2023
James Conner,S(kittle),RB,ARI,FLEX,14.6,7.2,12,2023
Riley Patterson,S(kittle),K,DET,K,8.4,0,12,2023
Brock Purdy,S(kittle),QB,SF,QB,19.1,10.46,12,2023
Christian McCaffrey,S(kittle),RB,SF,RB,23.1,30.9,12,2023
Isiah Pacheco,S(kittle),RB,KC,RB,14.1,25.9,12,2023
George Kittle,S(kittle),TE,SF,TE,12.9,4.9,12,2023
A.J. Brown,S(kittle),WR,PHI,WR,19,14.7,12,2023
Christian Kirk,S(kittle),WR,JAX,WR,13.7,12.9,12,2023
Darren Waller,Team Chieffo,TE,NYG,Bench,0,0,12,2023
Drake London,Team Chieffo,WR,ATL,Bench,11.1,14.1,12,2023
Jerome Ford,Team Chieffo,RB,CLE,Bench,13.2,11.9,12,2023
Justin Jefferson,Team Chieffo,WR,MIN,Bench,0,0,12,2023
Kenneth Walker III,Team Chieffo,RB,SEA,Bench,0,0,12,2023
Titans,Team Chieffo,D/ST,TEN,Bench,7.2,11,12,2023
Tyler Boyd,Team Chieffo,WR,CIN,Bench,9.7,5.3,12,2023
49ers,Team Chieffo,D/ST,SF,D/ST,5.9,15,12,2023
DJ Moore,Team Chieffo,WR,CHI,FLEX,14.4,22.4,12,2023
Evan McPherson,Team Chieffo,K,CIN,K,7.5,5,12,2023
C.J. Stroud,Team Chieffo,QB,HOU,QB,18.5,30.86,12,2023
Alvin Kamara,Team Chieffo,RB,NO,RB,17.3,15.9,12,2023
Kyren Williams,Team Chieffo,RB,LAR,RB,14.5,38.4,12,2023
David Njoku,Team Chieffo,TE,CLE,TE,11.9,11.9,12,2023
DeAndre Hopkins,Team Chieffo,WR,TEN,WR,13.5,7.9,12,2023
Keenan Allen,Team Chieffo,WR,LAC,WR,20.4,22.6,12,2023
Diontae Johnson,Chase-ing Young Children,WR,PIT,Bench,11.9,13.3,13,2023
Javonte Williams,Chase-ing Young Children,RB,DEN,Bench,13.1,10,13,2023
Josh Allen,Chase-ing Young Children,QB,JAX,Bench,0,0,13,2023
Mark Andrews,Chase-ing Young Children,TE,BAL,Bench,0,0,13,2023
Noah Brown,Chase-ing Young Children,WR,HOU,Bench,8.8,0,13,2023
Steelers,Chase-ing Young Children,D/ST,PIT,Bench,5.6,4,13,2023
Stefon Diggs,Chase-ing Young Children,WR,BUF,Bench,0,0,13,2023
Chiefs,Chase-ing Young Children,D/ST,KC,D/ST,5.8,1,13,2023
Jaylen Warren,Chase-ing Young Children,RB,PIT,FLEX,13.9,6.5,13,2023
Anthony Richardson,Chase-ing Young Children,QB,IND,IR,0,0,13,2023
Brandon Aubrey,Chase-ing Young Children,K,DAL,K,8.8,15,13,2023
Trevor Lawrence,Chase-ing Young Children,QB,JAX,QB,17.7,25.12,13,2023
Jahmyr Gibbs,Chase-ing Young Children,RB,DET,RB,16.3,6.4,13,2023
Travis Etienne Jr.,Chase-ing Young Children,RB,JAX,RB,16.8,17.9,13,2023
Trey McBride,Chase-ing Young Children,TE,ARI,TE,11.2,22.9,13,2023
Garrett Wilson,Chase-ing Young Children,WR,NYJ,WR,15,8,13,2023
Ja'Marr Chase,Chase-ing Young Children,WR,CIN,WR,15.4,31.62,13,2023
Courtland Sutton,Cup of Joe,WR,DEN,Bench,13.4,15.7,13,2023
Gabe Davis,Cup of Joe,WR,BUF,Bench,0,0,13,2023
Jared Goff,Cup of Joe,QB,DET,Bench,15.4,16.32,13,2023
K.J. Osborn,Cup of Joe,WR,MIN,Bench,0,0,13,2023
Taysom Hill,Cup of Joe,TE,NO,Bench,9.6,15.4,13,2023
Tee Higgins,Cup of Joe,WR,CIN,Bench,10.9,6.6,13,2023
Tyler Bass,Cup of Joe,K,BUF,Bench,0,0,13,2023
Eagles,Cup of Joe,D/ST,PHI,D/ST,3.6,-6,13,2023
Joe Mixon,Cup of Joe,RB,CIN,FLEX,14.4,29.7,13,2023
Harrison Butker,Cup of Joe,K,KC,K,8.2,7,13,2023
Justin Herbert,Cup of Joe,QB,LAC,QB,18.6,7.98,13,2023
Austin Ekeler,Cup of Joe,RB,LAC,RB,17.9,4.7,13,2023
D'Andre Swift,Cup of Joe,RB,PHI,RB,14,4,13,2023
Evan Engram,Cup of Joe,TE,JAX,TE,11.8,23.2,13,2023
Amon-Ra St. Brown,Cup of Joe,WR,DET,WR,19,12.9,13,2023
Terry McLaurin,Cup of Joe,WR,WSH,WR,13.5,0,13,2023
AJ Dillon,Jah is gay,RB,GB,Bench,11.9,9.7,13,2023
Amari Cooper,Jah is gay,WR,CLE,Bench,11.4,6.4,13,2023
Brandon Aiyuk,Jah is gay,WR,SF,Bench,15.5,15.6,13,2023
Chris Olave,Jah is gay,WR,NO,Bench,16.5,16.9,13,2023
DK Metcalf,Jah is gay,WR,SEA,Bench,15.2,37.4,13,2023
Jonathan Taylor,Jah is gay,RB,IND,Bench,0,0,13,2023
Lamar Jackson,Jah is gay,QB,CAR,Bench,0,0,13,2023
Raiders,Jah is gay,D/ST,LV,D/ST,0,0,13,2023
Alexander Mattison,Jah is gay,RB,MIN,FLEX,0,0,13,2023
Graham Gano,Jah is gay,K,NYG,K,0,0,13,2023
Tommy DeVito,Jah is gay,QB,NYG,QB,0,0,13,2023
Gus Edwards,Jah is gay,RB,BAL,RB,0,0,13,2023
Matt Breida,Jah is gay,RB,NYG,RB,0,0,13,2023
T.J. Hockenson,Jah is gay,TE,MIN,TE,0,0,13,2023
Parris Campbell,Jah is gay,WR,NYG,WR,0,0,13,2023
Wan'Dale Robinson,Jah is gay,WR,NYG,WR,0,0,13,2023
Chris Godwin,Mr. FigureItOut,WR,TB,Bench,11.8,7.9,13,2023
Chuba Hubbard,Mr. FigureItOut,RB,CAR,Bench,11.3,22.4,13,2023
Cooper Kupp,Mr. FigureItOut,WR,LAR,Bench,13.1,15.9,13,2023
Jerry Jeudy,Mr. FigureItOut,WR,DEN,Bench,10.6,8.1,13,2023
Justin Fields,Mr. FigureItOut,QB,CHI,Bench,0,0,13,2023
Rashid Shaheed,Mr. FigureItOut,WR,NO,Bench,0,0,13,2023
Tyjae Spears,Mr. FigureItOut,RB,TEN,Bench,8.5,12.8,13,2023
Buccaneers,Mr. FigureItOut,D/ST,TB,D/ST,7,8,13,2023
Josh Downs,Mr. FigureItOut,WR,IND,FLEX,11.5,4.4,13,2023
Jason Sanders,Mr. FigureItOut,K,MIA,K,8.2,10,13,2023
Russell Wilson,Mr. FigureItOut,QB,DEN,QB,16.9,15.84,13,2023
David Montgomery,Mr. FigureItOut,RB,DET,RB,13.2,12.5,13,2023
Rhamondre Stevenson,Mr. FigureItOut,RB,NE,RB,16,2.9,13,2023
Sam LaPorta,Mr. FigureItOut,TE,DET,TE,11.9,29,13,2023
Calvin Ridley,Mr. FigureItOut,WR,JAX,WR,13.5,7.3,13,2023
Rashee Rice,Mr. FigureItOut,WR,KC,WR,11,14.4,13,2023
Curtis Samuel,My digg hurts,WR,WSH,Bench,11.1,10.5,13,2023
Dalton Kincaid,My digg hurts,TE,BUF,Bench,0,0,13,2023
Davante Adams,My digg hurts,WR,LV,Bench,0,0,13,2023
DeMario Douglas,My digg hurts,WR,NE,Bench,0,0,13,2023
Josh Jacobs,My digg hurts,RB,LV,Bench,0,0,13,2023
Kyler Murray,My digg hurts,QB,ARI,Bench,16.6,11.8,13,2023
Saquon Barkley,My digg hurts,RB,NYG,Bench,0,0,13,2023
Cowboys,My digg hurts,D/ST,DAL,D/ST,6.7,-3,13,2023
Devin Singletary,My digg hurts,RB,HOU,FLEX,11.1,5,13,2023
Cameron Dicker,My digg hurts,K,LAC,K,8.4,6,13,2023
Jalen Hurts,My digg hurts,QB,PHI,QB,21.2,23.92,13,2023
Derrick Henry,My digg hurts,RB,TEN,RB,15.1,25,13,2023
Najee Harris,My digg hurts,RB,PIT,RB,13.1,9.7,13,2023
Pat Freiermuth,My digg hurts,TE,PIT,TE,9.4,5.9,13,2023
Tank Dell,My digg hurts,WR,HOU,WR,16.2,0,13,2023
Tyreek Hill,My digg hurts,WR,MIA,WR,23.5,32.3,13,2023
Bills,PEDeAndre Hopkins,D/ST,BUF,Bench,0,0,13,2023
DeVonta Smith,PEDeAndre Hopkins,WR,PHI,Bench,13.3,24.6,13,2023
Jahan Dotson,PEDeAndre Hopkins,WR,WSH,Bench,8.5,4.3,13,2023
Jaxon Smith-Njigba,PEDeAndre Hopkins,WR,SEA,Bench,8.6,13.2,13,2023
Jayden Reed,PEDeAndre Hopkins,WR,GB,Bench,10.2,5.6,13,2023
Romeo Doubs,PEDeAndre Hopkins,WR,GB,Bench,9.6,11.2,13,2023
Zach Charbonnet,PEDeAndre Hopkins,RB,SEA,Bench,13.9,16.9,13,2023
Chargers,PEDeAndre Hopkins,D/ST,LAC,D/ST,5.7,14,13,2023
Raheem Mostert,PEDeAndre Hopkins,RB,MIA,FLEX,11.3,12.1,13,2023
Jake Elliott,PEDeAndre Hopkins,K,PHI,K,8.6,7,13,2023
Patrick Mahomes,PEDeAndre Hopkins,QB,KC,QB,19,13,13,2023
Breece Hall,PEDeAndre Hopkins,RB,NYJ,RB,16.3,10.5,13,2023
Rachaad White,PEDeAndre Hopkins,RB,TB,RB,15.6,19.6,13,2023
Travis Kelce,PEDeAndre Hopkins,TE,KC,TE,15.8,12.1,13,2023
Jaylen Waddle,PEDeAndre Hopkins,WR,MIA,WR,15.3,10.2,13,2023
Nico Collins,PEDeAndre Hopkins,WR,HOU,WR,15.1,34.1,13,2023
Baker Mayfield,Pocket Aces,QB,TB,Bench,16.3,9.88,13,2023
Christian Watson,Pocket Aces,WR,GB,Bench,11.2,27.6,13,2023
Dalton Schultz,Pocket Aces,TE,HOU,Bench,0,0,13,2023
Dameon Pierce,Pocket Aces,RB,HOU,Bench,8.8,10.1,13,2023
Justin Tucker,Pocket Aces,K,BAL,Bench,0,0,13,2023
Latavius Murray,Pocket Aces,RB,BUF,Bench,0,0,13,2023
Falcons,Pocket Aces,D/ST,ATL,D/ST,8.4,16,13,2023
Michael Pittman Jr.,Pocket Aces,WR,IND,FLEX,16.4,27.5,13,2023
Michael Thomas,Pocket Aces,WR,NO,IR,0,0,13,2023
Nick Folk,Pocket Aces,K,TEN,K,8.3,9,13,2023
Dak Prescott,Pocket Aces,QB,DAL,QB,22.4,28.26,13,2023
Antonio Gibson,Pocket Aces,RB,WSH,RB,7.4,11.2,13,2023
Bijan Robinson,Pocket Aces,RB,ATL,RB,15.2,10.9,13,2023
Kyle Pitts,Pocket Aces,TE,ATL,TE,7.5,9.1,13,2023
CeeDee Lamb,Pocket Aces,WR,DAL,WR,21.9,32.6,13,2023
Deebo Samuel,Pocket Aces,WR,SF,WR,15.7,35.8,13,2023
Aaron Jones,Riley Reid Option,RB,GB,Bench,0,0,13,2023
Brian Robinson Jr.,Riley Reid Option,RB,WSH,Bench,11.5,5.3,13,2023
Daniel Carlson,Riley Reid Option,K,LV,Bench,0,0,13,2023
Jakobi Meyers,Riley Reid Option,WR,LV,Bench,0,0,13,2023
James Cook,Riley Reid Option,RB,BUF,Bench,0,0,13,2023
Puka Nacua,Riley Reid Option,WR,LAR,Bench,12.7,23.9,13,2023
Zay Flowers,Riley Reid Option,WR,BAL,Bench,0,0,13,2023
Dolphins,Riley Reid Option,D/ST,MIA,D/ST,7.6,14,13,2023
Tyler Lockett,Riley Reid Option,WR,SEA,FLEX,13.9,9.7,13,2023
Jake Moody,Riley Reid Option,K,SF,K,8.4,6,13,2023
Tua Tagovailoa,Riley Reid Option,QB,MIA,QB,18.3,19.2,13,2023
De'Von Achane,Riley Reid Option,RB,MIA,RB,13.3,25.3,13,2023
Tony Pollard,Riley Reid Option,RB,DAL,RB,17.3,17.3,13,2023
Jake Ferguson,Riley Reid Option,TE,DAL,TE,10.4,19.7,13,2023
Adam Thielen,Riley Reid Option,WR,CAR,WR,14.5,5.5,13,2023
Mike Evans,Riley Reid Option,WR,TB,WR,15,29.2,13,2023
Brandin Cooks,S(kittle),WR,DAL,Bench,10.7,16.5,13,2023
Dallas Goedert,S(kittle),TE,PHI,Bench,0,0,13,2023
George Pickens,S(kittle),WR,PIT,Bench,9.6,12.6,13,2023
James Conner,S(kittle),RB,ARI,Bench,12.2,22.5,13,2023
Jordan Addison,S(kittle),WR,MIN,Bench,0,0,13,2023
Marquise Brown,S(kittle),WR,ARI,Bench,13.1,0,13,2023
Sam Howell,S(kittle),QB,WSH,Bench,16.5,19.18,13,2023
Browns,S(kittle),D/ST,CLE,D/ST,5.3,-2,13,2023
Isiah Pacheco,S(kittle),RB,KC,FLEX,16.3,21.3,13,2023
Matt Gay,S(kittle),K,IND,K,8.3,14,13,2023
Brock Purdy,S(kittle),QB,SF,QB,18.8,29.46,13,2023
Christian McCaffrey,S(kittle),RB,SF,RB,23,22.3,13,2023
Zack Moss,S(kittle),RB,IND,RB,16.4,7.7,13,2023
George Kittle,S(kittle),TE,SF,TE,13.2,10.8,13,2023
A.J. Brown,S(kittle),WR,PHI,WR,18.3,19.4,13,2023
Christian Kirk,S(kittle),WR,JAX,WR,12.8,3.6,13,2023
DJ Moore,Team Chieffo,WR,CHI,Bench,0,0,13,2023
Darren Waller,Team Chieffo,TE,NYG,Bench,0,0,13,2023
Drake London,Team Chieffo,WR,ATL,Bench,10.4,1.8,13,2023
Justin Jefferson,Team Chieffo,WR,MIN,Bench,0,0,13,2023
Kenneth Walker III,Team Chieffo,RB,SEA,Bench,0,0,13,2023
Titans,Team Chieffo,D/ST,TEN,Bench,5,7,13,2023
Tyler Boyd,Team Chieffo,WR,CIN,Bench,7,7.2,13,2023
49ers,Team Chieffo,D/ST,SF,D/ST,5.3,3,13,2023
Jerome Ford,Team Chieffo,RB,CLE,FLEX,12.5,14.2,13,2023
Evan McPherson,Team Chieffo,K,CIN,K,7.5,12,13,2023
C.J. Stroud,Team Chieffo,QB,HOU,QB,19.8,16.06,13,2023
Alvin Kamara,Team Chieffo,RB,NO,RB,17.3,28.9,13,2023
Kyren Williams,Team Chieffo,RB,LAR,RB,16.6,20.2,13,2023
David Njoku,Team Chieffo,TE,CLE,TE,12.9,3.7,13,2023
DeAndre Hopkins,Team Chieffo,WR,TEN,WR,13.2,18.9,13,2023
Keenan Allen,Team Chieffo,WR,LAC,WR,20.1,10.8,13,2023
Chiefs,Chase-ing Young Children,D/ST,KC,Bench,4.1,5,14,2023
Clyde Edwards-Helaire,Chase-ing Young Children,RB,KC,Bench,12.4,8.8,14,2023
Diontae Johnson,Chase-ing Young Children,WR,PIT,Bench,10.7,14.7,14,2023
Javonte Williams,Chase-ing Young Children,RB,DEN,Bench,13.1,18.1,14,2023
Jaylen Warren,Chase-ing Young Children,RB,PIT,Bench,11.8,8,14,2023
Trevor Lawrence,Chase-ing Young Children,QB,JAX,Bench,16.4,17.38,14,2023
Trey McBride,Chase-ing Young Children,TE,ARI,Bench,0,0,14,2023
Steelers,Chase-ing Young Children,D/ST,PIT,D/ST,7,4,14,2023
Garrett Wilson,Chase-ing Young Children,WR,NYJ,FLEX,13.4,20.1,14,2023
Anthony Richardson,Chase-ing Young Children,QB,IND,IR,0,0,14,2023
Brandon Aubrey,Chase-ing Young Children,K,DAL,K,8.8,23,14,2023
Josh Allen,Chase-ing Young Children,QB,BUF,QB,21.3,20.52,14,2023
Jahmyr Gibbs,Chase-ing Young Children,RB,DET,RB,14.2,17.2,14,2023
Travis Etienne Jr.,Chase-ing Young Children,RB,JAX,RB,15.3,17.2,14,2023
Isaiah Likely,Chase-ing Young Children,TE,BAL,TE,9,19.3,14,2023
Ja'Marr Chase,Chase-ing Young Children,WR,CIN,WR,17,5.9,14,2023
Stefon Diggs,Chase-ing Young Children,WR,BUF,WR,16.3,6.4,14,2023
Gabe Davis,Cup of Joe,WR,BUF,Bench,11.4,0,14,2023
Jared Goff,Cup of Joe,QB,DET,Bench,15,4.44,14,2023
K.J. Osborn,Cup of Joe,WR,MIN,Bench,3.3,5.5,14,2023
Taysom Hill,Cup of Joe,TE,NO,Bench,0,0,14,2023
Tee Higgins,Cup of Joe,WR,CIN,Bench,11.2,9.2,14,2023
Terry McLaurin,Cup of Joe,WR,WSH,Bench,0,0,14,2023
Tyler Bass,Cup of Joe,K,BUF,Bench,8.2,8,14,2023
Eagles,Cup of Joe,D/ST,PHI,D/ST,3.8,9,14,2023
Joe Mixon,Cup of Joe,RB,CIN,FLEX,15.2,21.5,14,2023
Harrison Butker,Cup of Joe,K,KC,K,8.5,5,14,2023
Justin Herbert,Cup of Joe,QB,LAC,QB,19.1,1.84,14,2023
Austin Ekeler,Cup of Joe,RB,LAC,RB,17.3,21,14,2023
D'Andre Swift,Cup of Joe,RB,PHI,RB,13.1,3.9,14,2023
Evan Engram,Cup of Joe,TE,JAX,TE,11.5,32.5,14,2023
Amon-Ra St. Brown,Cup of Joe,WR,DET,WR,18,5.1,14,2023
Courtland Sutton,Cup of Joe,WR,DEN,WR,13.1,15.2,14,2023
AJ Dillon,Jah is gay,RB,GB,Bench,7.9,9.8,14,2023
Amari Cooper,Jah is gay,WR,CLE,Bench,11.5,12.7,14,2023
Brandon Aiyuk,Jah is gay,WR,SF,Bench,14.8,16.6,14,2023
Chris Olave,Jah is gay,WR,NO,Bench,14.9,12.8,14,2023
DK Metcalf,Jah is gay,WR,SEA,Bench,15.9,13.2,14,2023
Jonathan Taylor,Jah is gay,RB,IND,Bench,0,0,14,2023
Lamar Jackson,Jah is gay,QB,BAL,Bench,20.8,31.64,14,2023
Raiders,Jah is gay,D/ST,LV,D/ST,6.3,11,14,2023
Alexander Mattison,Jah is gay,RB,MIN,FLEX,10.8,6.6,14,2023
Graham Gano,Jah is gay,K,NYG,K,0,0,14,2023
Tommy DeVito,Jah is gay,QB,NYG,QB,13.7,17.42,14,2023
Gus Edwards,Jah is gay,RB,BAL,RB,10,1.5,14,2023
Matt Breida,Jah is gay,RB,NYG,RB,3.4,1.6,14,2023
T.J. Hockenson,Jah is gay,TE,MIN,TE,11.4,10.3,14,2023
Parris Campbell,Jah is gay,WR,NYG,WR,0.5,0,14,2023
Wan'Dale Robinson,Jah is gay,WR,NYG,WR,7.9,17.5,14,2023
Chris Godwin,Mr. FigureItOut,WR,TB,Bench,12,10.3,14,2023
Ezekiel Elliott,Mr. FigureItOut,RB,NE,Bench,13.4,27,14,2023
Jerry Jeudy,Mr. FigureItOut,WR,DEN,Bench,9.4,3.6,14,2023
Josh Downs,Mr. FigureItOut,WR,IND,Bench,10.8,6.2,14,2023
Justin Fields,Mr. FigureItOut,QB,CHI,Bench,18.9,24.72,14,2023
Rashid Shaheed,Mr. FigureItOut,WR,NO,Bench,0,0,14,2023
Tyjae Spears,Mr. FigureItOut,RB,TEN,Bench,8.7,17.8,14,2023
Ravens,Mr. FigureItOut,D/ST,BAL,D/ST,6.1,4,14,2023
Cooper Kupp,Mr. FigureItOut,WR,LAR,FLEX,12.6,25.5,14,2023
Rhamondre Stevenson,Mr. FigureItOut,RB,NE,IR,0,0,14,2023
Dustin Hopkins,Mr. FigureItOut,K,CLE,K,7.3,9,14,2023
Russell Wilson,Mr. FigureItOut,QB,DEN,QB,16.6,15.46,14,2023
Chuba Hubbard,Mr. FigureItOut,RB,CAR,RB,12.9,11.6,14,2023
David Montgomery,Mr. FigureItOut,RB,DET,RB,12.7,11.5,14,2023
Sam LaPorta,Mr. FigureItOut,TE,DET,TE,12.4,4.7,14,2023
Calvin Ridley,Mr. FigureItOut,WR,JAX,WR,13.4,9.3,14,2023
Rashee Rice,Mr. FigureItOut,WR,KC,WR,13.2,18.2,14,2023
Curtis Samuel,My digg hurts,WR,WSH,Bench,0,0,14,2023
Devin Singletary,My digg hurts,RB,HOU,Bench,9,12.5,14,2023
Jerick McKinnon,My digg hurts,RB,KC,Bench,10.1,12.7,14,2023
Kyler Murray,My digg hurts,QB,ARI,Bench,0,0,14,2023
Najee Harris,My digg hurts,RB,PIT,Bench,12.2,7.8,14,2023
Packers,My digg hurts,D/ST,GB,Bench,8.2,3,14,2023
Pat Freiermuth,My digg hurts,TE,PIT,Bench,8.7,6.8,14,2023
Texans,My digg hurts,D/ST,HOU,D/ST,8.5,5,14,2023
Derrick Henry,My digg hurts,RB,TEN,FLEX,13.5,18.1,14,2023
Tank Dell,My digg hurts,WR,HOU,IR,0,0,14,2023
Cameron Dicker,My digg hurts,K,LAC,K,8.2,1,14,2023
Jalen Hurts,My digg hurts,QB,PHI,QB,21.9,8.88,14,2023
Josh Jacobs,My digg hurts,RB,LV,RB,15.6,7,14,2023
Saquon Barkley,My digg hurts,RB,NYG,RB,15.5,23.1,14,2023
Dalton Kincaid,My digg hurts,TE,BUF,TE,10.3,7.1,14,2023
Davante Adams,My digg hurts,WR,LV,WR,15.8,12.3,14,2023
Tyreek Hill,My digg hurts,WR,MIA,WR,23.6,10.1,14,2023
Bills,PEDeAndre Hopkins,D/ST,BUF,Bench,4,6,14,2023
DeVonta Smith,PEDeAndre Hopkins,WR,PHI,Bench,13.7,10.3,14,2023
Jahan Dotson,PEDeAndre Hopkins,WR,WSH,Bench,0,0,14,2023
Jaxon Smith-Njigba,PEDeAndre Hopkins,WR,SEA,Bench,9.5,6.5,14,2023
Jayden Reed,PEDeAndre Hopkins,WR,GB,Bench,12.2,20.5,14,2023
Romeo Doubs,PEDeAndre Hopkins,WR,GB,Bench,10.9,7.2,14,2023
Zach Charbonnet,PEDeAndre Hopkins,RB,SEA,Bench,6.1,5.8,14,2023
Saints,PEDeAndre Hopkins,D/ST,NO,D/ST,6.6,18,14,2023
Raheem Mostert,PEDeAndre Hopkins,RB,MIA,FLEX,10.5,23,14,2023
Jake Elliott,PEDeAndre Hopkins,K,PHI,K,8.5,10,14,2023
Patrick Mahomes,PEDeAndre Hopkins,QB,KC,QB,19.7,13.64,14,2023
Breece Hall,PEDeAndre Hopkins,RB,NYJ,RB,14.3,26.6,14,2023
Rachaad White,PEDeAndre Hopkins,RB,TB,RB,15,21.5,14,2023
Travis Kelce,PEDeAndre Hopkins,TE,KC,TE,14.9,14.3,14,2023
Jaylen Waddle,PEDeAndre Hopkins,WR,MIA,WR,15.7,13.9,14,2023
Nico Collins,PEDeAndre Hopkins,WR,HOU,WR,15.7,2.3,14,2023
Antonio Gibson,Pocket Aces,RB,WSH,Bench,0,0,14,2023
Baker Mayfield,Pocket Aces,QB,TB,Bench,14.6,20.06,14,2023
Christian Watson,Pocket Aces,WR,GB,Bench,0,0,14,2023
Dalton Schultz,Pocket Aces,TE,HOU,Bench,0,0,14,2023
Dameon Pierce,Pocket Aces,RB,HOU,Bench,8.1,1.7,14,2023
Latavius Murray,Pocket Aces,RB,BUF,Bench,7.4,4,14,2023
Nick Folk,Pocket Aces,K,TEN,Bench,7.7,8,14,2023
Falcons,Pocket Aces,D/ST,ATL,D/ST,6.2,3,14,2023
Michael Pittman Jr.,Pocket Aces,WR,IND,FLEX,18,19.5,14,2023
Michael Thomas,Pocket Aces,WR,NO,IR,0,0,14,2023
Justin Tucker,Pocket Aces,K,BAL,K,8.6,12,14,2023
Dak Prescott,Pocket Aces,QB,DAL,QB,23.9,17.94,14,2023
Bijan Robinson,Pocket Aces,RB,ATL,RB,16.8,19.8,14,2023
Keaton Mitchell,Pocket Aces,RB,BAL,RB,7.9,7.2,14,2023
Kyle Pitts,Pocket Aces,TE,ATL,TE,8.2,14.7,14,2023
CeeDee Lamb,Pocket Aces,WR,DAL,WR,24.1,19.1,14,2023
Deebo Samuel,Pocket Aces,WR,SF,WR,15.8,34,14,2023
Adam Thielen,Riley Reid Option,WR,CAR,Bench,13.1,12.4,14,2023
Brian Robinson Jr.,Riley Reid Option,RB,WSH,Bench,0,0,14,2023
Daniel Carlson,Riley Reid Option,K,LV,Bench,6.8,0,14,2023
Jakobi Meyers,Riley Reid Option,WR,LV,Bench,9.1,7.5,14,2023
James Cook,Riley Reid Option,RB,BUF,Bench,14.1,25.1,14,2023
Tyler Lockett,Riley Reid Option,WR,SEA,Bench,12,14.9,14,2023
Zay Flowers,Riley Reid Option,WR,BAL,Bench,13.3,20,14,2023
Dolphins,Riley Reid Option,D/ST,MIA,D/ST,6.5,9,14,2023
Aaron Jones,Riley Reid Option,RB,GB,FLEX,0,0,14,2023
Jake Moody,Riley Reid Option,K,SF,K,8.5,4,14,2023
Tua Tagovailoa,Riley Reid Option,QB,MIA,QB,17.9,9.1,14,2023
De'Von Achane,Riley Reid Option,RB,MIA,RB,16.5,12.1,14,2023
Tony Pollard,Riley Reid Option,RB,DAL,RB,17.1,16.6,14,2023
Jake Ferguson,Riley Reid Option,TE,DAL,TE,11.2,12.2,14,2023
Mike Evans,Riley Reid Option,WR,TB,WR,15.9,1.8,14,2023
Puka Nacua,Riley Reid Option,WR,LAR,WR,13.6,14,14,2023
Christian Kirk,S(kittle),WR,JAX,Bench,0,0,14,2023
Dallas Goedert,S(kittle),TE,PHI,Bench,10.7,7,14,2023
George Pickens,S(kittle),WR,PIT,Bench,8.9,6.9,14,2023
Isiah Pacheco,S(kittle),RB,KC,Bench,0,0,14,2023
James Conner,S(kittle),RB,ARI,Bench,0,0,14,2023
Marquise Brown,S(kittle),WR,ARI,Bench,0,0,14,2023
Sam Howell,S(kittle),QB,WSH,Bench,0,0,14,2023
Browns,S(kittle),D/ST,CLE,D/ST,5.3,14,14,2023
Brandin Cooks,S(kittle),WR,DAL,FLEX,10.6,5.7,14,2023
Matt Gay,S(kittle),K,IND,K,8.3,-1,14,2023
Brock Purdy,S(kittle),QB,SF,QB,19.4,21.42,14,2023
Christian McCaffrey,S(kittle),RB,SF,RB,24.6,16.3,14,2023
Zack Moss,S(kittle),RB,IND,RB,16.9,9.6,14,2023
George Kittle,S(kittle),TE,SF,TE,12.7,16.6,14,2023
A.J. Brown,S(kittle),WR,PHI,WR,19.8,16.4,14,2023
Jordan Addison,S(kittle),WR,MIN,WR,10.3,4.7,14,2023
Darren Waller,Team Chieffo,TE,NYG,Bench,0,0,14,2023
DeAndre Hopkins,Team Chieffo,WR,TEN,Bench,14.5,25.4,14,2023
Drake London,Team Chieffo,WR,ATL,Bench,10.5,29.2,14,2023
Jerome Ford,Team Chieffo,RB,CLE,Bench,11.4,13.2,14,2023
Kenneth Walker III,Team Chieffo,RB,SEA,Bench,11.5,9.4,14,2023
Titans,Team Chieffo,D/ST,TEN,Bench,3.1,8,14,2023
Tyler Boyd,Team Chieffo,WR,CIN,Bench,7.9,4.3,14,2023
49ers,Team Chieffo,D/ST,SF,D/ST,6.8,9,14,2023
DJ Moore,Team Chieffo,WR,CHI,FLEX,15.7,26.8,14,2023
Evan McPherson,Team Chieffo,K,CIN,K,8.1,10,14,2023
C.J. Stroud,Team Chieffo,QB,HOU,QB,17,3.64,14,2023
Alvin Kamara,Team Chieffo,RB,NO,RB,19.9,13.5,14,2023
Kyren Williams,Team Chieffo,RB,LAR,RB,18.4,14.3,14,2023
David Njoku,Team Chieffo,TE,CLE,TE,10.8,27.1,14,2023
Justin Jefferson,Team Chieffo,WR,MIN,WR,16.1,4.7,14,2023
Keenan Allen,Team Chieffo,WR,LAC,WR,20.1,12.8,14,2023
Gabe Davis,Cup of Joe,WR,BUF,Bench,9.5,0,15,2023
Jordan Love,Cup of Joe,QB,GB,Bench,17.9,17.46,15,2023
K.J. Osborn,Cup of Joe,WR,MIN,Bench,6.1,1.3,15,2023
Matthew Stafford,Cup of Joe,QB,LAR,Bench,17,18.52,15,2023
Tee Higgins,Cup of Joe,WR,CIN,Bench,10.1,22.1,15,2023
Terry McLaurin,Cup of Joe,WR,WSH,Bench,12,26.1,15,2023
Tyler Bass,Cup of Joe,K,BUF,Bench,8.1,7,15,2023
Eagles,Cup of Joe,D/ST,PHI,D/ST,5.3,4,15,2023
Joe Mixon,Cup of Joe,RB,CIN,FLEX,15.9,15.1,15,2023
Harrison Butker,Cup of Joe,K,KC,K,8.2,10,15,2023
Jared Goff,Cup of Joe,QB,DET,QB,15,31.12,15,2023
Austin Ekeler,Cup of Joe,RB,LAC,RB,15.3,7.8,15,2023
D'Andre Swift,Cup of Joe,RB,PHI,RB,13.6,9.5,15,2023
Evan Engram,Cup of Joe,TE,JAX,TE,13,6.8,15,2023
Amon-Ra St. Brown,Cup of Joe,WR,DET,WR,17.5,24.2,15,2023
Courtland Sutton,Cup of Joe,WR,DEN,WR,13.2,12.1,15,2023
Curtis Samuel,My digg hurts,WR,WSH,Bench,11.1,21.1,15,2023
Devin Singletary,My digg hurts,RB,HOU,Bench,9.7,21,15,2023
Jason Myers,My digg hurts,K,SEA,Bench,7.9,9,15,2023
Josh Jacobs,My digg hurts,RB,LV,Bench,0,0,15,2023
Pat Freiermuth,My digg hurts,TE,PIT,Bench,9.6,4.6,15,2023
Texans,My digg hurts,D/ST,HOU,Bench,5.4,14,15,2023
Tyreek Hill,My digg hurts,WR,MIA,Bench,0,0,15,2023
Rams,My digg hurts,D/ST,LAR,D/ST,7.6,7,15,2023
Najee Harris,My digg hurts,RB,PIT,FLEX,12,1.3,15,2023
Tank Dell,My digg hurts,WR,HOU,IR,0,0,15,2023
Lucas Havrisik,My digg hurts,K,LAR,K,8.3,7,15,2023
Jalen Hurts,My digg hurts,QB,PHI,QB,22.4,21.92,15,2023
Derrick Henry,My digg hurts,RB,TEN,RB,15.2,5,15,2023
Saquon Barkley,My digg hurts,RB,NYG,RB,18.2,5.7,15,2023
Dalton Kincaid,My digg hurts,TE,BUF,TE,11,0,15,2023
Davante Adams,My digg hurts,WR,LV,WR,16.4,24.1,15,2023
Noah Brown,My digg hurts,WR,HOU,WR,9.8,22.2,15,2023
Brandin Cooks,S(kittle),WR,DAL,Bench,9.6,3,15,2023
Dallas Goedert,S(kittle),TE,PHI,Bench,9.4,7.1,15,2023
George Pickens,S(kittle),WR,PIT,Bench,8.9,7.7,15,2023
Marquise Brown,S(kittle),WR,ARI,Bench,11.6,0,15,2023
Odell Beckham Jr.,S(kittle),WR,BAL,Bench,11,2.4,15,2023
Sam Howell,S(kittle),QB,WSH,Bench,16,8.28,15,2023
Tyler Lockett,S(kittle),WR,SEA,Bench,12.1,5.1,15,2023
Browns,S(kittle),D/ST,CLE,D/ST,7.4,14,15,2023
James Conner,S(kittle),RB,ARI,FLEX,13.2,17.9,15,2023
Isiah Pacheco,S(kittle),RB,KC,IR,0,0,15,2023
Matt Gay,S(kittle),K,IND,K,8,11,15,2023
Brock Purdy,S(kittle),QB,SF,QB,20.4,25.68,15,2023
Christian McCaffrey,S(kittle),RB,SF,RB,25.1,41.7,15,2023
Zack Moss,S(kittle),RB,IND,RB,15.5,12.3,15,2023
George Kittle,S(kittle),TE,SF,TE,13.3,7.4,15,2023
A.J. Brown,S(kittle),WR,PHI,WR,18.9,10.6,15,2023
Jordan Addison,S(kittle),WR,MIN,WR,11.4,29.1,15,2023
C.J. Stroud,Team Chieffo,QB,HOU,Bench,0,0,15,2023
Darren Waller,Team Chieffo,TE,NYG,Bench,10.6,8,15,2023
Drake London,Team Chieffo,WR,ATL,Bench,9.6,4.4,15,2023
Jerome Ford,Team Chieffo,RB,CLE,Bench,11.5,7.1,15,2023
Keenan Allen,Team Chieffo,WR,LAC,Bench,0,0,15,2023
Kenneth Walker III,Team Chieffo,RB,SEA,Bench,13.7,20.2,15,2023
Tyler Boyd,Team Chieffo,WR,CIN,Bench,6.1,7.3,15,2023
49ers,Team Chieffo,D/ST,SF,D/ST,6.3,9,15,2023
DJ Moore,Team Chieffo,WR,CHI,FLEX,15.6,9.2,15,2023
Evan McPherson,Team Chieffo,K,CIN,K,7.9,9,15,2023
Kyler Murray,Team Chieffo,QB,ARI,QB,16.8,13.34,15,2023
Alvin Kamara,Team Chieffo,RB,NO,RB,17.8,16,15,2023
Kyren Williams,Team Chieffo,RB,LAR,RB,22.8,24.5,15,2023
David Njoku,Team Chieffo,TE,CLE,TE,11.1,26.4,15,2023
DeAndre Hopkins,Team Chieffo,WR,TEN,WR,14.8,4.1,15,2023
Justin Jefferson,Team Chieffo,WR,MIN,WR,18.9,15.4,15,2023
Clyde Edwards-Helaire,Chase-ing Young Children,RB,KC,Bench,6.9,7.8,16,2023
Diontae Johnson,Chase-ing Young Children,WR,PIT,Bench,11.1,3.5,16,2023
Isaiah Likely,Chase-ing Young Children,TE,BAL,Bench,11.5,8.6,16,2023
Ja'Marr Chase,Chase-ing Young Children,WR,CIN,Bench,0,0,16,2023
Javonte Williams,Chase-ing Young Children,RB,DEN,Bench,11.5,10.9,16,2023
Steelers,Chase-ing Young Children,D/ST,PIT,Bench,5.6,11,16,2023
Trevor Lawrence,Chase-ing Young Children,QB,JAX,Bench,17.5,9.34,16,2023
Chiefs,Chase-ing Young Children,D/ST,KC,D/ST,7.3,7,16,2023
Jaylen Warren,Chase-ing Young Children,RB,PIT,FLEX,12.9,10.4,16,2023
Anthony Richardson,Chase-ing Young Children,QB,IND,IR,0,0,16,2023
Brandon Aubrey,Chase-ing Young Children,K,DAL,K,8.5,9,16,2023
Josh Allen,Chase-ing Young Children,QB,BUF,QB,21.2,24.98,16,2023
Jahmyr Gibbs,Chase-ing Young Children,RB,DET,RB,14,24,16,2023
Travis Etienne Jr.,Chase-ing Young Children,RB,JAX,RB,16,6.1,16,2023
Trey McBride,Chase-ing Young Children,TE,ARI,TE,13,9.1,16,2023
Garrett Wilson,Chase-ing Young Children,WR,NYJ,WR,15.4,15.8,16,2023
Stefon Diggs,Chase-ing Young Children,WR,BUF,WR,16.1,7.9,16,2023
Bills,PEDeAndre Hopkins,D/ST,BUF,Bench,7.7,7,16,2023
Jahan Dotson,PEDeAndre Hopkins,WR,WSH,Bench,6.6,5.1,16,2023
Jaxon Smith-Njigba,PEDeAndre Hopkins,WR,SEA,Bench,10.3,12.1,16,2023
Nico Collins,PEDeAndre Hopkins,WR,HOU,Bench,12.6,13.8,16,2023
Raheem Mostert,PEDeAndre Hopkins,RB,MIA,Bench,15.4,12,16,2023
Romeo Doubs,PEDeAndre Hopkins,WR,GB,Bench,10.3,17.9,16,2023
Zach Charbonnet,PEDeAndre Hopkins,RB,SEA,Bench,7.1,0.6,16,2023
Jets,PEDeAndre Hopkins,D/ST,NYJ,D/ST,8.7,10,16,2023
DeVonta Smith,PEDeAndre Hopkins,WR,PHI,FLEX,12.1,17.9,16,2023
Jake Elliott,PEDeAndre Hopkins,K,PHI,K,8.6,17,16,2023
Patrick Mahomes,PEDeAndre Hopkins,QB,KC,QB,18.2,16.7,16,2023
Breece Hall,PEDeAndre Hopkins,RB,NYJ,RB,16,43.1,16,2023
Rachaad White,PEDeAndre Hopkins,RB,TB,RB,17,19.7,16,2023
Travis Kelce,PEDeAndre Hopkins,TE,KC,TE,14.5,9.4,16,2023
Jayden Reed,PEDeAndre Hopkins,WR,GB,WR,0,0,16,2023
Jaylen Waddle,PEDeAndre Hopkins,WR,MIA,WR,15.5,6.2,16,2023
Brandin Cooks,S(kittle),WR,DAL,Bench,10.4,10.3,16,2023
Dallas Goedert,S(kittle),TE,PHI,Bench,9.2,14.1,16,2023
George Pickens,S(kittle),WR,PIT,Bench,9.8,35.5,16,2023
Odell Beckham Jr.,S(kittle),WR,BAL,Bench,10.6,3.3,16,2023
Sam Howell,S(kittle),QB,WSH,Bench,13.3,-1.76,16,2023
Tyler Lockett,S(kittle),WR,SEA,Bench,12.1,16.1,16,2023
Broncos,S(kittle),D/ST,DEN,D/ST,6.7,6,16,2023
James Conner,S(kittle),RB,ARI,FLEX,13.5,22.2,16,2023
Zack Moss,S(kittle),RB,IND,IR,0,0,16,2023
Matt Gay,S(kittle),K,IND,K,7.8,4,16,2023
Brock Purdy,S(kittle),QB,SF,QB,18.9,2.4,16,2023
Christian McCaffrey,S(kittle),RB,SF,RB,24,25.1,16,2023
Isiah Pacheco,S(kittle),RB,KC,RB,15.3,10.6,16,2023
George Kittle,S(kittle),TE,SF,TE,12.6,19.6,16,2023
A.J. Brown,S(kittle),WR,PHI,WR,17,14,16,2023
Jordan Addison,S(kittle),WR,MIN,WR,12.2,1.2,16,2023
C.J. Stroud,Team Chieffo,QB,HOU,Bench,0,0,16,2023
Darren Waller,Team Chieffo,TE,NYG,Bench,12.2,5.2,16,2023
DeAndre Hopkins,Team Chieffo,WR,TEN,Bench,14.8,4,16,2023
Drake London,Team Chieffo,WR,ATL,Bench,10.2,6.9,16,2023
Jerome Ford,Team Chieffo,RB,CLE,Bench,10.5,9.3,16,2023
Keenan Allen,Team Chieffo,WR,LAC,Bench,0,0,16,2023
Tyler Boyd,Team Chieffo,WR,CIN,Bench,10.3,10.9,16,2023
49ers,Team Chieffo,D/ST,SF,D/ST,4.8,3,16,2023
Kenneth Walker III,Team Chieffo,RB,SEA,FLEX,14.2,6.6,16,2023
Evan McPherson,Team Chieffo,K,CIN,K,8.3,3,16,2023
Kyler Murray,Team Chieffo,QB,ARI,QB,15.7,20.4,16,2023
Alvin Kamara,Team Chieffo,RB,NO,RB,17.6,8.5,16,2023
Kyren Williams,Team Chieffo,RB,LAR,RB,20.8,16.4,16,2023
David Njoku,Team Chieffo,TE,CLE,TE,13.2,16.4,16,2023
DJ Moore,Team Chieffo,WR,CHI,WR,16.3,4.8,16,2023
Justin Jefferson,Team Chieffo,WR,MIN,WR,19.2,26.1,16,2023
Chiefs,Chase-ing Young Children,D/ST,KC,Bench,5.9,9,17,2023
Clyde Edwards-Helaire,Chase-ing Young Children,RB,KC,Bench,0,0,17,2023
Diontae Johnson,Chase-ing Young Children,WR,PIT,Bench,11.2,11.6,17,2023
Javonte Williams,Chase-ing Young Children,RB,DEN,Bench,11.7,8.8,17,2023
Jaylen Warren,Chase-ing Young Children,RB,PIT,Bench,13.4,19.8,17,2023
Trevor Lawrence,Chase-ing Young Children,QB,JAX,Bench,0,0,17,2023
Zamir White,Chase-ing Young Children,RB,LV,Bench,14.7,15.6,17,2023
Browns,Chase-ing Young Children,D/ST,CLE,D/ST,8.2,14,17,2023
Ja'Marr Chase,Chase-ing Young Children,WR,CIN,FLEX,15.7,7.1,17,2023
Anthony Richardson,Chase-ing Young Children,QB,IND,IR,0,0,17,2023
Brandon Aubrey,Chase-ing Young Children,K,DAL,K,8.9,11,17,2023
Josh Allen,Chase-ing Young Children,QB,BUF,QB,19.6,21.16,17,2023
Jahmyr Gibbs,Chase-ing Young Children,RB,DET,RB,15.9,5.3,17,2023
Travis Etienne Jr.,Chase-ing Young Children,RB,JAX,RB,15.9,25.8,17,2023
Trey McBride,Chase-ing Young Children,TE,ARI,TE,13.3,10.8,17,2023
Garrett Wilson,Chase-ing Young Children,WR,NYJ,WR,15,9.9,17,2023
Stefon Diggs,Chase-ing Young Children,WR,BUF,WR,15.6,7.1,17,2023
Antonio Brown,PEDeAndre Hopkins,WR,FA,Bench,0,0,17,2023
Jahan Dotson,PEDeAndre Hopkins,WR,WSH,Bench,6.6,0,17,2023
Jaxon Smith-Njigba,PEDeAndre Hopkins,WR,SEA,Bench,10,8.2,17,2023
Jaylen Waddle,PEDeAndre Hopkins,WR,MIA,Bench,0,0,17,2023
Raheem Mostert,PEDeAndre Hopkins,RB,MIA,Bench,0,0,17,2023
Romeo Doubs,PEDeAndre Hopkins,WR,GB,Bench,9.3,5.8,17,2023
Zach Charbonnet,PEDeAndre Hopkins,RB,SEA,Bench,6.6,9.1,17,2023
Bills,PEDeAndre Hopkins,D/ST,BUF,D/ST,8,19,17,2023
DeVonta Smith,PEDeAndre Hopkins,WR,PHI,FLEX,12.7,6,17,2023
Jake Elliott,PEDeAndre Hopkins,K,PHI,K,8.9,8,17,2023
Patrick Mahomes,PEDeAndre Hopkins,QB,KC,QB,20.4,12,17,2023
Breece Hall,PEDeAndre Hopkins,RB,NYJ,RB,15.8,27.6,17,2023
Rachaad White,PEDeAndre Hopkins,RB,TB,RB,17.1,8.6,17,2023
Travis Kelce,PEDeAndre Hopkins,TE,KC,TE,14.5,4.6,17,2023
Jayden Reed,PEDeAndre Hopkins,WR,GB,WR,11.8,26.9,17,2023
Nico Collins,PEDeAndre Hopkins,WR,HOU,WR,16.5,15.7,17,2023
Brandin Cooks,S(kittle),WR,DAL,Bench,10.1,17,17,2023
Dallas Goedert,S(kittle),TE,PHI,Bench,10.1,15.7,17,2023
George Pickens,S(kittle),WR,PIT,Bench,11.4,20.1,17,2023
Jordan Addison,S(kittle),WR,MIN,Bench,10.7,5.8,17,2023
Odell Beckham Jr.,S(kittle),WR,BAL,Bench,9.7,4.3,17,2023
Ty Chandler,S(kittle),RB,MIN,Bench,13.3,9.4,17,2023
Colts,S(kittle),D/ST,IND,D/ST,6.8,1,17,2023
James Conner,S(kittle),RB,ARI,FLEX,14.8,26.3,17,2023
Zack Moss,S(kittle),RB,IND,IR,0,0,17,2023
Matt Gay,S(kittle),K,IND,K,7.6,12,17,2023
Brock Purdy,S(kittle),QB,SF,QB,20,17.6,17,2023
Christian McCaffrey,S(kittle),RB,SF,RB,25.4,13.1,17,2023
Isiah Pacheco,S(kittle),RB,KC,RB,16.2,29.5,17,2023
George Kittle,S(kittle),TE,SF,TE,13.4,5.9,17,2023
A.J. Brown,S(kittle),WR,PHI,WR,18.3,9.3,17,2023
Tyler Lockett,S(kittle),WR,SEA,WR,12.1,2,17,2023
Darren Waller,Team Chieffo,TE,NYG,Bench,10.3,10.1,17,2023
DeAndre Hopkins,Team Chieffo,WR,TEN,Bench,15.1,14.2,17,2023
Drake London,Team Chieffo,WR,ATL,Bench,9.7,9.6,17,2023
Jerome Ford,Team Chieffo,RB,CLE,Bench,11.6,26.1,17,2023
Keenan Allen,Team Chieffo,WR,LAC,Bench,0,0,17,2023
Kyler Murray,Team Chieffo,QB,ARI,Bench,17.9,23.68,17,2023
Tyler Boyd,Team Chieffo,WR,CIN,Bench,7,4.9,17,2023
49ers,Team Chieffo,D/ST,SF,D/ST,9.2,10,17,2023
Kenneth Walker III,Team Chieffo,RB,SEA,FLEX,14.8,16.5,17,2023
Evan McPherson,Team Chieffo,K,CIN,K,8.1,5,17,2023
C.J. Stroud,Team Chieffo,QB,HOU,QB,19,12.92,17,2023
Alvin Kamara,Team Chieffo,RB,NO,RB,18.4,6.9,17,2023
Kyren Williams,Team Chieffo,RB,LAR,RB,20.2,30.1,17,2023
David Njoku,Team Chieffo,TE,CLE,TE,13.4,17.4,17,2023
DJ Moore,Team Chieffo,WR,CHI,WR,14.2,30.9,17,2023
Justin Jefferson,Team Chieffo,WR,MIN,WR,16.8,10.9,17,2023
Chuba Hubbard,'fore i repeat it ima forget it,RB,CAR,Bench,11.6,1.4,1,2024
Dak Prescott,'fore i repeat it ima forget it,QB,DAL,Bench,16.6,11.46,1,2024
Jalen Tolbert,'fore i repeat it ima forget it,WR,DAL,Bench,6.7,2.2,1,2024
Jonathon Brooks,'fore i repeat it ima forget it,RB,CAR,Bench,0,0,1,2024
Khalil Shakir,'fore i repeat it ima forget it,WR,BUF,Bench,9.3,13.2,1,2024
Ladd McConkey,'fore i repeat it ima forget it,WR,LAC,Bench,10.8,14.9,1,2024
Ty Chandler,'fore i repeat it ima forget it,RB,MIN,Bench,8.8,7.2,1,2024
Seahawks,'fore i repeat it ima forget it,D/ST,SEA,D/ST,8,11,1,2024
Mike Evans,'fore i repeat it ima forget it,WR,TB,FLEX,15.2,23.1,1,2024
Hollywood Brown,'fore i repeat it ima forget it,WR,KC,IR,0,0,1,2024
Tyler Bass,'fore i repeat it ima forget it,K,BUF,K,8,10,1,2024
Baker Mayfield,'fore i repeat it ima forget it,QB,TB,QB,17.4,29.66,1,2024
Breece Hall,'fore i repeat it ima forget it,RB,NYJ,RB,17.9,18.3,1,2024
Josh Jacobs,'fore i repeat it ima forget it,RB,GB,RB,15.8,12.4,1,2024
Brock Bowers,'fore i repeat it ima forget it,TE,LV,TE,9.8,11.8,1,2024
Davante Adams,'fore i repeat it ima forget it,WR,LV,WR,16.4,10.9,1,2024
Deebo Samuel Sr.,'fore i repeat it ima forget it,WR,SF,WR,16.2,18.7,1,2024
Antonio Gibson,Amon a new Level,RB,NE,Bench,8.5,1.8,1,2024
Brock Purdy,Amon a new Level,QB,SF,Bench,16.6,10.34,1,2024
Cole Kmet,Amon a new Level,TE,CHI,Bench,7.2,1.4,1,2024
Darnell Mooney,Amon a new Level,WR,ATL,Bench,10.3,2.5,1,2024
J.K. Dobbins,Amon a new Level,RB,LAC,Bench,11.8,22.9,1,2024
Jaxon Smith-Njigba,Amon a new Level,WR,SEA,Bench,12.5,3.9,1,2024
Rashod Bateman,Amon a new Level,WR,BAL,Bench,7.4,7.3,1,2024
Saints,Amon a new Level,D/ST,NO,D/ST,7.2,16,1,2024
Terry McLaurin,Amon a new Level,WR,WSH,FLEX,13.2,3.7,1,2024
Harrison Butker,Amon a new Level,K,KC,K,8.4,9,1,2024
Jalen Hurts,Amon a new Level,QB,PHI,QB,21.2,16.42,1,2024
Derrick Henry,Amon a new Level,RB,BAL,RB,14.7,10.6,1,2024
Rachaad White,Amon a new Level,RB,TB,RB,17.1,16.6,1,2024
George Kittle,Amon a new Level,TE,SF,TE,11.3,8,1,2024
Amon-Ra St. Brown,Amon a new Level,WR,DET,WR,19.4,4.3,1,2024
Calvin Ridley,Amon a new Level,WR,TEN,WR,14.4,8,1,2024
Adonai Mitchell,Big Johnson,WR,IND,Bench,6.8,1.2,1,2024
Jared Goff,Big Johnson,QB,DET,Bench,16.9,11.38,1,2024
Jerome Ford,Big Johnson,RB,CLE,Bench,11.9,18.9,1,2024
Pat Freiermuth,Big Johnson,TE,PIT,Bench,8.8,6.7,1,2024
Rashid Shaheed,Big Johnson,WR,NO,Bench,9.4,16.3,1,2024
Tyler Lockett,Big Johnson,WR,SEA,Bench,11.2,13.7,1,2024
Zack Moss,Big Johnson,RB,CIN,Bench,10.8,14.1,1,2024
Dolphins,Big Johnson,D/ST,MIA,D/ST,6.9,8,1,2024
Diontae Johnson,Big Johnson,WR,CAR,FLEX,13.3,3.9,1,2024
Younghoe Koo,Big Johnson,K,ATL,K,7.8,4,1,2024
Lamar Jackson,Big Johnson,QB,BAL,QB,20.2,25.12,1,2024
Kyren Williams,Big Johnson,RB,LAR,RB,15.7,14.4,1,2024
Saquon Barkley,Big Johnson,RB,PHI,RB,17.3,33.2,1,2024
Kyle Pitts,Big Johnson,TE,ATL,TE,10.4,11.6,1,2024
George Pickens,Big Johnson,WR,PIT,WR,12.8,13.5,1,2024
Jaylen Waddle,Big Johnson,WR,MIA,WR,13.7,16.2,1,2024
Curtis Samuel,Dyls belly,WR,BUF,Bench,10.9,3.5,1,2024
Jerry Jeudy,Dyls belly,WR,CLE,Bench,11.3,11.5,1,2024
Raheem Mostert,Dyls belly,RB,MIA,Bench,11.2,3.9,1,2024
Romeo Doubs,Dyls belly,WR,GB,Bench,9,9,1,2024
Tony Pollard,Dyls belly,RB,TEN,Bench,11,18.4,1,2024
Trevor Lawrence,Dyls belly,QB,JAX,Bench,15.5,11.28,1,2024
Tyler Conklin,Dyls belly,TE,NYJ,Bench,8.7,1.6,1,2024
Falcons,Dyls belly,D/ST,ATL,D/ST,7.6,4,1,2024
Chris Godwin,Dyls belly,WR,TB,FLEX,13.9,22.3,1,2024
Cameron Dicker,Dyls belly,K,LAC,K,8.2,12,1,2024
Anthony Richardson,Dyls belly,QB,IND,QB,19.1,26.08,1,2024
David Montgomery,Dyls belly,RB,DET,RB,12.7,16.3,1,2024
Travis Etienne Jr.,Dyls belly,RB,JAX,RB,14.3,11.9,1,2024
Trey McBride,Dyls belly,TE,ARI,TE,12.5,8,1,2024
Brandon Aiyuk,Dyls belly,WR,SF,WR,13.5,4.8,1,2024
Justin Jefferson,Dyls belly,WR,MIN,WR,18.1,15.9,1,2024
Brian Thomas Jr.,Jah is gay,WR,JAX,Bench,11,14.7,1,2024
DeAndre Hopkins,Jah is gay,WR,TEN,Bench,11.9,1.8,1,2024
Kendre Miller,Jah is gay,RB,NO,Bench,0,0,1,2024
Kirk Cousins,Jah is gay,QB,ATL,Bench,15.5,6.2,1,2024
MarShawn Lloyd,Jah is gay,RB,GB,Bench,0,0,1,2024
Mike Williams,Jah is gay,WR,NYJ,Bench,7.7,0,1,2024
Tyjae Spears,Jah is gay,RB,TEN,Bench,10.7,7.2,1,2024
Steelers,Jah is gay,D/ST,PIT,D/ST,6.2,13,1,2024
Tank Dell,Jah is gay,WR,HOU,FLEX,13.4,8.9,1,2024
Jake Bates,Jah is gay,K,DET,K,8.4,8,1,2024
Kyler Murray,Jah is gay,QB,ARI,QB,17.9,14.18,1,2024
Bijan Robinson,Jah is gay,RB,ATL,RB,18.6,16.1,1,2024
De'Von Achane,Jah is gay,RB,MIA,RB,14,23,1,2024
Dalton Kincaid,Jah is gay,TE,BUF,TE,11.5,2.1,1,2024
Chris Olave,Jah is gay,WR,NO,WR,16.3,3.1,1,2024
Marvin Harrison Jr.,Jah is gay,WR,ARI,WR,15.4,1.4,1,2024
Blake Corum,Kode,RB,LAR,Bench,5.7,0,1,2024
Brian Robinson Jr.,Kode,RB,WSH,Bench,11.7,17.9,1,2024
Devin Singletary,Kode,RB,NYG,Bench,12,9.2,1,2024
Dontayvion Wicks,Kode,WR,GB,Bench,7.8,0,1,2024
Jaylen Warren,Kode,RB,PIT,Bench,10.2,4,1,2024
Rico Dowdle,Kode,RB,DAL,Bench,6.8,4.2,1,2024
Trey Benson,Kode,RB,ARI,Bench,6,2.8,1,2024
Lions,Kode,D/ST,DET,D/ST,4.5,3,1,2024
Malik Nabers,Kode,WR,NYG,FLEX,14,11.6,1,2024
Greg Zuerlein,Kode,K,NYJ,K,7.9,1,1,2024
Caleb Williams,Kode,QB,CHI,QB,17.3,7.22,1,2024
James Cook,Kode,RB,BUF,RB,17.3,13.3,1,2024
Jonathan Taylor,Kode,RB,IND,RB,16.8,10.8,1,2024
Evan Engram,Kode,TE,JAX,TE,12,1.5,1,2024
Michael Pittman Jr.,Kode,WR,IND,WR,15.5,7.1,1,2024
Puka Nacua,Kode,WR,LAR,WR,17.1,8.2,1,2024
Courtland Sutton,Mixon it (K)upp,WR,DEN,Bench,11.9,7.8,1,2024
Dalvin Cook,Mixon it (K)upp,RB,DAL,Bench,0,0,1,2024
Demarcus Robinson,Mixon it (K)upp,WR,LAR,Bench,9,8.2,1,2024
Gus Edwards,Mixon it (K)upp,RB,LAC,Bench,9.5,3.8,1,2024
Joshua Palmer,Mixon it (K)upp,WR,LAC,Bench,12.2,3.5,1,2024
Justin Herbert,Mixon it (K)upp,QB,LAC,Bench,17.1,10.36,1,2024
Keon Coleman,Mixon it (K)upp,WR,BUF,Bench,11.6,9.1,1,2024
Bengals,Mixon it (K)upp,D/ST,CIN,D/ST,7.9,4,1,2024
DJ Moore,Mixon it (K)upp,WR,CHI,FLEX,13.6,10,1,2024
T.J. Hockenson,Mixon it (K)upp,TE,MIN,IR,0,0,1,2024
Evan McPherson,Mixon it (K)upp,K,CIN,K,8.4,6,1,2024
Jayden Daniels,Mixon it (K)upp,QB,WSH,QB,17.8,28.16,1,2024
Jahmyr Gibbs,Mixon it (K)upp,RB,DET,RB,16.6,17.4,1,2024
Rhamondre Stevenson,Mixon it (K)upp,RB,NE,RB,13.1,21.6,1,2024
Dallas Goedert,Mixon it (K)upp,TE,PHI,TE,10,7.1,1,2024
DeVonta Smith,Mixon it (K)upp,WR,PHI,WR,14.5,15.4,1,2024
Garrett Wilson,Mixon it (K)upp,WR,NYJ,WR,16.5,12,1,2024
Bills,Njigbas Be Wildin,D/ST,BUF,Bench,5.4,7,1,2024
Bo Nix,Njigbas Be Wildin,QB,DEN,Bench,13.1,11.02,1,2024
Christian Watson,Njigbas Be Wildin,WR,GB,Bench,12.3,10.3,1,2024
Dalton Schultz,Njigbas Be Wildin,TE,HOU,Bench,9.2,4.6,1,2024
Ezekiel Elliott,Njigbas Be Wildin,RB,DAL,Bench,9.8,12.9,1,2024
Luke McCaffrey,Njigbas Be Wildin,WR,WSH,Bench,4,4.8,1,2024
Zach Charbonnet,Njigbas Be Wildin,RB,SEA,Bench,8.9,12.1,1,2024
Bears,Njigbas Be Wildin,D/ST,CHI,D/ST,7.4,26,1,2024
Amari Cooper,Njigbas Be Wildin,WR,CLE,FLEX,13.8,3.6,1,2024
Brandon Aubrey,Njigbas Be Wildin,K,DAL,K,7.9,21,1,2024
Patrick Mahomes,Njigbas Be Wildin,QB,KC,QB,19.5,15.14,1,2024
Joe Mixon,Njigbas Be Wildin,RB,HOU,RB,16.3,26.8,1,2024
Najee Harris,Njigbas Be Wildin,RB,PIT,RB,11.3,8.9,1,2024
Sam LaPorta,Njigbas Be Wildin,TE,DET,TE,14.1,8.5,1,2024
Cooper Kupp,Njigbas Be Wildin,WR,LAR,WR,14.8,32,1,2024
Tyreek Hill,Njigbas Be Wildin,WR,MIA,WR,19.7,26,1,2024
Aaron Rodgers,Reigning,QB,NYJ,Bench,16.2,8.58,1,2024
Daniel Bellinger,Reigning,TE,NYG,Bench,2.6,1.3,1,2024
Gabe Davis,Reigning,WR,JAX,Bench,9.8,9.2,1,2024
Ja'Lynn Polk,Reigning,WR,NE,Bench,9.6,1.6,1,2024
Jahan Dotson,Reigning,WR,PHI,Bench,3.5,0,1,2024
Javonte Williams,Reigning,RB,DEN,Bench,12.3,3.3,1,2024
Jordan Addison,Reigning,WR,MIN,Bench,11.7,6.5,1,2024
Cowboys,Reigning,D/ST,DAL,D/ST,6.9,19,1,2024
Jayden Reed,Reigning,WR,GB,FLEX,11.8,33.1,1,2024
Christian McCaffrey,Reigning,RB,SF,IR,0,0,1,2024
Jake Moody,Reigning,K,SF,K,7.9,26,1,2024
Josh Allen,Reigning,QB,BUF,QB,23.6,31.18,1,2024
Aaron Jones,Reigning,RB,MIN,RB,13.6,18.9,1,2024
Jordan Mason,Reigning,RB,SF,RB,3.1,22.2,1,2024
Mark Andrews,Reigning,TE,BAL,TE,13.1,3.4,1,2024
Keenan Allen,Reigning,WR,CHI,WR,12.9,6.9,1,2024
Nico Collins,Reigning,WR,HOU,WR,14.5,17.7,1,2024
Adam Thielen,Team Chieffo,WR,CAR,Bench,11.2,7.9,1,2024
D'Andre Swift,Team Chieffo,RB,CHI,Bench,12.6,5,1,2024
Jaleel McLaughlin,Team Chieffo,RB,DEN,Bench,8,5.8,1,2024
Jalin Hyatt,Team Chieffo,WR,NYG,Bench,7.4,0,1,2024
Jameson Williams,Team Chieffo,WR,DET,Bench,10.6,24.4,1,2024
Taysom Hill,Team Chieffo,TE,NO,Bench,7.2,4.6,1,2024
Tyler Allgeier,Team Chieffo,RB,ATL,Bench,7.5,2.1,1,2024
Browns,Team Chieffo,D/ST,CLE,D/ST,6.5,4,1,2024
Rashee Rice,Team Chieffo,WR,KC,FLEX,14,17.3,1,2024
Justin Tucker,Team Chieffo,K,BAL,K,8.2,7,1,2024
Jordan Love,Team Chieffo,QB,GB,QB,18.4,16.4,1,2024
Austin Ekeler,Team Chieffo,RB,WSH,RB,12.1,10.2,1,2024
Kenneth Walker III,Team Chieffo,RB,SEA,RB,16.1,18.9,1,2024
Travis Kelce,Team Chieffo,TE,KC,TE,14.1,6.4,1,2024
DK Metcalf,Team Chieffo,WR,SEA,WR,13.9,5.9,1,2024
Ja'Marr Chase,Team Chieffo,WR,CIN,WR,16.7,12.2,1,2024
Brandin Cooks,Under the InfluWentz,WR,DAL,Bench,9.2,14.5,1,2024
Christian Kirk,Under the InfluWentz,WR,JAX,Bench,12.8,4,1,2024
Deshaun Watson,Under the InfluWentz,QB,CLE,Bench,16.5,10.66,1,2024
Jakobi Meyers,Under the InfluWentz,WR,LV,Bench,11.1,9.4,1,2024
Kendrick Bourne,Under the InfluWentz,WR,NE,Bench,0,0,1,2024
Michael Wilson,Under the InfluWentz,WR,ARI,Bench,8.9,7.5,1,2024
Nick Chubb,Under the InfluWentz,RB,CLE,Bench,0,0,1,2024
49ers,Under the InfluWentz,D/ST,SF,D/ST,5.8,7,1,2024
Zay Flowers,Under the InfluWentz,WR,BAL,FLEX,14.8,11.1,1,2024
Jake Elliott,Under the InfluWentz,K,PHI,K,8.4,10,1,2024
C.J. Stroud,Under the InfluWentz,QB,HOU,QB,19.2,18.66,1,2024
Isiah Pacheco,Under the InfluWentz,RB,KC,RB,15.3,15.8,1,2024
Zamir White,Under the InfluWentz,RB,LV,RB,13.2,4.6,1,2024
Jake Ferguson,Under the InfluWentz,TE,DAL,TE,10.5,4.5,1,2024
A.J. Brown,Under the InfluWentz,WR,PHI,WR,17.2,22.9,1,2024
Drake London,Under the InfluWentz,WR,ATL,WR,14.4,3.5,1,2024
Chase Brown,willimantic crack addicts,RB,CIN,Bench,11.3,5.3,1,2024
Marvin Mims Jr.,willimantic crack addicts,WR,DEN,Bench,6.5,0,1,2024
Quentin Johnston,willimantic crack addicts,WR,LAC,Bench,8.3,6.8,1,2024
Rome Odunze,willimantic crack addicts,WR,CHI,Bench,9.7,2.1,1,2024
Tua Tagovailoa,willimantic crack addicts,QB,MIA,Bench,15.3,18.62,1,2024
Xavier Legette,willimantic crack addicts,WR,CAR,Bench,4.4,7.5,1,2024
Xavier Worthy,willimantic crack addicts,WR,KC,Bench,11.4,20.8,1,2024
Vikings,willimantic crack addicts,D/ST,MIN,D/ST,7.9,21,1,2024
Tee Higgins,willimantic crack addicts,WR,CIN,FLEX,0,0,1,2024
Ka'imi Fairbairn,willimantic crack addicts,K,HOU,K,8.3,17,1,2024
Joe Burrow,willimantic crack addicts,QB,CIN,QB,19.2,8.06,1,2024
Alvin Kamara,willimantic crack addicts,RB,NO,RB,17.7,22,1,2024
James Conner,willimantic crack addicts,RB,ARI,RB,13.3,19.3,1,2024
David Njoku,willimantic crack addicts,TE,CLE,TE,11,8.4,1,2024
CeeDee Lamb,willimantic crack addicts,WR,DAL,WR,20.3,13.6,1,2024
Stefon Diggs,willimantic crack addicts,WR,HOU,WR,14.3,21.9,1,2024
Braelon Allen,'fore i repeat it ima forget it,RB,NYJ,Bench,5.4,19.6,2,2024
Bucky Irving,'fore i repeat it ima forget it,RB,TB,Bench,6.2,2.2,2,2024
Chuba Hubbard,'fore i repeat it ima forget it,RB,CAR,Bench,12,11.6,2,2024
Greg Dortch,'fore i repeat it ima forget it,WR,ARI,Bench,9,3.1,2,2024
Khalil Shakir,'fore i repeat it ima forget it,WR,BUF,Bench,9.1,10.6,2,2024
Ladd McConkey,'fore i repeat it ima forget it,WR,LAC,Bench,12,4.6,2,2024
Ty Chandler,'fore i repeat it ima forget it,RB,MIN,Bench,6,8.2,2,2024
Jets,'fore i repeat it ima forget it,D/ST,NYJ,D/ST,7.1,11,2,2024
Davante Adams,'fore i repeat it ima forget it,WR,LV,FLEX,15.8,26,2,2024
Jonathon Brooks,'fore i repeat it ima forget it,RB,CAR,IR,0,0,2,2024
Joshua Karty,'fore i repeat it ima forget it,K,LAR,K,8.2,4,2,2024
Dak Prescott,'fore i repeat it ima forget it,QB,DAL,QB,17.2,12.92,2,2024
Breece Hall,'fore i repeat it ima forget it,RB,NYJ,RB,22.2,24.4,2,2024
Josh Jacobs,'fore i repeat it ima forget it,RB,GB,RB,14.8,13.1,2,2024
Brock Bowers,'fore i repeat it ima forget it,TE,LV,TE,10.2,18.8,2,2024
Deebo Samuel Sr.,'fore i repeat it ima forget it,WR,SF,WR,19.2,18,2,2024
Mike Evans,'fore i repeat it ima forget it,WR,TB,WR,15.3,7.2,2,2024
Antonio Gibson,Amon a new Level,RB,NE,Bench,7.1,11.3,2,2024
Brock Purdy,Amon a new Level,QB,SF,Bench,18,13.96,2,2024
Cole Kmet,Amon a new Level,TE,CHI,Bench,5,6.7,2,2024
Darnell Mooney,Amon a new Level,WR,ATL,Bench,10.8,17.8,2,2024
Jaxon Smith-Njigba,Amon a new Level,WR,SEA,Bench,11.1,23.7,2,2024
Rashod Bateman,Amon a new Level,WR,BAL,Bench,6.6,7,2,2024
Terry McLaurin,Amon a new Level,WR,WSH,Bench,11.9,8.2,2,2024
Saints,Amon a new Level,D/ST,NO,D/ST,5.2,6,2,2024
J.K. Dobbins,Amon a new Level,RB,LAC,FLEX,13.2,20.1,2,2024
Harrison Butker,Amon a new Level,K,KC,K,8.6,10,2,2024
Jalen Hurts,Amon a new Level,QB,PHI,QB,21.6,23.82,2,2024
Derrick Henry,Amon a new Level,RB,BAL,RB,16.4,16.6,2,2024
Rachaad White,Amon a new Level,RB,TB,RB,14.5,3.3,2,2024
George Kittle,Amon a new Level,TE,SF,TE,11.7,20.6,2,2024
Amon-Ra St. Brown,Amon a new Level,WR,DET,WR,18.3,22.9,2,2024
Calvin Ridley,Amon a new Level,WR,TEN,WR,13.9,24.7,2,2024
Diontae Johnson,Big Johnson,WR,CAR,Bench,11.6,4.5,2,2024
Jared Goff,Big Johnson,QB,DET,Bench,16.3,8.78,2,2024
Pat Freiermuth,Big Johnson,TE,PIT,Bench,7.8,7.9,2,2024
Rashid Shaheed,Big Johnson,WR,NO,Bench,11.7,20.9,2,2024
Tyler Lockett,Big Johnson,WR,SEA,Bench,10.7,3.5,2,2024
Zack Moss,Big Johnson,RB,CIN,Bench,11.9,5.7,2,2024
Jaguars,Big Johnson,D/ST,JAX,D/ST,8,5,2,2024
Jerome Ford,Big Johnson,RB,CLE,FLEX,13.9,7.4,2,2024
Younghoe Koo,Big Johnson,K,ATL,K,8,10,2,2024
Lamar Jackson,Big Johnson,QB,BAL,QB,20.9,16.38,2,2024
Kyren Williams,Big Johnson,RB,LAR,RB,20.2,15.2,2,2024
Saquon Barkley,Big Johnson,RB,PHI,RB,18.2,17.6,2,2024
Kyle Pitts,Big Johnson,TE,ATL,TE,11.7,5,2,2024
George Pickens,Big Johnson,WR,PIT,WR,12.5,4.9,2,2024
Jaylen Waddle,Big Johnson,WR,MIA,WR,14.7,8.5,2,2024
Curtis Samuel,Dyls belly,WR,BUF,Bench,4.3,1.3,2,2024
Jerry Jeudy,Dyls belly,WR,CLE,Bench,9.6,12.3,2,2024
Raheem Mostert,Dyls belly,RB,MIA,Bench,0,0,2,2024
Romeo Doubs,Dyls belly,WR,GB,Bench,9.3,9.2,2,2024
Tony Pollard,Dyls belly,RB,TEN,Bench,12.2,15.2,2,2024
Trevor Lawrence,Dyls belly,QB,JAX,Bench,14.7,13.3,2,2024
Tyler Conklin,Dyls belly,TE,NYJ,Bench,7.8,2,2,2024
Falcons,Dyls belly,D/ST,ATL,D/ST,4.4,2,2,2024
Chris Godwin,Dyls belly,WR,TB,FLEX,14.8,24.7,2,2024
Cameron Dicker,Dyls belly,K,LAC,K,8.2,10,2,2024
Anthony Richardson,Dyls belly,QB,IND,QB,18.6,9.86,2,2024
David Montgomery,Dyls belly,RB,DET,RB,12.8,17,2,2024
Travis Etienne Jr.,Dyls belly,RB,JAX,RB,14.8,14.8,2,2024
Trey McBride,Dyls belly,TE,ARI,TE,13,18.7,2,2024
Brandon Aiyuk,Dyls belly,WR,SF,WR,14.2,8.3,2,2024
Justin Jefferson,Dyls belly,WR,MIN,WR,18.5,23.3,2,2024
Brian Thomas Jr.,Jah is gay,WR,JAX,Bench,11.8,11.4,2,2024
DeAndre Hopkins,Jah is gay,WR,TEN,Bench,10.4,1.9,2,2024
Isaiah Likely,Jah is gay,TE,BAL,Bench,8.9,4.6,2,2024
Kirk Cousins,Jah is gay,QB,ATL,Bench,16.8,17.54,2,2024
MarShawn Lloyd,Jah is gay,RB,GB,Bench,1.2,2.8,2,2024
Mike Williams,Jah is gay,WR,NYJ,Bench,7.2,2.9,2,2024
Tyjae Spears,Jah is gay,RB,TEN,Bench,9.8,5.1,2,2024
Steelers,Jah is gay,D/ST,PIT,D/ST,8,12,2,2024
Tank Dell,Jah is gay,WR,HOU,FLEX,13.1,2.3,2,2024
Jake Bates,Jah is gay,K,DET,K,8.3,10,2,2024
Kyler Murray,Jah is gay,QB,ARI,QB,18.6,28.54,2,2024
Bijan Robinson,Jah is gay,RB,ATL,RB,22.2,16.2,2,2024
De'Von Achane,Jah is gay,RB,MIA,RB,17,29.5,2,2024
Dalton Kincaid,Jah is gay,TE,BUF,TE,10.5,7.3,2,2024
Chris Olave,Jah is gay,WR,NO,WR,14.2,12.8,2,2024
Marvin Harrison Jr.,Jah is gay,WR,ARI,WR,14.6,29,2,2024
Blake Corum,Kode,RB,LAR,Bench,1,2.8,2,2024
Devin Singletary,Kode,RB,NYG,Bench,13.2,14.5,2,2024
Dontayvion Wicks,Kode,WR,GB,Bench,5.4,11.6,2,2024
Jaylen Warren,Kode,RB,PIT,Bench,9.3,8.1,2,2024
Puka Nacua,Kode,WR,LAR,Bench,0,0,2,2024
Rico Dowdle,Kode,RB,DAL,Bench,9.5,9.9,2,2024
Trey Benson,Kode,RB,ARI,Bench,4.6,2.7,2,2024
Lions,Kode,D/ST,DET,D/ST,6.6,9,2,2024
Brian Robinson Jr.,Kode,RB,WSH,FLEX,14.4,14.6,2,2024
Greg Zuerlein,Kode,K,NYJ,K,8.2,6,2,2024
Caleb Williams,Kode,QB,CHI,QB,16.4,7.36,2,2024
James Cook,Kode,RB,BUF,RB,15.1,28.5,2,2024
Jonathan Taylor,Kode,RB,IND,RB,18.8,15.5,2,2024
Evan Engram,Kode,TE,JAX,TE,0,0,2,2024
Malik Nabers,Kode,WR,NYG,WR,13.5,28.7,2,2024
Michael Pittman Jr.,Kode,WR,IND,WR,14.7,5.1,2,2024
Amari Cooper,Mixon it (K)upp,WR,CLE,Bench,12.2,4.1,2,2024
Dalvin Cook,Mixon it (K)upp,RB,DAL,Bench,0,0,2,2024
Demarcus Robinson,Mixon it (K)upp,WR,LAR,Bench,10.4,7,2,2024
Jordan Addison,Mixon it (K)upp,WR,MIN,Bench,0,0,2,2024
Joshua Palmer,Mixon it (K)upp,WR,LAC,Bench,10.9,3.9,2,2024
Justin Herbert,Mixon it (K)upp,QB,LAC,Bench,16.8,11,2,2024
Keon Coleman,Mixon it (K)upp,WR,BUF,Bench,11.2,0,2,2024
Chargers,Mixon it (K)upp,D/ST,LAC,D/ST,6.9,11,2,2024
DJ Moore,Mixon it (K)upp,WR,CHI,FLEX,15.3,11.3,2,2024
T.J. Hockenson,Mixon it (K)upp,TE,MIN,IR,0,0,2,2024
Evan McPherson,Mixon it (K)upp,K,CIN,K,7.9,16,2,2024
Jayden Daniels,Mixon it (K)upp,QB,WSH,QB,19.8,13.44,2,2024
Jahmyr Gibbs,Mixon it (K)upp,RB,DET,RB,16.9,17.6,2,2024
Rhamondre Stevenson,Mixon it (K)upp,RB,NE,RB,14.8,17,2,2024
Dallas Goedert,Mixon it (K)upp,TE,PHI,TE,11.8,6.8,2,2024
DeVonta Smith,Mixon it (K)upp,WR,PHI,WR,16.8,20.6,2,2024
Garrett Wilson,Mixon it (K)upp,WR,NYJ,WR,16.5,10.2,2,2024
Bears,Njigbas Be Wildin,D/ST,CHI,Bench,4.1,5,2,2024
Christian Watson,Njigbas Be Wildin,WR,GB,Bench,11,0,2,2024
Dalton Schultz,Njigbas Be Wildin,TE,HOU,Bench,8.6,4.1,2,2024
Ezekiel Elliott,Njigbas Be Wildin,RB,DAL,Bench,10.5,5.2,2,2024
Luke McCaffrey,Njigbas Be Wildin,WR,WSH,Bench,6.2,0,2,2024
Matthew Stafford,Njigbas Be Wildin,QB,LAR,Bench,17.6,6.64,2,2024
Zach Charbonnet,Njigbas Be Wildin,RB,SEA,Bench,16,17.9,2,2024
Ravens,Njigbas Be Wildin,D/ST,BAL,D/ST,7.5,9,2,2024
Courtland Sutton,Njigbas Be Wildin,WR,DEN,FLEX,11.1,3.6,2,2024
Brandon Aubrey,Njigbas Be Wildin,K,DAL,K,8.2,17,2,2024
Patrick Mahomes,Njigbas Be Wildin,QB,KC,QB,21.2,12.94,2,2024
Joe Mixon,Njigbas Be Wildin,RB,HOU,RB,16.4,8,2,2024
Najee Harris,Njigbas Be Wildin,RB,PIT,RB,13,8.4,2,2024
Sam LaPorta,Njigbas Be Wildin,TE,DET,TE,13.7,3.3,2,2024
Cooper Kupp,Njigbas Be Wildin,WR,LAR,WR,19.2,7.7,2,2024
Tyreek Hill,Njigbas Be Wildin,WR,MIA,WR,21.6,6.6,2,2024
Aaron Rodgers,Reigning,QB,NYJ,Bench,16.6,15.14,2,2024
Allen Lazard,Reigning,WR,NYJ,Bench,9.5,3.1,2,2024
Gabe Davis,Reigning,WR,JAX,Bench,10.1,7.3,2,2024
Ja'Lynn Polk,Reigning,WR,NE,Bench,6.1,9.2,2,2024
Javonte Williams,Reigning,RB,DEN,Bench,11,11.5,2,2024
Juwan Johnson,Reigning,TE,NO,Bench,7.6,0,2,2024
Wan'Dale Robinson,Reigning,WR,NYG,Bench,10.2,9.8,2,2024
Cowboys,Reigning,D/ST,DAL,D/ST,6.9,-1,2,2024
Jayden Reed,Reigning,WR,GB,FLEX,11.5,6.6,2,2024
Christian McCaffrey,Reigning,RB,SF,IR,0,0,2,2024
Jake Moody,Reigning,K,SF,K,8.1,5,2,2024
Josh Allen,Reigning,QB,BUF,QB,21.1,9.76,2,2024
Aaron Jones,Reigning,RB,MIN,RB,12.5,9.8,2,2024
Jordan Mason,Reigning,RB,SF,RB,16.8,17.4,2,2024
Mark Andrews,Reigning,TE,BAL,TE,11.2,9.1,2,2024
Keenan Allen,Reigning,WR,CHI,WR,0,0,2,2024
Nico Collins,Reigning,WR,HOU,WR,14.9,27.5,2,2024
Adam Thielen,Team Chieffo,WR,CAR,Bench,10,4,2,2024
Jalin Hyatt,Team Chieffo,WR,NYG,Bench,1.5,0,2,2024
Jameson Williams,Team Chieffo,WR,DET,Bench,12.1,14.4,2,2024
Jordan Love,Team Chieffo,QB,GB,Bench,0,0,2,2024
Kenneth Walker III,Team Chieffo,RB,SEA,Bench,0,0,2,2024
Taysom Hill,Team Chieffo,TE,NO,Bench,6.1,2.9,2,2024
Tyler Allgeier,Team Chieffo,RB,ATL,Bench,6.2,7.5,2,2024
Browns,Team Chieffo,D/ST,CLE,D/ST,6.6,9,2,2024
Rashee Rice,Team Chieffo,WR,KC,FLEX,17,18.5,2,2024
Justin Tucker,Team Chieffo,K,BAL,K,8.5,12,2,2024
Geno Smith,Team Chieffo,QB,SEA,QB,16.4,17.88,2,2024
Austin Ekeler,Team Chieffo,RB,WSH,RB,10.8,11.5,2,2024
D'Andre Swift,Team Chieffo,RB,CHI,RB,11.9,8.2,2,2024
Travis Kelce,Team Chieffo,TE,KC,TE,13.5,1.6,2,2024
DK Metcalf,Team Chieffo,WR,SEA,WR,14,28.9,2,2024
Ja'Marr Chase,Team Chieffo,WR,CIN,WR,18.9,7.5,2,2024
A.J. Brown,Under the InfluWentz,WR,PHI,Bench,0,0,2,2024
Brandin Cooks,Under the InfluWentz,WR,DAL,Bench,9.9,3.6,2,2024
Jake Ferguson,Under the InfluWentz,TE,DAL,Bench,0,0,2,2024
Jakobi Meyers,Under the InfluWentz,WR,LV,Bench,10.2,6.9,2,2024
Justin Fields,Under the InfluWentz,QB,PIT,Bench,18.8,11.38,2,2024
Michael Wilson,Under the InfluWentz,WR,ARI,Bench,9,5.1,2,2024
Nick Chubb,Under the InfluWentz,RB,CLE,Bench,0,0,2,2024
49ers,Under the InfluWentz,D/ST,SF,D/ST,8.1,5,2,2024
Christian Kirk,Under the InfluWentz,WR,JAX,FLEX,11.8,0.9,2,2024
Jake Elliott,Under the InfluWentz,K,PHI,K,8.5,7,2,2024
C.J. Stroud,Under the InfluWentz,QB,HOU,QB,18.4,14.3,2,2024
Isiah Pacheco,Under the InfluWentz,RB,KC,RB,16.4,16.1,2,2024
Zamir White,Under the InfluWentz,RB,LV,RB,10.7,6.8,2,2024
Hayden Hurst,Under the InfluWentz,TE,LAC,TE,7.6,1.5,2,2024
Drake London,Under the InfluWentz,WR,ATL,WR,15.2,17.4,2,2024
Zay Flowers,Under the InfluWentz,WR,BAL,WR,14.3,22.1,2,2024
Chase Brown,willimantic crack addicts,RB,CIN,Bench,8.3,3.1,2,2024
David Njoku,willimantic crack addicts,TE,CLE,Bench,0,0,2,2024
Quentin Johnston,willimantic crack addicts,WR,LAC,Bench,9.8,22.1,2,2024
Rome Odunze,willimantic crack addicts,WR,CHI,Bench,11.5,5.3,2,2024
Tee Higgins,willimantic crack addicts,WR,CIN,Bench,0,0,2,2024
Tua Tagovailoa,willimantic crack addicts,QB,MIA,Bench,17.4,5.5,2,2024
Xavier Legette,willimantic crack addicts,WR,CAR,Bench,8.5,0,2,2024
Vikings,willimantic crack addicts,D/ST,MIN,D/ST,3.1,12,2,2024
Xavier Worthy,willimantic crack addicts,WR,KC,FLEX,12,4.2,2,2024
Ka'imi Fairbairn,willimantic crack addicts,K,HOU,K,8.2,20,2,2024
Joe Burrow,willimantic crack addicts,QB,CIN,QB,18.2,17.22,2,2024
Alvin Kamara,willimantic crack addicts,RB,NO,RB,16.5,44,2,2024
James Conner,willimantic crack addicts,RB,ARI,RB,15.6,19.4,2,2024
Colby Parkinson,willimantic crack addicts,TE,LAR,TE,8.2,2.2,2,2024
CeeDee Lamb,willimantic crack addicts,WR,DAL,WR,20.3,19,2,2024
Stefon Diggs,willimantic crack addicts,WR,HOU,WR,14.7,7.7,2,2024
Braelon Allen,'fore i repeat it ima forget it,RB,NYJ,Bench,7.3,9.8,3,2024
Bucky Irving,'fore i repeat it ima forget it,RB,TB,Bench,8.5,11.4,3,2024
Chuba Hubbard,'fore i repeat it ima forget it,RB,CAR,Bench,12.7,27.9,3,2024
Deebo Samuel Sr.,'fore i repeat it ima forget it,WR,SF,Bench,0,0,3,2024
Ezekiel Elliott,'fore i repeat it ima forget it,RB,DAL,Bench,9.6,2.2,3,2024
Greg Dortch,'fore i repeat it ima forget it,WR,ARI,Bench,6.9,6.5,3,2024
Ladd McConkey,'fore i repeat it ima forget it,WR,LAC,Bench,11.2,7.4,3,2024
Jets,'fore i repeat it ima forget it,D/ST,NYJ,D/ST,6.7,16,3,2024
Khalil Shakir,'fore i repeat it ima forget it,WR,BUF,FLEX,9.7,19.2,3,2024
Jonathon Brooks,'fore i repeat it ima forget it,RB,CAR,IR,0,0,3,2024
Blake Grupe,'fore i repeat it ima forget it,K,NO,K,8.7,6,3,2024
Dak Prescott,'fore i repeat it ima forget it,QB,DAL,QB,17.4,29.86,3,2024
Breece Hall,'fore i repeat it ima forget it,RB,NYJ,RB,21.2,18.3,3,2024
Kyren Williams,'fore i repeat it ima forget it,RB,LAR,RB,18.8,31.6,3,2024
Brock Bowers,'fore i repeat it ima forget it,TE,LV,TE,11.7,7.1,3,2024
Jaylen Waddle,'fore i repeat it ima forget it,WR,MIA,WR,11,6.6,3,2024
Mike Evans,'fore i repeat it ima forget it,WR,TB,WR,14.6,3.7,3,2024
Antonio Gibson,Amon a new Level,RB,NE,Bench,6.8,6.7,3,2024
Brock Purdy,Amon a new Level,QB,SF,Bench,19,25.78,3,2024
Darnell Mooney,Amon a new Level,WR,ATL,Bench,10.9,14.6,3,2024
George Kittle,Amon a new Level,TE,SF,Bench,0,0,3,2024
Jaxon Smith-Njigba,Amon a new Level,WR,SEA,Bench,13,6.9,3,2024
Rashod Bateman,Amon a new Level,WR,BAL,Bench,6.7,11.8,3,2024
Terry McLaurin,Amon a new Level,WR,WSH,Bench,11.3,20,3,2024
Saints,Amon a new Level,D/ST,NO,D/ST,5.3,6,3,2024
J.K. Dobbins,Amon a new Level,RB,LAC,FLEX,13,8.4,3,2024
Harrison Butker,Amon a new Level,K,KC,K,8.6,13,3,2024
Jalen Hurts,Amon a new Level,QB,PHI,QB,20,10.94,3,2024
Derrick Henry,Amon a new Level,RB,BAL,RB,15.1,30.4,3,2024
Rachaad White,Amon a new Level,RB,TB,RB,14.2,8.5,3,2024
Mike Gesicki,Amon a new Level,TE,CIN,TE,7.2,8.7,3,2024
Amon-Ra St. Brown,Amon a new Level,WR,DET,WR,18,20.5,3,2024
Calvin Ridley,Amon a new Level,WR,TEN,WR,12.6,1.9,3,2024
Cam Akers,Big Johnson,RB,HOU,Bench,11.6,9.9,3,2024
Diontae Johnson,Big Johnson,WR,CAR,Bench,11.7,26.2,3,2024
Jared Goff,Big Johnson,QB,DET,Bench,15.9,14.56,3,2024
Pat Freiermuth,Big Johnson,TE,PIT,Bench,7.9,7.3,3,2024
Rashid Shaheed,Big Johnson,WR,NO,Bench,12.9,0,3,2024
Tyler Lockett,Big Johnson,WR,SEA,Bench,8.7,9.6,3,2024
Zack Moss,Big Johnson,RB,CIN,Bench,14.1,20.7,3,2024
Buccaneers,Big Johnson,D/ST,TB,D/ST,7.5,1,3,2024
Jerome Ford,Big Johnson,RB,CLE,FLEX,13.7,10,3,2024
Younghoe Koo,Big Johnson,K,ATL,K,8.2,7,3,2024
Lamar Jackson,Big Johnson,QB,BAL,QB,19.9,25.98,3,2024
Josh Jacobs,Big Johnson,RB,GB,RB,15.9,5.8,3,2024
Saquon Barkley,Big Johnson,RB,PHI,RB,17.2,33.6,3,2024
Kyle Pitts,Big Johnson,TE,ATL,TE,9.6,7.9,3,2024
Davante Adams,Big Johnson,WR,LV,WR,15.8,8,3,2024
George Pickens,Big Johnson,WR,PIT,WR,12,10.7,3,2024
Curtis Samuel,Dyls belly,WR,BUF,Bench,5.7,5.2,3,2024
Jerry Jeudy,Dyls belly,WR,CLE,Bench,10,8.7,3,2024
Raheem Mostert,Dyls belly,RB,MIA,Bench,0,0,3,2024
Romeo Doubs,Dyls belly,WR,GB,Bench,6.8,2.8,3,2024
Tony Pollard,Dyls belly,RB,TEN,Bench,15.2,5.9,3,2024
Trevor Lawrence,Dyls belly,QB,JAX,Bench,15.6,9.42,3,2024
Tyler Conklin,Dyls belly,TE,NYJ,Bench,6.9,14.3,3,2024
Seahawks,Dyls belly,D/ST,SEA,D/ST,7,12,3,2024
Chris Godwin,Dyls belly,WR,TB,FLEX,15.1,17.3,3,2024
Cameron Dicker,Dyls belly,K,LAC,K,7.8,4,3,2024
Anthony Richardson,Dyls belly,QB,IND,QB,16.8,5.08,3,2024
David Montgomery,Dyls belly,RB,DET,RB,12.1,21.2,3,2024
Travis Etienne Jr.,Dyls belly,RB,JAX,RB,14.9,12.5,3,2024
Trey McBride,Dyls belly,TE,ARI,TE,13.1,5.5,3,2024
Brandon Aiyuk,Dyls belly,WR,SF,WR,17.5,9.8,3,2024
Justin Jefferson,Dyls belly,WR,MIN,WR,18.8,20.1,3,2024
Brian Thomas Jr.,Jah is gay,WR,JAX,Bench,10.8,9.8,3,2024
DeAndre Hopkins,Jah is gay,WR,TEN,Bench,7.6,19.3,3,2024
Isaiah Likely,Jah is gay,TE,BAL,Bench,8.1,1.4,3,2024
Kirk Cousins,Jah is gay,QB,ATL,Bench,16.1,11.1,3,2024
MarShawn Lloyd,Jah is gay,RB,GB,Bench,0,0,3,2024
Mike Williams,Jah is gay,WR,NYJ,Bench,7.1,6.4,3,2024
Tyjae Spears,Jah is gay,RB,TEN,Bench,10.2,10.1,3,2024
Steelers,Jah is gay,D/ST,PIT,D/ST,5.7,11,3,2024
Tank Dell,Jah is gay,WR,HOU,FLEX,12.1,11.2,3,2024
Jake Bates,Jah is gay,K,DET,K,8.5,2,3,2024
Kyler Murray,Jah is gay,QB,ARI,QB,18.6,14.78,3,2024
Bijan Robinson,Jah is gay,RB,ATL,RB,20.9,13.2,3,2024
De'Von Achane,Jah is gay,RB,MIA,RB,18.7,8.8,3,2024
Dalton Kincaid,Jah is gay,TE,BUF,TE,10.3,13.1,3,2024
Chris Olave,Jah is gay,WR,NO,WR,15.8,20.6,3,2024
Marvin Harrison Jr.,Jah is gay,WR,ARI,WR,15.5,17.4,3,2024
Blake Corum,Kode,RB,LAR,Bench,1.3,0,3,2024
Devin Singletary,Kode,RB,NYG,Bench,12.8,18.8,3,2024
Dontayvion Wicks,Kode,WR,GB,Bench,5,0,3,2024
Jaylen Warren,Kode,RB,PIT,Bench,9.5,1.1,3,2024
Puka Nacua,Kode,WR,LAR,Bench,0,0,3,2024
Rico Dowdle,Kode,RB,DAL,Bench,9.5,8.6,3,2024
Trey Benson,Kode,RB,ARI,Bench,5.6,0.8,3,2024
Lions,Kode,D/ST,DET,D/ST,4.4,8,3,2024
Brian Robinson Jr.,Kode,RB,WSH,FLEX,14.2,10.7,3,2024
Greg Zuerlein,Kode,K,NYJ,K,8.3,5,3,2024
Caleb Williams,Kode,QB,CHI,QB,15.8,17.32,3,2024
James Cook,Kode,RB,BUF,RB,16.3,18.7,3,2024
Jonathan Taylor,Kode,RB,IND,RB,17.7,26.5,3,2024
Brenton Strange,Kode,TE,JAX,TE,7.9,9.2,3,2024
Malik Nabers,Kode,WR,NYG,WR,14.4,28.2,3,2024
Michael Pittman Jr.,Kode,WR,IND,WR,13.3,7.6,3,2024
Alec Pierce,Mixon it (K)upp,WR,IND,Bench,6.7,5.4,3,2024
Alexander Mattison,Mixon it (K)upp,RB,LV,Bench,8.4,13.4,3,2024
Amari Cooper,Mixon it (K)upp,WR,CLE,Bench,11.9,27.6,3,2024
D'Onta Foreman,Mixon it (K)upp,RB,CLE,Bench,9.8,0.5,3,2024
Demarcus Robinson,Mixon it (K)upp,WR,LAR,Bench,11.2,4.2,3,2024
Jordan Addison,Mixon it (K)upp,WR,MIN,Bench,0,0,3,2024
Keon Coleman,Mixon it (K)upp,WR,BUF,Bench,9.3,9.4,3,2024
Chargers,Mixon it (K)upp,D/ST,LAC,D/ST,7.5,4,3,2024
DJ Moore,Mixon it (K)upp,WR,CHI,FLEX,15.8,15.2,3,2024
T.J. Hockenson,Mixon it (K)upp,TE,MIN,IR,0,0,3,2024
Evan McPherson,Mixon it (K)upp,K,CIN,K,8.6,8,3,2024
Jayden Daniels,Mixon it (K)upp,QB,WSH,QB,18.1,28.06,3,2024
Jahmyr Gibbs,Mixon it (K)upp,RB,DET,RB,16.1,16.3,3,2024
Rhamondre Stevenson,Mixon it (K)upp,RB,NE,RB,15.7,0.3,3,2024
Dallas Goedert,Mixon it (K)upp,TE,PHI,TE,10.5,27,3,2024
DeVonta Smith,Mixon it (K)upp,WR,PHI,WR,16.3,14.9,3,2024
Garrett Wilson,Mixon it (K)upp,WR,NYJ,WR,15.8,14.3,3,2024
Christian Watson,Njigbas Be Wildin,WR,GB,Bench,6.8,8.7,3,2024
Cooper Kupp,Njigbas Be Wildin,WR,LAR,Bench,0,0,3,2024
Dalton Schultz,Njigbas Be Wildin,TE,HOU,Bench,8.2,3.1,3,2024
Derek Carr,Njigbas Be Wildin,QB,NO,Bench,17.4,7.98,3,2024
Joe Mixon,Njigbas Be Wildin,RB,HOU,Bench,0,0,3,2024
Ravens,Njigbas Be Wildin,D/ST,BAL,Bench,4.9,2,3,2024
Samaje Perine,Njigbas Be Wildin,RB,KC,Bench,9.9,7,3,2024
Bears,Njigbas Be Wildin,D/ST,CHI,D/ST,5.4,5,3,2024
Tyler Johnson,Njigbas Be Wildin,WR,LAR,FLEX,10.6,5,3,2024
Brandon Aubrey,Njigbas Be Wildin,K,DAL,K,8.3,12,3,2024
Patrick Mahomes,Njigbas Be Wildin,QB,KC,QB,20,16.38,3,2024
Najee Harris,Njigbas Be Wildin,RB,PIT,RB,11.3,13.6,3,2024
Zach Charbonnet,Njigbas Be Wildin,RB,SEA,RB,16.4,25.7,3,2024
Sam LaPorta,Njigbas Be Wildin,TE,DET,TE,11.5,5.6,3,2024
Courtland Sutton,Njigbas Be Wildin,WR,DEN,WR,11,13.8,3,2024
Tyreek Hill,Njigbas Be Wildin,WR,MIA,WR,15.8,7,3,2024
Aaron Rodgers,Reigning,QB,NYJ,Bench,15.5,21.04,3,2024
Allen Lazard,Reigning,WR,NYJ,Bench,8.5,13.8,3,2024
Cowboys,Reigning,D/ST,DAL,Bench,4.3,-6,3,2024
Ja'Lynn Polk,Reigning,WR,NE,Bench,6.9,3.3,3,2024
Jayden Reed,Reigning,WR,GB,Bench,8.6,10.9,3,2024
Juwan Johnson,Reigning,TE,NO,Bench,7.1,0,3,2024
Keenan Allen,Reigning,WR,CHI,Bench,0,0,3,2024
Texans,Reigning,D/ST,HOU,D/ST,7,5,3,2024
Javonte Williams,Reigning,RB,DEN,FLEX,12.6,6.1,3,2024
Christian McCaffrey,Reigning,RB,SF,IR,0,0,3,2024
Jake Moody,Reigning,K,SF,K,8.5,5,3,2024
Josh Allen,Reigning,QB,BUF,QB,21.5,30.92,3,2024
Aaron Jones,Reigning,RB,MIN,RB,14.2,25.8,3,2024
Jordan Mason,Reigning,RB,SF,RB,18.6,10.8,3,2024
Mark Andrews,Reigning,TE,BAL,TE,10.8,0,3,2024
Gabe Davis,Reigning,WR,JAX,WR,10.7,3.8,3,2024
Nico Collins,Reigning,WR,HOU,WR,16.5,12.6,3,2024
Adam Thielen,Team Chieffo,WR,CAR,Bench,8.6,13,3,2024
Geno Smith,Team Chieffo,QB,SEA,Bench,16.5,11.36,3,2024
Jalin Hyatt,Team Chieffo,WR,NYG,Bench,1.3,0,3,2024
Jameson Williams,Team Chieffo,WR,DET,Bench,13.3,1.2,3,2024
Kenneth Walker III,Team Chieffo,RB,SEA,Bench,0,0,3,2024
Taysom Hill,Team Chieffo,TE,NO,Bench,0,0,3,2024
Tyler Allgeier,Team Chieffo,RB,ATL,Bench,6.7,3.2,3,2024
Browns,Team Chieffo,D/ST,CLE,D/ST,8.1,6,3,2024
Rashee Rice,Team Chieffo,WR,KC,FLEX,18,29.1,3,2024
Justin Tucker,Team Chieffo,K,BAL,K,7.9,3,3,2024
Baker Mayfield,Team Chieffo,QB,TB,QB,17.8,8.52,3,2024
Austin Ekeler,Team Chieffo,RB,WSH,RB,10.1,13.7,3,2024
D'Andre Swift,Team Chieffo,RB,CHI,RB,14.9,6.2,3,2024
Travis Kelce,Team Chieffo,TE,KC,TE,12.5,7,3,2024
DK Metcalf,Team Chieffo,WR,SEA,WR,14.3,20.4,3,2024
Ja'Marr Chase,Team Chieffo,WR,CIN,WR,18.7,29.8,3,2024
A.J. Brown,Under the InfluWentz,WR,PHI,Bench,0,0,3,2024
Brandin Cooks,Under the InfluWentz,WR,DAL,Bench,8.6,3.6,3,2024
Hayden Hurst,Under the InfluWentz,TE,LAC,Bench,6.3,3.5,3,2024
Jakobi Meyers,Under the InfluWentz,WR,LV,Bench,9.1,21.2,3,2024
Justin Fields,Under the InfluWentz,QB,PIT,Bench,15.7,18.4,3,2024
Michael Wilson,Under the InfluWentz,WR,ARI,Bench,7.6,14.4,3,2024
Nick Chubb,Under the InfluWentz,RB,CLE,Bench,0,0,3,2024
49ers,Under the InfluWentz,D/ST,SF,D/ST,4.8,5,3,2024
Christian Kirk,Under the InfluWentz,WR,JAX,FLEX,10.7,15.9,3,2024
Isiah Pacheco,Under the InfluWentz,RB,KC,IR,0,0,3,2024
Jake Elliott,Under the InfluWentz,K,PHI,K,8.3,0,3,2024
C.J. Stroud,Under the InfluWentz,QB,HOU,QB,18.2,9.8,3,2024
Carson Steele,Under the InfluWentz,RB,KC,RB,10.8,8.4,3,2024
Zamir White,Under the InfluWentz,RB,LV,RB,13.5,3.4,3,2024
Jake Ferguson,Under the InfluWentz,TE,DAL,TE,10.6,15.5,3,2024
Drake London,Under the InfluWentz,WR,ATL,WR,14.1,18.7,3,2024
Zay Flowers,Under the InfluWentz,WR,BAL,WR,14.9,5.3,3,2024
Chase Brown,willimantic crack addicts,RB,CIN,Bench,7.5,8.9,3,2024
David Njoku,willimantic crack addicts,TE,CLE,Bench,0,0,3,2024
Quentin Johnston,willimantic crack addicts,WR,LAC,Bench,10.4,12.4,3,2024
Rome Odunze,willimantic crack addicts,WR,CHI,Bench,10.5,23.4,3,2024
Tee Higgins,willimantic crack addicts,WR,CIN,Bench,9.6,6.9,3,2024
Tua Tagovailoa,willimantic crack addicts,QB,MIA,Bench,0,0,3,2024
Xavier Legette,willimantic crack addicts,WR,CAR,Bench,7.2,6.2,3,2024
Vikings,willimantic crack addicts,D/ST,MIN,D/ST,4.1,14,3,2024
Xavier Worthy,willimantic crack addicts,WR,KC,FLEX,11.7,5,3,2024
Ka'imi Fairbairn,willimantic crack addicts,K,HOU,K,8.4,0,3,2024
Joe Burrow,willimantic crack addicts,QB,CIN,QB,19.2,25.36,3,2024
Alvin Kamara,willimantic crack addicts,RB,NO,RB,21.4,15.7,3,2024
James Conner,willimantic crack addicts,RB,ARI,RB,15.3,3.5,3,2024
Colby Parkinson,willimantic crack addicts,TE,LAR,TE,8.6,5.1,3,2024
CeeDee Lamb,willimantic crack addicts,WR,DAL,WR,21.1,8.7,3,2024
Stefon Diggs,willimantic crack addicts,WR,HOU,WR,12.5,19.92,3,2024
Bucky Irving,'fore i repeat it ima forget it,RB,TB,Bench,10.1,12.5,4,2024
Chuba Hubbard,'fore i repeat it ima forget it,RB,CAR,Bench,14.4,22.1,4,2024
Emanuel Wilson,'fore i repeat it ima forget it,RB,GB,Bench,6.1,2.7,4,2024
Jordan Love,'fore i repeat it ima forget it,QB,GB,Bench,15.8,28.16,4,2024
Josh Downs,'fore i repeat it ima forget it,WR,IND,Bench,8.5,22.2,4,2024
Kareem Hunt,'fore i repeat it ima forget it,RB,KC,Bench,1.9,10.5,4,2024
Keenan Allen,'fore i repeat it ima forget it,WR,CHI,Bench,11.2,4.9,4,2024
Jets,'fore i repeat it ima forget it,D/ST,NYJ,D/ST,6.8,8,4,2024
Khalil Shakir,'fore i repeat it ima forget it,WR,BUF,FLEX,11.9,10.2,4,2024
Jonathon Brooks,'fore i repeat it ima forget it,RB,CAR,IR,0,0,4,2024
Austin Seibert,'fore i repeat it ima forget it,K,WSH,K,8,11,4,2024
Anthony Richardson,'fore i repeat it ima forget it,QB,IND,QB,15.9,5.24,4,2024
Breece Hall,'fore i repeat it ima forget it,RB,NYJ,RB,19.9,3.8,4,2024
Kyren Williams,'fore i repeat it ima forget it,RB,LAR,RB,19,20.4,4,2024
Brock Bowers,'fore i repeat it ima forget it,TE,LV,TE,11.6,5.1,4,2024
Deebo Samuel Sr.,'fore i repeat it ima forget it,WR,SF,WR,14.6,10.2,4,2024
Mike Evans,'fore i repeat it ima forget it,WR,TB,WR,14.6,23.4,4,2024
Antonio Gibson,Amon a new Level,RB,NE,Bench,7.1,10.9,4,2024
Brock Purdy,Amon a new Level,QB,SF,Bench,18,14.62,4,2024
Calvin Ridley,Amon a new Level,WR,TEN,Bench,11.7,2.5,4,2024
Darnell Mooney,Amon a new Level,WR,ATL,Bench,11.5,8.6,4,2024
Jaxon Smith-Njigba,Amon a new Level,WR,SEA,Bench,11.7,13.1,4,2024
Mike Gesicki,Amon a new Level,TE,CIN,Bench,8.4,0.1,4,2024
Rashod Bateman,Amon a new Level,WR,BAL,Bench,7.5,3.3,4,2024
Saints,Amon a new Level,D/ST,NO,D/ST,4.7,3,4,2024
J.K. Dobbins,Amon a new Level,RB,LAC,FLEX,15.4,9.2,4,2024
Harrison Butker,Amon a new Level,K,KC,K,8.1,4,4,2024
Jalen Hurts,Amon a new Level,QB,PHI,QB,19.5,16.32,4,2024
Derrick Henry,Amon a new Level,RB,BAL,RB,15.3,35.9,4,2024
Rachaad White,Amon a new Level,RB,TB,RB,12.8,10.4,4,2024
George Kittle,Amon a new Level,TE,SF,TE,12.7,14.5,4,2024
Amon-Ra St. Brown,Amon a new Level,WR,DET,WR,15.5,20.78,4,2024
Terry McLaurin,Amon a new Level,WR,WSH,WR,13.5,18.2,4,2024
Cam Akers,Big Johnson,RB,HOU,Bench,12.7,5.3,4,2024
Davante Adams,Big Johnson,WR,LV,Bench,0,0,4,2024
Jared Goff,Big Johnson,QB,DET,Bench,13,27.18,4,2024
Jerome Ford,Big Johnson,RB,CLE,Bench,13.2,15.5,4,2024
Pat Freiermuth,Big Johnson,TE,PIT,Bench,8,16.7,4,2024
Rashid Shaheed,Big Johnson,WR,NO,Bench,11.5,15.7,4,2024
Tyler Lockett,Big Johnson,WR,SEA,Bench,10.5,11.1,4,2024
Dolphins,Big Johnson,D/ST,MIA,D/ST,7.6,4,4,2024
Zack Moss,Big Johnson,RB,CIN,FLEX,14.6,17.8,4,2024
Matt Prater,Big Johnson,K,ARI,K,8.5,2,4,2024
Lamar Jackson,Big Johnson,QB,BAL,QB,19.8,23.64,4,2024
Josh Jacobs,Big Johnson,RB,GB,RB,14,11.8,4,2024
Saquon Barkley,Big Johnson,RB,PHI,RB,19.7,13.6,4,2024
Kyle Pitts,Big Johnson,TE,ATL,TE,9,0,4,2024
Diontae Johnson,Big Johnson,WR,CAR,WR,15.2,21.3,4,2024
George Pickens,Big Johnson,WR,PIT,WR,12.1,16.3,4,2024
Curtis Samuel,Dyls belly,WR,BUF,Bench,5.3,3.5,4,2024
Jerry Jeudy,Dyls belly,WR,CLE,Bench,9.6,13.2,4,2024
Raheem Mostert,Dyls belly,RB,MIA,Bench,0,0,4,2024
Romeo Doubs,Dyls belly,WR,GB,Bench,9.2,7.9,4,2024
Sam Darnold,Dyls belly,QB,MIN,Bench,16.5,20.5,4,2024
Tony Pollard,Dyls belly,RB,TEN,Bench,15.3,18.8,4,2024
Tyler Conklin,Dyls belly,TE,NYJ,Bench,7.4,5.7,4,2024
Eagles,Dyls belly,D/ST,PHI,D/ST,7.2,2,4,2024
Chris Godwin,Dyls belly,WR,TB,FLEX,15.8,12.9,4,2024
Cameron Dicker,Dyls belly,K,LAC,K,8.1,5,4,2024
Dak Prescott,Dyls belly,QB,DAL,QB,17.6,16.74,4,2024
David Montgomery,Dyls belly,RB,DET,RB,13.8,15,4,2024
Travis Etienne Jr.,Dyls belly,RB,JAX,RB,15.3,7,4,2024
Trey McBride,Dyls belly,TE,ARI,TE,0,0,4,2024
Brandon Aiyuk,Dyls belly,WR,SF,WR,12.9,6.8,4,2024
Justin Jefferson,Dyls belly,WR,MIN,WR,18.4,20.5,4,2024
DeAndre Hopkins,Jah is gay,WR,TEN,Bench,8.4,5.1,4,2024
Isaiah Likely,Jah is gay,TE,BAL,Bench,7.3,3.6,4,2024
Kirk Cousins,Jah is gay,QB,ATL,Bench,14.2,7.52,4,2024
MarShawn Lloyd,Jah is gay,RB,GB,Bench,0,0,4,2024
Mike Williams,Jah is gay,WR,NYJ,Bench,8.2,10.7,4,2024
Tank Dell,Jah is gay,WR,HOU,Bench,0,0,4,2024
Tyjae Spears,Jah is gay,RB,TEN,Bench,9,11.9,4,2024
Steelers,Jah is gay,D/ST,PIT,D/ST,5.8,1,4,2024
Brian Thomas Jr.,Jah is gay,WR,JAX,FLEX,9.9,21.9,4,2024
Jake Bates,Jah is gay,K,DET,K,8,6,4,2024
Kyler Murray,Jah is gay,QB,ARI,QB,20.4,9.98,4,2024
Bijan Robinson,Jah is gay,RB,ATL,RB,20.1,11.4,4,2024
De'Von Achane,Jah is gay,RB,MIA,RB,16.6,5.9,4,2024
Dalton Kincaid,Jah is gay,TE,BUF,TE,10.9,9.7,4,2024
Chris Olave,Jah is gay,WR,NO,WR,13.9,16.7,4,2024
Marvin Harrison Jr.,Jah is gay,WR,ARI,WR,16.4,15.5,4,2024
Blake Corum,Kode,RB,LAR,Bench,0.8,0,4,2024
Devin Singletary,Kode,RB,NYG,Bench,14.3,4.8,4,2024
Dontayvion Wicks,Kode,WR,GB,Bench,6.7,24.8,4,2024
Jaylen Warren,Kode,RB,PIT,Bench,0,0,4,2024
Puka Nacua,Kode,WR,LAR,Bench,0,0,4,2024
Rico Dowdle,Kode,RB,DAL,Bench,10.8,13.1,4,2024
Trey Benson,Kode,RB,ARI,Bench,5.2,5,4,2024
Lions,Kode,D/ST,DET,D/ST,5.8,1,4,2024
Brian Robinson Jr.,Kode,RB,WSH,FLEX,15.4,20.3,4,2024
Greg Zuerlein,Kode,K,NYJ,K,8.1,9,4,2024
Caleb Williams,Kode,QB,CHI,QB,15.4,11.48,4,2024
James Cook,Kode,RB,BUF,RB,15.8,5.8,4,2024
Jonathan Taylor,Kode,RB,IND,RB,17.9,19.8,4,2024
Noah Fant,Kode,TE,SEA,TE,7.7,4.6,4,2024
Malik Nabers,Kode,WR,NYG,WR,18.7,23.1,4,2024
Michael Pittman Jr.,Kode,WR,IND,WR,11.1,17.3,4,2024
Alexander Mattison,Mixon it (K)upp,RB,LV,Bench,7.2,6,4,2024
DeVonta Smith,Mixon it (K)upp,WR,PHI,Bench,0,0,4,2024
Demarcus Robinson,Mixon it (K)upp,WR,LAR,Bench,9.3,5.7,4,2024
Evan Engram,Mixon it (K)upp,TE,JAX,Bench,0,0,4,2024
Jordan Addison,Mixon it (K)upp,WR,MIN,Bench,10.9,22.9,4,2024
Keon Coleman,Mixon it (K)upp,WR,BUF,Bench,4.4,8.1,4,2024
Ladd McConkey,Mixon it (K)upp,WR,LAC,Bench,11.1,17.7,4,2024
Raiders,Mixon it (K)upp,D/ST,LV,D/ST,8,10,4,2024
DJ Moore,Mixon it (K)upp,WR,CHI,FLEX,14.9,11.2,4,2024
T.J. Hockenson,Mixon it (K)upp,TE,MIN,IR,0,0,4,2024
Evan McPherson,Mixon it (K)upp,K,CIN,K,8.2,13,4,2024
Jayden Daniels,Mixon it (K)upp,QB,WSH,QB,22.1,24.02,4,2024
Jahmyr Gibbs,Mixon it (K)upp,RB,DET,RB,14.5,19.8,4,2024
Rhamondre Stevenson,Mixon it (K)upp,RB,NE,RB,15.1,8.2,4,2024
Dallas Goedert,Mixon it (K)upp,TE,PHI,TE,12.1,13.2,4,2024
Amari Cooper,Mixon it (K)upp,WR,CLE,WR,12,7.5,4,2024
Garrett Wilson,Mixon it (K)upp,WR,NYJ,WR,13.7,7.1,4,2024
Christian Watson,Njigbas Be Wildin,WR,GB,Bench,8.9,0,4,2024
Cole Kmet,Njigbas Be Wildin,TE,CHI,Bench,8.5,6.4,4,2024
Cooper Kupp,Njigbas Be Wildin,WR,LAR,Bench,0,0,4,2024
Joe Mixon,Njigbas Be Wildin,RB,HOU,Bench,0,0,4,2024
Patrick Mahomes,Njigbas Be Wildin,QB,KC,Bench,17.6,13,4,2024
Ravens,Njigbas Be Wildin,D/ST,BAL,Bench,3.4,10,4,2024
Tyler Johnson,Njigbas Be Wildin,WR,LAR,Bench,8.7,0,4,2024
Bears,Njigbas Be Wildin,D/ST,CHI,D/ST,5.5,7,4,2024
Jauan Jennings,Njigbas Be Wildin,WR,SF,FLEX,10.1,11.8,4,2024
Brandon Aubrey,Njigbas Be Wildin,K,DAL,K,8.4,11,4,2024
Daniel Jones,Njigbas Be Wildin,QB,NYG,QB,18.2,9.54,4,2024
Najee Harris,Njigbas Be Wildin,RB,PIT,RB,13.3,10.3,4,2024
Zach Charbonnet,Njigbas Be Wildin,RB,SEA,RB,8.2,10.4,4,2024
Sam LaPorta,Njigbas Be Wildin,TE,DET,TE,9,9.3,4,2024
Courtland Sutton,Njigbas Be Wildin,WR,DEN,WR,12.3,15,4,2024
Tyreek Hill,Njigbas Be Wildin,WR,MIA,WR,13.3,8.2,4,2024
Aaron Rodgers,Reigning,QB,NYJ,Bench,15.4,11.6,4,2024
Allen Lazard,Reigning,WR,NYJ,Bench,8.4,10.8,4,2024
Andrei Iosivas,Reigning,WR,CIN,Bench,8.2,3.9,4,2024
Braelon Allen,Reigning,RB,NYJ,Bench,8.8,5.6,4,2024
Gabe Davis,Reigning,WR,JAX,Bench,10,0.8,4,2024
Jaylen Waddle,Reigning,WR,MIA,Bench,9.8,7.6,4,2024
Mark Andrews,Reigning,TE,BAL,Bench,7.7,0,4,2024
Texans,Reigning,D/ST,HOU,D/ST,7.1,1,4,2024
Javonte Williams,Reigning,RB,DEN,FLEX,10.2,10,4,2024
Christian McCaffrey,Reigning,RB,SF,IR,0,0,4,2024
Jake Moody,Reigning,K,SF,K,8.4,13,4,2024
Josh Allen,Reigning,QB,BUF,QB,21.5,7.3,4,2024
Aaron Jones,Reigning,RB,MIN,RB,16.8,17.9,4,2024
Jordan Mason,Reigning,RB,SF,RB,17.2,24,4,2024
Zach Ertz,Reigning,TE,WSH,TE,9.2,7.2,4,2024
Jayden Reed,Reigning,WR,GB,WR,12.4,27.1,4,2024
Nico Collins,Reigning,WR,HOU,WR,17.4,33.1,4,2024
Adam Thielen,Team Chieffo,WR,CAR,Bench,0,0,4,2024
Austin Ekeler,Team Chieffo,RB,WSH,Bench,0,0,4,2024
Baker Mayfield,Team Chieffo,QB,TB,Bench,16.5,28.88,4,2024
Jalin Hyatt,Team Chieffo,WR,NYG,Bench,1.5,0,4,2024
Jameson Williams,Team Chieffo,WR,DET,Bench,11.3,16,4,2024
Taysom Hill,Team Chieffo,TE,NO,Bench,6.6,14.4,4,2024
Tyler Allgeier,Team Chieffo,RB,ATL,Bench,5.7,10,4,2024
Browns,Team Chieffo,D/ST,CLE,D/ST,7.8,12,4,2024
Rashee Rice,Team Chieffo,WR,KC,FLEX,19.4,0,4,2024
Justin Tucker,Team Chieffo,K,BAL,K,7.8,5,4,2024
Geno Smith,Team Chieffo,QB,SEA,QB,16.1,21.6,4,2024
D'Andre Swift,Team Chieffo,RB,CHI,RB,13.1,29.5,4,2024
Kenneth Walker III,Team Chieffo,RB,SEA,RB,13.4,33.6,4,2024
Travis Kelce,Team Chieffo,TE,KC,TE,10.5,15.9,4,2024
DK Metcalf,Team Chieffo,WR,SEA,WR,15.7,15.4,4,2024
Ja'Marr Chase,Team Chieffo,WR,CIN,WR,18,17.5,4,2024
A.J. Brown,Under the InfluWentz,WR,PHI,Bench,0,0,4,2024
Brandin Cooks,Under the InfluWentz,WR,DAL,Bench,7.7,2.6,4,2024
Hayden Hurst,Under the InfluWentz,TE,LAC,Bench,6.5,1.6,4,2024
Jakobi Meyers,Under the InfluWentz,WR,LV,Bench,12.1,9.9,4,2024
Justin Fields,Under the InfluWentz,QB,PIT,Bench,16.5,31.98,4,2024
Michael Wilson,Under the InfluWentz,WR,ARI,Bench,10,4.8,4,2024
Nick Chubb,Under the InfluWentz,RB,CLE,Bench,0,0,4,2024
49ers,Under the InfluWentz,D/ST,SF,D/ST,6.9,23,4,2024
Christian Kirk,Under the InfluWentz,WR,JAX,FLEX,9.5,19.1,4,2024
Isiah Pacheco,Under the InfluWentz,RB,KC,IR,0,0,4,2024
Jake Elliott,Under the InfluWentz,K,PHI,K,8.2,2,4,2024
C.J. Stroud,Under the InfluWentz,QB,HOU,QB,19.2,23.5,4,2024
Carson Steele,Under the InfluWentz,RB,KC,RB,11.6,-0.4,4,2024
Zamir White,Under the InfluWentz,RB,LV,RB,10.4,3,4,2024
Jake Ferguson,Under the InfluWentz,TE,DAL,TE,10.7,11.9,4,2024
Drake London,Under the InfluWentz,WR,ATL,WR,13.8,12.4,4,2024
Zay Flowers,Under the InfluWentz,WR,BAL,WR,14.3,2,4,2024
Chase Brown,willimantic crack addicts,RB,CIN,Bench,7.7,23.2,4,2024
David Njoku,willimantic crack addicts,TE,CLE,Bench,0,0,4,2024
Rome Odunze,willimantic crack addicts,WR,CHI,Bench,10.3,2,4,2024
Tee Higgins,willimantic crack addicts,WR,CIN,Bench,11.7,12,4,2024
Tua Tagovailoa,willimantic crack addicts,QB,MIA,Bench,0,0,4,2024
Xavier Legette,willimantic crack addicts,WR,CAR,Bench,10.1,19.6,4,2024
Xavier Worthy,willimantic crack addicts,WR,KC,Bench,10.9,16.3,4,2024
Vikings,willimantic crack addicts,D/ST,MIN,D/ST,5,3,4,2024
Quentin Johnston,willimantic crack addicts,WR,LAC,FLEX,10.3,2.3,4,2024
Ka'imi Fairbairn,willimantic crack addicts,K,HOU,K,8.6,6,4,2024
Joe Burrow,willimantic crack addicts,QB,CIN,QB,18.7,16.28,4,2024
Alvin Kamara,willimantic crack addicts,RB,NO,RB,19,24.9,4,2024
James Conner,willimantic crack addicts,RB,ARI,RB,16.5,18.3,4,2024
Hunter Henry,willimantic crack addicts,TE,NE,TE,8.6,3.2,4,2024
CeeDee Lamb,willimantic crack addicts,WR,DAL,WR,19.4,23.6,4,2024
Stefon Diggs,willimantic crack addicts,WR,HOU,WR,14.6,18.5,4,2024
Anthony Richardson,'fore i repeat it ima forget it,QB,IND,Bench,0,0,5,2024
Bucky Irving,'fore i repeat it ima forget it,RB,TB,Bench,9.8,5.6,5,2024
Jalen Brooks,'fore i repeat it ima forget it,WR,DAL,Bench,4.4,2,5,2024
Josh Downs,'fore i repeat it ima forget it,WR,IND,Bench,11.3,15.9,5,2024
Kareem Hunt,'fore i repeat it ima forget it,RB,KC,Bench,11.8,18.7,5,2024
Keenan Allen,'fore i repeat it ima forget it,WR,CHI,Bench,9.3,6.3,5,2024
Khalil Shakir,'fore i repeat it ima forget it,WR,BUF,Bench,0,0,5,2024
Chiefs,'fore i repeat it ima forget it,D/ST,KC,D/ST,5.2,8,5,2024
Chuba Hubbard,'fore i repeat it ima forget it,RB,CAR,FLEX,14.8,17.5,5,2024
Jonathon Brooks,'fore i repeat it ima forget it,RB,CAR,IR,0,0,5,2024
Brayden Narveson,'fore i repeat it ima forget it,K,GB,K,8,7,5,2024
Jordan Love,'fore i repeat it ima forget it,QB,GB,QB,20,15.96,5,2024
Breece Hall,'fore i repeat it ima forget it,RB,NYJ,RB,16.7,6.7,5,2024
Kyren Williams,'fore i repeat it ima forget it,RB,LAR,RB,20.5,15.5,5,2024
Brock Bowers,'fore i repeat it ima forget it,TE,LV,TE,8.7,23.7,5,2024
Deebo Samuel Sr.,'fore i repeat it ima forget it,WR,SF,WR,16.6,3,5,2024
Mike Evans,'fore i repeat it ima forget it,WR,TB,WR,14.9,23.2,5,2024
Amon-Ra St. Brown,Amon a new Level,WR,DET,Bench,0,0,5,2024
Antonio Gibson,Amon a new Level,RB,NE,Bench,9.8,6.6,5,2024
Calvin Ridley,Amon a new Level,WR,TEN,Bench,0,0,5,2024
J.K. Dobbins,Amon a new Level,RB,LAC,Bench,0,0,5,2024
Jalen Hurts,Amon a new Level,QB,PHI,Bench,0,0,5,2024
Mike Gesicki,Amon a new Level,TE,CIN,Bench,7.2,5.1,5,2024
Rashod Bateman,Amon a new Level,WR,BAL,Bench,7.1,15.8,5,2024
Packers,Amon a new Level,D/ST,GB,D/ST,4.5,11,5,2024
Jaxon Smith-Njigba,Amon a new Level,WR,SEA,FLEX,12.6,13.1,5,2024
Harrison Butker,Amon a new Level,K,KC,K,8,13,5,2024
Brock Purdy,Amon a new Level,QB,SF,QB,19.2,13.06,5,2024
Derrick Henry,Amon a new Level,RB,BAL,RB,18.8,16.6,5,2024
Rachaad White,Amon a new Level,RB,TB,RB,12.1,9.6,5,2024
George Kittle,Amon a new Level,TE,SF,TE,12.2,20.4,5,2024
Darnell Mooney,Amon a new Level,WR,ATL,WR,12.4,31.5,5,2024
Terry McLaurin,Amon a new Level,WR,WSH,WR,13.5,13.4,5,2024
Davante Adams,Big Johnson,WR,LV,Bench,0,0,5,2024
Jared Goff,Big Johnson,QB,DET,Bench,0,0,5,2024
Kyle Pitts,Big Johnson,TE,ATL,Bench,7.2,15.8,5,2024
Pat Freiermuth,Big Johnson,TE,PIT,Bench,8.8,9.2,5,2024
Saquon Barkley,Big Johnson,RB,PHI,Bench,0,0,5,2024
Tyler Lockett,Big Johnson,WR,SEA,Bench,10.2,11.5,5,2024
Zack Moss,Big Johnson,RB,CIN,Bench,12.8,8.2,5,2024
Seahawks,Big Johnson,D/ST,SEA,D/ST,6,7,5,2024
Rashid Shaheed,Big Johnson,WR,NO,FLEX,13,18.6,5,2024
Chris Boswell,Big Johnson,K,PIT,K,8.3,6,5,2024
Lamar Jackson,Big Johnson,QB,BAL,QB,21.8,33.42,5,2024
Jerome Ford,Big Johnson,RB,CLE,RB,13.1,7.9,5,2024
Josh Jacobs,Big Johnson,RB,GB,RB,15.5,16.4,5,2024
Tucker Kraft,Big Johnson,TE,GB,TE,10.5,24.8,5,2024
Diontae Johnson,Big Johnson,WR,CAR,WR,15.3,5.9,5,2024
George Pickens,Big Johnson,WR,PIT,WR,14.3,5.6,5,2024
Cameron Dicker,Dyls belly,K,LAC,Bench,0,0,5,2024
Curtis Samuel,Dyls belly,WR,BUF,Bench,7.9,0.9,5,2024
David Montgomery,Dyls belly,RB,DET,Bench,0,0,5,2024
Jerry Jeudy,Dyls belly,WR,CLE,Bench,10.7,2.6,5,2024
Romeo Doubs,Dyls belly,WR,GB,Bench,0,0,5,2024
Sam Darnold,Dyls belly,QB,MIN,Bench,14.9,4.26,5,2024
Tony Pollard,Dyls belly,RB,TEN,Bench,0,0,5,2024
Trey McBride,Dyls belly,TE,ARI,Bench,12.9,11.3,5,2024
Commanders,Dyls belly,D/ST,WSH,D/ST,7.6,14,5,2024
Chris Godwin,Dyls belly,WR,TB,FLEX,15.5,11.6,5,2024
Dak Prescott,Dyls belly,QB,DAL,QB,18.1,16.38,5,2024
Raheem Mostert,Dyls belly,RB,MIA,RB,6.2,11.8,5,2024
Travis Etienne Jr.,Dyls belly,RB,JAX,RB,13.7,12,5,2024
Tyler Conklin,Dyls belly,TE,NYJ,TE,8,11.5,5,2024
Brandon Aiyuk,Dyls belly,WR,SF,WR,13.8,22.7,5,2024
Justin Jefferson,Dyls belly,WR,MIN,WR,16.9,15.2,5,2024
DeAndre Hopkins,Jah is gay,WR,TEN,Bench,0,0,5,2024
Isaiah Likely,Jah is gay,TE,BAL,Bench,6.3,16.3,5,2024
Jake Bates,Jah is gay,K,DET,Bench,0,0,5,2024
Kirk Cousins,Jah is gay,QB,ATL,Bench,15.5,34.36,5,2024
Mike Williams,Jah is gay,WR,NYJ,Bench,7,4.5,5,2024
Tank Dell,Jah is gay,WR,HOU,Bench,10.8,7.3,5,2024
Tyjae Spears,Jah is gay,RB,TEN,Bench,0,0,5,2024
Steelers,Jah is gay,D/ST,PIT,D/ST,4.1,7,5,2024
Brian Thomas Jr.,Jah is gay,WR,JAX,FLEX,12.9,23.2,5,2024
Matt Gay,Jah is gay,K,IND,K,8.2,10,5,2024
Kyler Murray,Jah is gay,QB,ARI,QB,17.3,24.1,5,2024
Bijan Robinson,Jah is gay,RB,ATL,RB,17.5,10.7,5,2024
De'Von Achane,Jah is gay,RB,MIA,RB,15.8,2.7,5,2024
Dalton Kincaid,Jah is gay,TE,BUF,TE,10.4,5.4,5,2024
Chris Olave,Jah is gay,WR,NO,WR,13.7,3,5,2024
Marvin Harrison Jr.,Jah is gay,WR,ARI,WR,16,5.6,5,2024
Blake Corum,Kode,RB,LAR,Bench,0,4.3,5,2024
Devin Singletary,Kode,RB,NYG,Bench,0,0,5,2024
Jaylen Warren,Kode,RB,PIT,Bench,0,0,5,2024
Jonathan Taylor,Kode,RB,IND,Bench,0,0,5,2024
Malik Nabers,Kode,WR,NYG,Bench,0,0,5,2024
Puka Nacua,Kode,WR,LAR,Bench,0,0,5,2024
Trey Benson,Kode,RB,ARI,Bench,3.8,0,5,2024
Dolphins,Kode,D/ST,MIA,D/ST,6.5,7,5,2024
Rico Dowdle,Kode,RB,DAL,FLEX,10.4,19.4,5,2024
Greg Zuerlein,Kode,K,NYJ,K,7.4,5,5,2024
Caleb Williams,Kode,QB,CHI,QB,13.4,23.56,5,2024
Brian Robinson Jr.,Kode,RB,WSH,RB,15.7,13.8,5,2024
James Cook,Kode,RB,BUF,RB,15.5,17.9,5,2024
Noah Fant,Kode,TE,SEA,TE,5.9,5.4,5,2024
Dontayvion Wicks,Kode,WR,GB,WR,12.2,4,5,2024
Michael Pittman Jr.,Kode,WR,IND,WR,13.7,14.7,5,2024
Alexander Mattison,Mixon it (K)upp,RB,LV,Bench,11.3,10.1,5,2024
Dallas Goedert,Mixon it (K)upp,TE,PHI,Bench,0,0,5,2024
DeVonta Smith,Mixon it (K)upp,WR,PHI,Bench,0,0,5,2024
Jahmyr Gibbs,Mixon it (K)upp,RB,DET,Bench,0,0,5,2024
Jordan Addison,Mixon it (K)upp,WR,MIN,Bench,10.7,6.6,5,2024
Keon Coleman,Mixon it (K)upp,WR,BUF,Bench,9.8,11.9,5,2024
Ladd McConkey,Mixon it (K)upp,WR,LAC,Bench,0,0,5,2024
Raiders,Mixon it (K)upp,D/ST,LV,D/ST,5.2,4,5,2024
DJ Moore,Mixon it (K)upp,WR,CHI,FLEX,13.9,27.5,5,2024
T.J. Hockenson,Mixon it (K)upp,TE,MIN,IR,0,0,5,2024
Evan McPherson,Mixon it (K)upp,K,CIN,K,8.1,3,5,2024
Jayden Daniels,Mixon it (K)upp,QB,WSH,QB,23.2,19.72,5,2024
Rhamondre Stevenson,Mixon it (K)upp,RB,NE,RB,11.6,19.2,5,2024
Trey Sermon,Mixon it (K)upp,RB,IND,RB,12.4,18.3,5,2024
Colby Parkinson,Mixon it (K)upp,TE,LAR,TE,10.2,12.2,5,2024
Amari Cooper,Mixon it (K)upp,WR,CLE,WR,12.8,10,5,2024
Garrett Wilson,Mixon it (K)upp,WR,NYJ,WR,13.7,29.1,5,2024
Christian Watson,Njigbas Be Wildin,WR,GB,Bench,0,0,5,2024
Daniel Jones,Njigbas Be Wildin,QB,NYG,Bench,16.8,22.08,5,2024
Jauan Jennings,Njigbas Be Wildin,WR,SF,Bench,10.2,2.3,5,2024
Joe Mixon,Njigbas Be Wildin,RB,HOU,Bench,0,0,5,2024
Jordan Whittington,Njigbas Be Wildin,WR,LAR,Bench,10.9,15.9,5,2024
Ravens,Njigbas Be Wildin,D/ST,BAL,Bench,5,-1,5,2024
Sam LaPorta,Njigbas Be Wildin,TE,DET,Bench,0,0,5,2024
Broncos,Njigbas Be Wildin,D/ST,DEN,D/ST,7.6,15,5,2024
Wan'Dale Robinson,Njigbas Be Wildin,WR,NYG,FLEX,13.2,16,5,2024
Cooper Kupp,Njigbas Be Wildin,WR,LAR,IR,0,0,5,2024
Brandon Aubrey,Njigbas Be Wildin,K,DAL,K,8.1,9,5,2024
Patrick Mahomes,Njigbas Be Wildin,QB,KC,QB,15.7,13.44,5,2024
Najee Harris,Njigbas Be Wildin,RB,PIT,RB,15.4,9.7,5,2024
Zach Charbonnet,Njigbas Be Wildin,RB,SEA,RB,8.5,6,5,2024
Cole Kmet,Njigbas Be Wildin,TE,CHI,TE,7.5,8.7,5,2024
Courtland Sutton,Njigbas Be Wildin,WR,DEN,WR,11.4,5.2,5,2024
Tyreek Hill,Njigbas Be Wildin,WR,MIA,WR,13.1,12.9,5,2024
Allen Lazard,Reigning,WR,NYJ,Bench,7.8,13.4,5,2024
Andrei Iosivas,Reigning,WR,CIN,Bench,6.4,4.9,5,2024
Andy Dalton,Reigning,QB,CAR,Bench,12.8,3.74,5,2024
Braelon Allen,Reigning,RB,NYJ,Bench,8,3.8,5,2024
Jaylen Waddle,Reigning,WR,MIA,Bench,9.1,8.6,5,2024
Mark Andrews,Reigning,TE,BAL,Bench,5.6,9.5,5,2024
Tutu Atwell,Reigning,WR,LAR,Bench,11.4,12.5,5,2024
Patriots,Reigning,D/ST,NE,D/ST,6.1,9,5,2024
Javonte Williams,Reigning,RB,DEN,FLEX,12.7,16.1,5,2024
Christian McCaffrey,Reigning,RB,SF,IR,0,0,5,2024
Jake Moody,Reigning,K,SF,K,8.4,8,5,2024
Josh Allen,Reigning,QB,BUF,QB,20.4,14.64,5,2024
Aaron Jones,Reigning,RB,MIN,RB,17.7,6.3,5,2024
Jordan Mason,Reigning,RB,SF,RB,18.2,8.8,5,2024
Zach Ertz,Reigning,TE,WSH,TE,7.2,3,5,2024
Jayden Reed,Reigning,WR,GB,WR,15.4,13.7,5,2024
Nico Collins,Reigning,WR,HOU,WR,17.9,15.8,5,2024
Adam Thielen,Team Chieffo,WR,CAR,Bench,0,0,5,2024
Baker Mayfield,Team Chieffo,QB,TB,Bench,16.5,23.4,5,2024
Jalin Hyatt,Team Chieffo,WR,NYG,Bench,7.4,0,5,2024
Jameson Williams,Team Chieffo,WR,DET,Bench,0,0,5,2024
Rashee Rice,Team Chieffo,WR,KC,Bench,0,0,5,2024
Taysom Hill,Team Chieffo,TE,NO,Bench,0,0,5,2024
Tyler Allgeier,Team Chieffo,RB,ATL,Bench,7.5,5.5,5,2024
Browns,Team Chieffo,D/ST,CLE,D/ST,3.5,3,5,2024
Austin Ekeler,Team Chieffo,RB,WSH,FLEX,10.5,11.7,5,2024
Justin Tucker,Team Chieffo,K,BAL,K,8.4,13,5,2024
Geno Smith,Team Chieffo,QB,SEA,QB,17.3,22.56,5,2024
D'Andre Swift,Team Chieffo,RB,CHI,RB,15.4,20,5,2024
Kenneth Walker III,Team Chieffo,RB,SEA,RB,17.4,14.6,5,2024
Travis Kelce,Team Chieffo,TE,KC,TE,12.1,16,5,2024
DK Metcalf,Team Chieffo,WR,SEA,WR,15.1,7.5,5,2024
Ja'Marr Chase,Team Chieffo,WR,CIN,WR,16.2,41.3,5,2024
A.J. Brown,Under the InfluWentz,WR,PHI,Bench,0,0,5,2024
Brandin Cooks,Under the InfluWentz,WR,DAL,Bench,0,0,5,2024
C.J. Stroud,Under the InfluWentz,QB,HOU,Bench,17.6,15.94,5,2024
Jake Elliott,Under the InfluWentz,K,PHI,Bench,0,0,5,2024
Jakobi Meyers,Under the InfluWentz,WR,LV,Bench,11.7,13.2,5,2024
Nick Chubb,Under the InfluWentz,RB,CLE,Bench,0,0,5,2024
Zamir White,Under the InfluWentz,RB,LV,Bench,0,0,5,2024
49ers,Under the InfluWentz,D/ST,SF,D/ST,5.3,10,5,2024
Christian Kirk,Under the InfluWentz,WR,JAX,FLEX,12.6,12.8,5,2024
Isiah Pacheco,Under the InfluWentz,RB,KC,IR,0,0,5,2024
Austin Seibert,Under the InfluWentz,K,WSH,K,8.4,10,5,2024
Justin Fields,Under the InfluWentz,QB,PIT,QB,20.1,15.94,5,2024
Cam Akers,Under the InfluWentz,RB,HOU,RB,12.1,12.7,5,2024
Carson Steele,Under the InfluWentz,RB,KC,RB,7.3,1.2,5,2024
Jake Ferguson,Under the InfluWentz,TE,DAL,TE,11.9,13,5,2024
Drake London,Under the InfluWentz,WR,ATL,WR,15.3,33.4,5,2024
Zay Flowers,Under the InfluWentz,WR,BAL,WR,13.6,19,5,2024
Chase Brown,willimantic crack addicts,RB,CIN,Bench,9.1,16.4,5,2024
Hunter Henry,willimantic crack addicts,TE,NE,Bench,6.5,5.2,5,2024
Justice Hill,willimantic crack addicts,RB,BAL,Bench,8.8,3.5,5,2024
Quentin Johnston,willimantic crack addicts,WR,LAC,Bench,0,0,5,2024
Rome Odunze,willimantic crack addicts,WR,CHI,Bench,8.6,9,5,2024
Tee Higgins,willimantic crack addicts,WR,CIN,Bench,13,29.3,5,2024
Xavier Legette,willimantic crack addicts,WR,CAR,Bench,10.8,1.8,5,2024
Vikings,willimantic crack addicts,D/ST,MIN,D/ST,6.2,18,5,2024
Xavier Worthy,willimantic crack addicts,WR,KC,FLEX,11.4,11.8,5,2024
Tua Tagovailoa,willimantic crack addicts,QB,MIA,IR,0,0,5,2024
Ka'imi Fairbairn,willimantic crack addicts,K,HOU,K,8.1,16,5,2024
Joe Burrow,willimantic crack addicts,QB,CIN,QB,17.7,33.78,5,2024
Alvin Kamara,willimantic crack addicts,RB,NO,RB,19.6,12.6,5,2024
James Conner,willimantic crack addicts,RB,ARI,RB,13.1,14,5,2024
David Njoku,willimantic crack addicts,TE,CLE,TE,8.3,2.4,5,2024
CeeDee Lamb,willimantic crack addicts,WR,DAL,WR,20.9,11.4,5,2024
Stefon Diggs,willimantic crack addicts,WR,HOU,WR,13.8,14.2,5,2024
Aaron Rodgers,'fore i repeat it ima forget it,QB,NYJ,Bench,14.9,17.76,6,2024
Bucky Irving,'fore i repeat it ima forget it,RB,TB,Bench,13.8,18.5,6,2024
Keenan Allen,'fore i repeat it ima forget it,WR,CHI,Bench,9.7,21.1,6,2024
Khalil Shakir,'fore i repeat it ima forget it,WR,BUF,Bench,0,3.9,6,2024
Kyren Williams,'fore i repeat it ima forget it,RB,LAR,Bench,0,0,6,2024
Roschon Johnson,'fore i repeat it ima forget it,RB,CHI,Bench,7.6,5.3,6,2024
Tank Bigsby,'fore i repeat it ima forget it,RB,JAX,Bench,6.3,2.4,6,2024
Chargers,'fore i repeat it ima forget it,D/ST,LAC,D/ST,5.8,7,6,2024
Josh Downs,'fore i repeat it ima forget it,WR,IND,FLEX,13,19.5,6,2024
Jonathon Brooks,'fore i repeat it ima forget it,RB,CAR,IR,0,0,6,2024
Brayden Narveson,'fore i repeat it ima forget it,K,GB,K,7.7,10,6,2024
Anthony Richardson,'fore i repeat it ima forget it,QB,IND,QB,0,0,6,2024
Jahmyr Gibbs,'fore i repeat it ima forget it,RB,DET,RB,16.3,12.1,6,2024
Najee Harris,'fore i repeat it ima forget it,RB,PIT,RB,13.3,20.2,6,2024
Brock Bowers,'fore i repeat it ima forget it,TE,LV,TE,12.9,16.1,6,2024
Deebo Samuel Sr.,'fore i repeat it ima forget it,WR,SF,WR,16.3,20.7,6,2024
Garrett Wilson,'fore i repeat it ima forget it,WR,NYJ,WR,16.6,24.7,6,2024
Antonio Gibson,Amon a new Level,RB,NE,Bench,11.9,7.3,6,2024
Brock Purdy,Amon a new Level,QB,SF,Bench,19.2,24.1,6,2024
Calvin Ridley,Amon a new Level,WR,TEN,Bench,11.6,0.9,6,2024
Jaxon Smith-Njigba,Amon a new Level,WR,SEA,Bench,12.9,10.3,6,2024
Mike Gesicki,Amon a new Level,TE,CIN,Bench,6.2,0,6,2024
Rachaad White,Amon a new Level,RB,TB,Bench,0,0,6,2024
Rashod Bateman,Amon a new Level,WR,BAL,Bench,7.9,11.1,6,2024
Packers,Amon a new Level,D/ST,GB,D/ST,4.9,9,6,2024
Darnell Mooney,Amon a new Level,WR,ATL,FLEX,14.2,6.8,6,2024
Younghoe Koo,Amon a new Level,K,ATL,K,8.5,12,6,2024
Jalen Hurts,Amon a new Level,QB,PHI,QB,20,21.86,6,2024
Derrick Henry,Amon a new Level,RB,BAL,RB,18.2,25.2,6,2024
J.K. Dobbins,Amon a new Level,RB,LAC,RB,13.5,18.2,6,2024
George Kittle,Amon a new Level,TE,SF,TE,14.7,22.8,6,2024
Amon-Ra St. Brown,Amon a new Level,WR,DET,WR,17,13.7,6,2024
Terry McLaurin,Amon a new Level,WR,WSH,WR,16.7,23.3,6,2024
Davante Adams,Big Johnson,WR,LV,Bench,0,0,6,2024
Jared Goff,Big Johnson,QB,DET,Bench,14.4,25.1,6,2024
Pat Freiermuth,Big Johnson,TE,PIT,Bench,8.1,3.6,6,2024
Tucker Kraft,Big Johnson,TE,GB,Bench,9.7,3.5,6,2024
Ty Chandler,Big Johnson,RB,MIN,Bench,0,0,6,2024
Tyler Lockett,Big Johnson,WR,SEA,Bench,10.9,16.5,6,2024
Zack Moss,Big Johnson,RB,CIN,Bench,13.2,0.5,6,2024
Texans,Big Johnson,D/ST,HOU,D/ST,7.2,14,6,2024
Rashid Shaheed,Big Johnson,WR,NO,FLEX,12.5,8.3,6,2024
Chris Boswell,Big Johnson,K,PIT,K,8.2,17,6,2024
Lamar Jackson,Big Johnson,QB,BAL,QB,22.3,18.92,6,2024
Josh Jacobs,Big Johnson,RB,GB,RB,14.8,12,6,2024
Saquon Barkley,Big Johnson,RB,PHI,RB,19.2,7.4,6,2024
Kyle Pitts,Big Johnson,TE,ATL,TE,10.1,10,6,2024
Diontae Johnson,Big Johnson,WR,CAR,WR,15.1,19.8,6,2024
George Pickens,Big Johnson,WR,PIT,WR,13.3,8.3,6,2024
Curtis Samuel,Dyls belly,WR,BUF,Bench,6.9,7.4,6,2024
Jerry Jeudy,Dyls belly,WR,CLE,Bench,8.5,4.5,6,2024
Justin Jefferson,Dyls belly,WR,MIN,Bench,0,0,6,2024
Raheem Mostert,Dyls belly,RB,MIA,Bench,0,0,6,2024
Sam Darnold,Dyls belly,QB,MIN,Bench,0,0,6,2024
Travis Etienne Jr.,Dyls belly,RB,JAX,Bench,14,-0.1,6,2024
Tyler Conklin,Dyls belly,TE,NYJ,Bench,9,3,6,2024
Buccaneers,Dyls belly,D/ST,TB,D/ST,7.1,17,6,2024
Chris Godwin,Dyls belly,WR,TB,FLEX,15.8,35.5,6,2024
Cameron Dicker,Dyls belly,K,LAC,K,7.1,12,6,2024
Dak Prescott,Dyls belly,QB,DAL,QB,18.1,3.22,6,2024
David Montgomery,Dyls belly,RB,DET,RB,14.1,21,6,2024
Tony Pollard,Dyls belly,RB,TEN,RB,16.2,17.8,6,2024
Trey McBride,Dyls belly,TE,ARI,TE,12.5,17.6,6,2024
Brandon Aiyuk,Dyls belly,WR,SF,WR,15.2,5.7,6,2024
Romeo Doubs,Dyls belly,WR,GB,WR,10.3,19.9,6,2024
Chris Olave,Jah is gay,WR,NO,Bench,11.5,-0.5,6,2024
De'Von Achane,Jah is gay,RB,MIA,Bench,0,0,6,2024
DeAndre Hopkins,Jah is gay,WR,TEN,Bench,10.5,9.4,6,2024
Isaiah Likely,Jah is gay,TE,BAL,Bench,6.1,4.7,6,2024
Jake Bates,Jah is gay,K,DET,Bench,8.4,19,6,2024
Kyler Murray,Jah is gay,QB,ARI,Bench,17.8,11.96,6,2024
Mike Williams,Jah is gay,WR,NYJ,Bench,7.3,0,6,2024
Steelers,Jah is gay,D/ST,PIT,D/ST,5.9,14,6,2024
Brian Thomas Jr.,Jah is gay,WR,JAX,FLEX,13.5,5.7,6,2024
Matt Gay,Jah is gay,K,IND,K,7.7,8,6,2024
Kirk Cousins,Jah is gay,QB,ATL,QB,20.2,12.5,6,2024
Bijan Robinson,Jah is gay,RB,ATL,RB,18.2,25.5,6,2024
Tyjae Spears,Jah is gay,RB,TEN,RB,10.2,2.7,6,2024
Dalton Kincaid,Jah is gay,TE,BUF,TE,9.6,11.1,6,2024
Marvin Harrison Jr.,Jah is gay,WR,ARI,WR,14.5,0,6,2024
Tank Dell,Jah is gay,WR,HOU,WR,13,18.7,6,2024
Blake Corum,Kode,RB,LAR,Bench,0,0,6,2024
Brian Robinson Jr.,Kode,RB,WSH,Bench,0,0,6,2024
Jaylen Warren,Kode,RB,PIT,Bench,7.5,4.8,6,2024
Jonathan Taylor,Kode,RB,IND,Bench,0,0,6,2024
Malik Nabers,Kode,WR,NYG,Bench,0,0,6,2024
Puka Nacua,Kode,WR,LAR,Bench,0,0,6,2024
Trey Benson,Kode,RB,ARI,Bench,2.3,2.6,6,2024
Eagles,Kode,D/ST,PHI,D/ST,8.1,8,6,2024
Rico Dowdle,Kode,RB,DAL,FLEX,11.8,10.5,6,2024
Greg Zuerlein,Kode,K,NYJ,K,7.5,6,6,2024
Caleb Williams,Kode,QB,CHI,QB,14.9,28.64,6,2024
Devin Singletary,Kode,RB,NYG,RB,0,0,6,2024
James Cook,Kode,RB,BUF,RB,0,0,6,2024
Noah Fant,Kode,TE,SEA,TE,6.2,12.3,6,2024
Dontayvion Wicks,Kode,WR,GB,WR,8.7,1.9,6,2024
Michael Pittman Jr.,Kode,WR,IND,WR,13.7,12.5,6,2024
Alexander Mattison,Mixon it (K)upp,RB,LV,Bench,11.2,17.5,6,2024
Amari Cooper,Mixon it (K)upp,WR,CLE,Bench,11.7,8.2,6,2024
Jalen Tolbert,Mixon it (K)upp,WR,DAL,Bench,10.9,8.3,6,2024
Jordan Addison,Mixon it (K)upp,WR,MIN,Bench,0,0,6,2024
Keon Coleman,Mixon it (K)upp,WR,BUF,Bench,8.5,5.6,6,2024
Ladd McConkey,Mixon it (K)upp,WR,LAC,Bench,11,8.3,6,2024
Rhamondre Stevenson,Mixon it (K)upp,RB,NE,Bench,0,0,6,2024
Bills,Mixon it (K)upp,D/ST,BUF,D/ST,5.6,4,6,2024
DJ Moore,Mixon it (K)upp,WR,CHI,FLEX,14.8,6,6,2024
T.J. Hockenson,Mixon it (K)upp,TE,MIN,IR,0,0,6,2024
Evan McPherson,Mixon it (K)upp,K,CIN,K,8.1,5,6,2024
Jayden Daniels,Mixon it (K)upp,QB,WSH,QB,24.4,20.96,6,2024
Breece Hall,Mixon it (K)upp,RB,NYJ,RB,16.7,21.9,6,2024
Chuba Hubbard,Mixon it (K)upp,RB,CAR,RB,15.7,15.3,6,2024
Dallas Goedert,Mixon it (K)upp,TE,PHI,TE,9.5,0,6,2024
DeVonta Smith,Mixon it (K)upp,WR,PHI,WR,13.3,15.4,6,2024
Mike Evans,Mixon it (K)upp,WR,TB,WR,13.7,5.4,6,2024
Evan Engram,Njigbas Be Wildin,TE,JAX,Bench,9.2,18.2,6,2024
Kareem Hunt,Njigbas Be Wildin,RB,KC,Bench,0,0,6,2024
Patrick Mahomes,Njigbas Be Wildin,QB,KC,Bench,0,0,6,2024
Ray-Ray McCloud III,Njigbas Be Wildin,WR,ATL,Bench,10.3,4.3,6,2024
Trey Sermon,Njigbas Be Wildin,RB,IND,Bench,12.3,2.9,6,2024
Tyreek Hill,Njigbas Be Wildin,WR,MIA,Bench,0,0,6,2024
Zach Charbonnet,Njigbas Be Wildin,RB,SEA,Bench,8.3,4.5,6,2024
Broncos,Njigbas Be Wildin,D/ST,DEN,D/ST,6.1,2,6,2024
Jauan Jennings,Njigbas Be Wildin,WR,SF,FLEX,10.1,5.7,6,2024
Cooper Kupp,Njigbas Be Wildin,WR,LAR,IR,0,0,6,2024
Brandon Aubrey,Njigbas Be Wildin,K,DAL,K,8.3,12,6,2024
Jordan Love,Njigbas Be Wildin,QB,GB,QB,18.1,25.62,6,2024
Jerome Ford,Njigbas Be Wildin,RB,CLE,RB,11.2,1.4,6,2024
Joe Mixon,Njigbas Be Wildin,RB,HOU,RB,16.9,27.2,6,2024
Sam LaPorta,Njigbas Be Wildin,TE,DET,TE,10,12.2,6,2024
Courtland Sutton,Njigbas Be Wildin,WR,DEN,WR,12.1,15.3,6,2024
Wan'Dale Robinson,Njigbas Be Wildin,WR,NYG,WR,14.4,10,6,2024
Aaron Jones,Reigning,RB,MIN,Bench,0,0,6,2024
Andrei Iosivas,Reigning,WR,CIN,Bench,6.1,5.6,6,2024
Jake Moody,Reigning,K,SF,Bench,0,0,6,2024
Jaylen Waddle,Reigning,WR,MIA,Bench,0,0,6,2024
Mark Andrews,Reigning,TE,BAL,Bench,6.4,15.6,6,2024
Nico Collins,Reigning,WR,HOU,Bench,0,0,6,2024
Tutu Atwell,Reigning,WR,LAR,Bench,0,0,6,2024
Patriots,Reigning,D/ST,NE,D/ST,3.9,0,6,2024
Javonte Williams,Reigning,RB,DEN,FLEX,12.4,4.6,6,2024
Christian McCaffrey,Reigning,RB,SF,IR,0,0,6,2024
Chase McLaughlin,Reigning,K,TB,K,8.2,9,6,2024
Josh Allen,Reigning,QB,BUF,QB,18.1,24.4,6,2024
Braelon Allen,Reigning,RB,NYJ,RB,8,0.8,6,2024
Jordan Mason,Reigning,RB,SF,RB,14.2,9.2,6,2024
Zach Ertz,Reigning,TE,WSH,TE,9.5,10.8,6,2024
Allen Lazard,Reigning,WR,NYJ,WR,8.7,23.4,6,2024
Jayden Reed,Reigning,WR,GB,WR,14.8,14.8,6,2024
Baker Mayfield,Team Chieffo,QB,TB,Bench,17.4,25.9,6,2024
Jalin Hyatt,Team Chieffo,WR,NYG,Bench,6.4,1.6,6,2024
Jameson Williams,Team Chieffo,WR,DET,Bench,11,17.7,6,2024
Rashee Rice,Team Chieffo,WR,KC,Bench,0,0,6,2024
Taysom Hill,Team Chieffo,TE,NO,Bench,0,0,6,2024
Travis Kelce,Team Chieffo,TE,KC,Bench,0,0,6,2024
Tyler Allgeier,Team Chieffo,RB,ATL,Bench,8.2,19.8,6,2024
Browns,Team Chieffo,D/ST,CLE,D/ST,4.8,8,6,2024
Austin Ekeler,Team Chieffo,RB,WSH,FLEX,15.8,10.8,6,2024
Justin Tucker,Team Chieffo,K,BAL,K,8.4,13,6,2024
Geno Smith,Team Chieffo,QB,SEA,QB,17.8,12.48,6,2024
D'Andre Swift,Team Chieffo,RB,CHI,RB,17,21.9,6,2024
Kenneth Walker III,Team Chieffo,RB,SEA,RB,17.5,20.9,6,2024
Cade Otton,Team Chieffo,TE,TB,TE,8.6,9.5,6,2024
DK Metcalf,Team Chieffo,WR,SEA,WR,15,7.8,6,2024
Ja'Marr Chase,Team Chieffo,WR,CIN,WR,18.4,12.2,6,2024
Brandin Cooks,Under the InfluWentz,WR,DAL,Bench,0,0,6,2024
C.J. Stroud,Under the InfluWentz,QB,HOU,Bench,17.7,18.38,6,2024
Christian Kirk,Under the InfluWentz,WR,JAX,Bench,11.3,6.9,6,2024
Jake Elliott,Under the InfluWentz,K,PHI,Bench,8.1,9,6,2024
Jakobi Meyers,Under the InfluWentz,WR,LV,Bench,0,0,6,2024
Nick Chubb,Under the InfluWentz,RB,CLE,Bench,0,0,6,2024
Zamir White,Under the InfluWentz,RB,LV,Bench,0,0,6,2024
49ers,Under the InfluWentz,D/ST,SF,D/ST,5.8,6,6,2024
A.J. Brown,Under the InfluWentz,WR,PHI,FLEX,15.2,23.6,6,2024
Isiah Pacheco,Under the InfluWentz,RB,KC,IR,0,0,6,2024
Austin Seibert,Under the InfluWentz,K,WSH,K,8.4,14,6,2024
Justin Fields,Under the InfluWentz,QB,PIT,QB,19.3,23.7,6,2024
Jaleel McLaughlin,Under the InfluWentz,RB,DEN,RB,7.9,4.5,6,2024
Tyrone Tracy Jr.,Under the InfluWentz,RB,NYG,RB,12.3,22.7,6,2024
Jake Ferguson,Under the InfluWentz,TE,DAL,TE,11.6,4.1,6,2024
Drake London,Under the InfluWentz,WR,ATL,WR,19.6,19.4,6,2024
Zay Flowers,Under the InfluWentz,WR,BAL,WR,14,22.4,6,2024
Chase Brown,willimantic crack addicts,RB,CIN,Bench,11.3,14.4,6,2024
Hunter Henry,willimantic crack addicts,TE,NE,Bench,6.3,13.1,6,2024
Justice Hill,willimantic crack addicts,RB,BAL,Bench,8.5,1.4,6,2024
Quentin Johnston,willimantic crack addicts,WR,LAC,Bench,8.9,5.2,6,2024
Rome Odunze,willimantic crack addicts,WR,CHI,Bench,10.1,6,6,2024
Xavier Legette,willimantic crack addicts,WR,CAR,Bench,10.8,11.3,6,2024
Xavier Worthy,willimantic crack addicts,WR,KC,Bench,0,0,6,2024
Colts,willimantic crack addicts,D/ST,IND,D/ST,6.1,5,6,2024
Tee Higgins,willimantic crack addicts,WR,CIN,FLEX,14.7,14.7,6,2024
Tua Tagovailoa,willimantic crack addicts,QB,MIA,IR,0,0,6,2024
Ka'imi Fairbairn,willimantic crack addicts,K,HOU,K,8.3,11,6,2024
Joe Burrow,willimantic crack addicts,QB,CIN,QB,18.8,19.82,6,2024
Alvin Kamara,willimantic crack addicts,RB,NO,RB,19.3,17.4,6,2024
James Conner,willimantic crack addicts,RB,ARI,RB,14,6.6,6,2024
David Njoku,willimantic crack addicts,TE,CLE,TE,9.7,8.1,6,2024
CeeDee Lamb,willimantic crack addicts,WR,DAL,WR,19.1,16.1,6,2024
Stefon Diggs,willimantic crack addicts,WR,HOU,WR,15.3,19.7,6,2024
Anthony Richardson,'fore i repeat it ima forget it,QB,IND,Bench,18,8.76,7,2024
Bucky Irving,'fore i repeat it ima forget it,RB,TB,Bench,8.9,16.7,7,2024
Josh Downs,'fore i repeat it ima forget it,WR,IND,Bench,12,1.3,7,2024
Keenan Allen,'fore i repeat it ima forget it,WR,CHI,Bench,0,0,7,2024
Roschon Johnson,'fore i repeat it ima forget it,RB,CHI,Bench,0,0,7,2024
Trey Sermon,'fore i repeat it ima forget it,RB,IND,Bench,12.4,5.9,7,2024
Zack Moss,'fore i repeat it ima forget it,RB,CIN,Bench,11.1,7,7,2024
Rams,'fore i repeat it ima forget it,D/ST,LAR,D/ST,5.2,17,7,2024
Tank Bigsby,'fore i repeat it ima forget it,RB,JAX,FLEX,13.1,23.8,7,2024
Jonathon Brooks,'fore i repeat it ima forget it,RB,CAR,IR,0,0,7,2024
Will Reichard,'fore i repeat it ima forget it,K,MIN,K,7.8,15,7,2024
Sam Darnold,'fore i repeat it ima forget it,QB,MIN,QB,14.9,16.26,7,2024
Jahmyr Gibbs,'fore i repeat it ima forget it,RB,DET,RB,14.1,32,7,2024
Saquon Barkley,'fore i repeat it ima forget it,RB,PHI,RB,19,26.7,7,2024
Brock Bowers,'fore i repeat it ima forget it,TE,LV,TE,14.2,19.3,7,2024
Davante Adams,'fore i repeat it ima forget it,WR,NYJ,WR,15.6,6,7,2024
Deebo Samuel Sr.,'fore i repeat it ima forget it,WR,SF,WR,15,0,7,2024
Antonio Gibson,Amon a new Level,RB,NE,Bench,7.5,2.3,7,2024
Brock Purdy,Amon a new Level,QB,SF,Bench,18,17.18,7,2024
Calvin Ridley,Amon a new Level,WR,TEN,Bench,11.5,7.2,7,2024
Jaxon Smith-Njigba,Amon a new Level,WR,SEA,Bench,12.3,5.3,7,2024
Mike Gesicki,Amon a new Level,TE,CIN,Bench,4.7,1.2,7,2024
Rachaad White,Amon a new Level,RB,TB,Bench,11.1,29.1,7,2024
Rashod Bateman,Amon a new Level,WR,BAL,Bench,7.7,22.1,7,2024
Packers,Amon a new Level,D/ST,GB,D/ST,4.9,7,7,2024
Darnell Mooney,Amon a new Level,WR,ATL,FLEX,13.7,9.6,7,2024
Younghoe Koo,Amon a new Level,K,ATL,K,8.5,1,7,2024
Jalen Hurts,Amon a new Level,QB,PHI,QB,19.9,22.76,7,2024
Derrick Henry,Amon a new Level,RB,BAL,RB,17.3,25.2,7,2024
J.K. Dobbins,Amon a new Level,RB,LAC,RB,16.2,9.6,7,2024
George Kittle,Amon a new Level,TE,SF,TE,13.9,15.2,7,2024
Amon-Ra St. Brown,Amon a new Level,WR,DET,WR,15.2,25.2,7,2024
Terry McLaurin,Amon a new Level,WR,WSH,WR,16.3,15.8,7,2024
Jared Goff,Big Johnson,QB,DET,Bench,12.6,18.8,7,2024
JuJu Smith-Schuster,Big Johnson,WR,KC,Bench,10.9,0,7,2024
Najee Harris,Big Johnson,RB,PIT,Bench,13.1,16.2,7,2024
Tucker Kraft,Big Johnson,TE,GB,Bench,9.1,12.3,7,2024
Ty Chandler,Big Johnson,RB,MIN,Bench,4.9,0.4,7,2024
Tyler Lockett,Big Johnson,WR,SEA,Bench,11.1,8.5,7,2024
Bengals,Big Johnson,D/ST,CIN,D/ST,8.2,15,7,2024
George Pickens,Big Johnson,WR,PIT,FLEX,13.1,22.1,7,2024
Chris Boswell,Big Johnson,K,PIT,K,8,14,7,2024
Lamar Jackson,Big Johnson,QB,BAL,QB,20.9,34.44,7,2024
Josh Jacobs,Big Johnson,RB,GB,RB,13.4,20.2,7,2024
Kyren Williams,Big Johnson,RB,LAR,RB,22.5,19.6,7,2024
Kyle Pitts,Big Johnson,TE,ATL,TE,9.8,13.5,7,2024
Diontae Johnson,Big Johnson,WR,CAR,WR,17,2.7,7,2024
Garrett Wilson,Big Johnson,WR,NYJ,WR,16.1,13.1,7,2024
Dak Prescott,Dyls belly,QB,DAL,Bench,0,0,7,2024
Jerry Jeudy,Dyls belly,WR,CLE,Bench,9,2.8,7,2024
Romeo Doubs,Dyls belly,WR,GB,Bench,10.4,17.4,7,2024
Travis Etienne Jr.,Dyls belly,RB,JAX,Bench,0,0,7,2024
Trevor Lawrence,Dyls belly,QB,JAX,Bench,17.6,15.02,7,2024
Tyler Conklin,Dyls belly,TE,NYJ,Bench,6.9,10.7,7,2024
Jets,Dyls belly,D/ST,NYJ,D/ST,6.7,-5,7,2024
Chris Godwin,Dyls belly,WR,TB,FLEX,18.7,13.5,7,2024
Cameron Dicker,Dyls belly,K,LAC,K,8.1,21,7,2024
Drake Maye,Dyls belly,QB,NE,QB,15.5,20.84,7,2024
David Montgomery,Dyls belly,RB,DET,RB,12.6,8,7,2024
Tony Pollard,Dyls belly,RB,TEN,RB,16,8.5,7,2024
Trey McBride,Dyls belly,TE,ARI,TE,12.4,10.1,7,2024
Brandon Aiyuk,Dyls belly,WR,SF,WR,13.6,4.3,7,2024
Justin Jefferson,Dyls belly,WR,MIN,WR,18.4,21.4,7,2024
Chris Olave,Jah is gay,WR,NO,Bench,0,0,7,2024
DeAndre Hopkins,Jah is gay,WR,TEN,Bench,11,0.8,7,2024
Isaiah Likely,Jah is gay,TE,BAL,Bench,6,3.7,7,2024
Jake Bates,Jah is gay,K,DET,Bench,8,8,7,2024
Kyler Murray,Jah is gay,QB,ARI,Bench,18.3,20.2,7,2024
Mike Williams,Jah is gay,WR,NYJ,Bench,1.2,2.5,7,2024
Tyjae Spears,Jah is gay,RB,TEN,Bench,0,0,7,2024
Steelers,Jah is gay,D/ST,PIT,D/ST,6,8,7,2024
Brian Thomas Jr.,Jah is gay,WR,JAX,FLEX,12.4,22.1,7,2024
Matt Gay,Jah is gay,K,IND,K,7.9,12,7,2024
Kirk Cousins,Jah is gay,QB,ATL,QB,19.3,7.18,7,2024
Bijan Robinson,Jah is gay,RB,ATL,RB,19.9,23.3,7,2024
De'Von Achane,Jah is gay,RB,MIA,RB,14.5,10.5,7,2024
Dalton Kincaid,Jah is gay,TE,BUF,TE,9.4,8.2,7,2024
Marvin Harrison Jr.,Jah is gay,WR,ARI,WR,13.8,5.1,7,2024
Tank Dell,Jah is gay,WR,HOU,WR,14.6,0,7,2024
Blake Corum,Kode,RB,LAR,Bench,4.6,1.1,7,2024
Caleb Williams,Kode,QB,CHI,Bench,0,0,7,2024
Jaylen Warren,Kode,RB,PIT,Bench,9.5,7.9,7,2024
Jonathan Taylor,Kode,RB,IND,Bench,0,0,7,2024
Puka Nacua,Kode,WR,LAR,Bench,0,0,7,2024
Rico Dowdle,Kode,RB,DAL,Bench,0,0,7,2024
Trey Benson,Kode,RB,ARI,Bench,2.7,0,7,2024
Eagles,Kode,D/ST,PHI,D/ST,6.5,15,7,2024
Devin Singletary,Kode,RB,NYG,FLEX,8.7,3.1,7,2024
Greg Zuerlein,Kode,K,NYJ,K,7.5,0,7,2024
Bo Nix,Kode,QB,DEN,QB,17.2,14.06,7,2024
Brian Robinson Jr.,Kode,RB,WSH,RB,16.4,13.1,7,2024
James Cook,Kode,RB,BUF,RB,15.6,9.2,7,2024
Noah Fant,Kode,TE,SEA,TE,6.3,10.5,7,2024
Malik Nabers,Kode,WR,NYG,WR,19.6,8.1,7,2024
Michael Pittman Jr.,Kode,WR,IND,WR,11.7,9.3,7,2024
Alexander Mattison,Mixon it (K)upp,RB,LV,Bench,9.2,15.3,7,2024
D'Ernest Johnson,Mixon it (K)upp,RB,JAX,Bench,9.5,10,7,2024
DJ Moore,Mixon it (K)upp,WR,CHI,Bench,0,0,7,2024
DeMario Douglas,Mixon it (K)upp,WR,NE,Bench,10.2,3.4,7,2024
Jordan Addison,Mixon it (K)upp,WR,MIN,Bench,11.3,9.6,7,2024
Ladd McConkey,Mixon it (K)upp,WR,LAC,Bench,13.3,9.6,7,2024
Tre Tucker,Mixon it (K)upp,WR,LV,Bench,10.4,7.7,7,2024
Bills,Mixon it (K)upp,D/ST,BUF,D/ST,5.4,12,7,2024
DeVonta Smith,Mixon it (K)upp,WR,PHI,FLEX,14,0.8,7,2024
Dallas Goedert,Mixon it (K)upp,TE,PHI,IR,0,0,7,2024
Evan McPherson,Mixon it (K)upp,K,CIN,K,8.1,2,7,2024
Jayden Daniels,Mixon it (K)upp,QB,WSH,QB,25.2,5.24,7,2024
Breece Hall,Mixon it (K)upp,RB,NYJ,RB,16.2,26.1,7,2024
Chuba Hubbard,Mixon it (K)upp,RB,CAR,RB,15.9,11.2,7,2024
T.J. Hockenson,Mixon it (K)upp,TE,MIN,TE,0,0,7,2024
Drake London,Mixon it (K)upp,WR,ATL,WR,19.5,18.3,7,2024
Mike Evans,Mixon it (K)upp,WR,TB,WR,15.5,9.5,7,2024
Brandon Aubrey,Njigbas Be Wildin,K,DAL,Bench,0,0,7,2024
Cooper Kupp,Njigbas Be Wildin,WR,LAR,Bench,0,0,7,2024
Jauan Jennings,Njigbas Be Wildin,WR,SF,Bench,0,0,7,2024
Jerome Ford,Njigbas Be Wildin,RB,CLE,Bench,0,0,7,2024
Patrick Mahomes,Njigbas Be Wildin,QB,KC,Bench,15.8,12.06,7,2024
Sam LaPorta,Njigbas Be Wildin,TE,DET,Bench,8.2,3.5,7,2024
Zach Charbonnet,Njigbas Be Wildin,RB,SEA,Bench,8,1.9,7,2024
Broncos,Njigbas Be Wildin,D/ST,DEN,D/ST,8,21,7,2024
Wan'Dale Robinson,Njigbas Be Wildin,WR,NYG,FLEX,11.6,8.3,7,2024
Wil Lutz,Njigbas Be Wildin,K,DEN,K,7.4,18,7,2024
Jordan Love,Njigbas Be Wildin,QB,GB,QB,16.6,16.8,7,2024
Joe Mixon,Njigbas Be Wildin,RB,HOU,RB,15.5,26.4,7,2024
Kareem Hunt,Njigbas Be Wildin,RB,KC,RB,14.3,22.3,7,2024
Evan Engram,Njigbas Be Wildin,TE,JAX,TE,12,8.5,7,2024
Courtland Sutton,Njigbas Be Wildin,WR,DEN,WR,12.7,0,7,2024
Tyreek Hill,Njigbas Be Wildin,WR,MIA,WR,14.2,2.3,7,2024
Allen Lazard,Reigning,WR,NYJ,Bench,7.1,9.8,7,2024
Andrei Iosivas,Reigning,WR,CIN,Bench,6.4,0,7,2024
Braelon Allen,Reigning,RB,NYJ,Bench,5,1.6,7,2024
Jake Moody,Reigning,K,SF,Bench,0,0,7,2024
Mark Andrews,Reigning,TE,BAL,Bench,6.3,20.1,7,2024
Nico Collins,Reigning,WR,HOU,Bench,0,0,7,2024
Tutu Atwell,Reigning,WR,LAR,Bench,10.4,11.1,7,2024
Patriots,Reigning,D/ST,NE,D/ST,4.5,-2,7,2024
Javonte Williams,Reigning,RB,DEN,FLEX,12.8,26.1,7,2024
Christian McCaffrey,Reigning,RB,SF,IR,0,0,7,2024
Chase McLaughlin,Reigning,K,TB,K,8.6,4,7,2024
Josh Allen,Reigning,QB,BUF,QB,19.1,21.02,7,2024
Aaron Jones,Reigning,RB,MIN,RB,15.9,20.6,7,2024
Jordan Mason,Reigning,RB,SF,RB,13,8.9,7,2024
Zach Ertz,Reigning,TE,WSH,TE,9,14,7,2024
Jayden Reed,Reigning,WR,GB,WR,14.7,3,7,2024
Jaylen Waddle,Reigning,WR,MIA,WR,9.9,2.1,7,2024
Cade Otton,Team Chieffo,TE,TB,Bench,9.8,18,7,2024
D'Andre Swift,Team Chieffo,RB,CHI,Bench,0,0,7,2024
Geno Smith,Team Chieffo,QB,SEA,Bench,17.2,17.78,7,2024
Jalin Hyatt,Team Chieffo,WR,NYG,Bench,0.9,0,7,2024
Rashee Rice,Team Chieffo,WR,KC,Bench,0,0,7,2024
Taysom Hill,Team Chieffo,TE,NO,Bench,0,0,7,2024
Tyler Allgeier,Team Chieffo,RB,ATL,Bench,10,5.5,7,2024
Browns,Team Chieffo,D/ST,CLE,D/ST,3.8,5,7,2024
Jameson Williams,Team Chieffo,WR,DET,FLEX,10.4,0.6,7,2024
Justin Tucker,Team Chieffo,K,BAL,K,8.2,13,7,2024
Baker Mayfield,Team Chieffo,QB,TB,QB,19.3,27,7,2024
Austin Ekeler,Team Chieffo,RB,WSH,RB,10.4,4,7,2024
Kenneth Walker III,Team Chieffo,RB,SEA,RB,18.3,23.3,7,2024
Travis Kelce,Team Chieffo,TE,KC,TE,13,5.7,7,2024
DK Metcalf,Team Chieffo,WR,SEA,WR,15.2,19.9,7,2024
Ja'Marr Chase,Team Chieffo,WR,CIN,WR,18.1,17.6,7,2024
Christian Kirk,Under the InfluWentz,WR,JAX,Bench,10.8,3.4,7,2024
Jake Ferguson,Under the InfluWentz,TE,DAL,Bench,0,0,7,2024
Jakobi Meyers,Under the InfluWentz,WR,LV,Bench,0,0,7,2024
Justin Fields,Under the InfluWentz,QB,PIT,Bench,0.9,0,7,2024
Keon Coleman,Under the InfluWentz,WR,BUF,Bench,5.1,16.5,7,2024
Nick Chubb,Under the InfluWentz,RB,CLE,Bench,7.8,10.2,7,2024
Tyrone Tracy Jr.,Under the InfluWentz,RB,NYG,Bench,8.2,6.2,7,2024
49ers,Under the InfluWentz,D/ST,SF,D/ST,5.2,5,7,2024
Amari Cooper,Under the InfluWentz,WR,BUF,FLEX,11.1,16.6,7,2024
Isiah Pacheco,Under the InfluWentz,RB,KC,IR,0,0,7,2024
Austin Seibert,Under the InfluWentz,K,WSH,K,8.8,17,7,2024
C.J. Stroud,Under the InfluWentz,QB,HOU,QB,16.7,5.34,7,2024
Rhamondre Stevenson,Under the InfluWentz,RB,NE,RB,15,4.5,7,2024
Zamir White,Under the InfluWentz,RB,LV,RB,9.2,3.7,7,2024
Dalton Schultz,Under the InfluWentz,TE,HOU,TE,9.4,3.8,7,2024
A.J. Brown,Under the InfluWentz,WR,PHI,WR,16.9,19.9,7,2024
Zay Flowers,Under the InfluWentz,WR,BAL,WR,14.7,4,7,2024
CeeDee Lamb,willimantic crack addicts,WR,DAL,Bench,0,0,7,2024
Chase Brown,willimantic crack addicts,RB,CIN,Bench,13.2,7.3,7,2024
Hunter Henry,willimantic crack addicts,TE,NE,Bench,8.2,17.2,7,2024
Justice Hill,willimantic crack addicts,RB,BAL,Bench,7.3,13.8,7,2024
Quentin Johnston,willimantic crack addicts,WR,LAC,Bench,0,0,7,2024
Rome Odunze,willimantic crack addicts,WR,CHI,Bench,0,0,7,2024
Xavier Legette,willimantic crack addicts,WR,CAR,Bench,10.2,2.9,7,2024
Colts,willimantic crack addicts,D/ST,IND,D/ST,6.2,9,7,2024
Tee Higgins,willimantic crack addicts,WR,CIN,FLEX,14.6,18.2,7,2024
Tua Tagovailoa,willimantic crack addicts,QB,MIA,IR,0,0,7,2024
Ka'imi Fairbairn,willimantic crack addicts,K,HOU,K,7.9,12,7,2024
Joe Burrow,willimantic crack addicts,QB,CIN,QB,19.3,14.94,7,2024
Alvin Kamara,willimantic crack addicts,RB,NO,RB,18.2,8.4,7,2024
James Conner,willimantic crack addicts,RB,ARI,RB,15,17.2,7,2024
David Njoku,willimantic crack addicts,TE,CLE,TE,10.4,23.6,7,2024
Stefon Diggs,willimantic crack addicts,WR,HOU,WR,15,7.3,7,2024
Xavier Worthy,willimantic crack addicts,WR,KC,WR,10.9,5.4,7,2024
Anthony Richardson,'fore i repeat it ima forget it,QB,IND,Bench,14.7,11.5,8,2024
Bucky Irving,'fore i repeat it ima forget it,RB,TB,Bench,10.4,15.4,8,2024
Jalen McMillan,'fore i repeat it ima forget it,WR,TB,Bench,10.2,9.2,8,2024
Josh Downs,'fore i repeat it ima forget it,WR,IND,Bench,9.1,22.2,8,2024
Keenan Allen,'fore i repeat it ima forget it,WR,CHI,Bench,11.1,5.9,8,2024
Ray Davis,'fore i repeat it ima forget it,RB,BUF,Bench,4.9,2.9,8,2024
Zack Moss,'fore i repeat it ima forget it,RB,CIN,Bench,10.1,7.9,8,2024
Jets,'fore i repeat it ima forget it,D/ST,NYJ,D/ST,7.1,4,8,2024
Tank Bigsby,'fore i repeat it ima forget it,RB,JAX,FLEX,12.3,10.6,8,2024
Jonathon Brooks,'fore i repeat it ima forget it,RB,CAR,IR,0,0,8,2024
Brandon McManus,'fore i repeat it ima forget it,K,GB,K,8.1,12,8,2024
Sam Darnold,'fore i repeat it ima forget it,QB,MIN,QB,16.6,18.2,8,2024
Jahmyr Gibbs,'fore i repeat it ima forget it,RB,DET,RB,17.3,20.3,8,2024
Saquon Barkley,'fore i repeat it ima forget it,RB,PHI,RB,18.6,12.1,8,2024
Brock Bowers,'fore i repeat it ima forget it,TE,LV,TE,12.5,10.8,8,2024
Davante Adams,'fore i repeat it ima forget it,WR,NYJ,WR,16.2,9.4,8,2024
Deebo Samuel Sr.,'fore i repeat it ima forget it,WR,SF,WR,16.3,12.6,8,2024
Antonio Gibson,Amon a new Level,RB,NE,Bench,5.8,0.7,8,2024
Calvin Ridley,Amon a new Level,WR,TEN,Bench,10.9,22.6,8,2024
Cole Kmet,Amon a new Level,TE,CHI,Bench,9.5,4.4,8,2024
Jalen Hurts,Amon a new Level,QB,PHI,Bench,19.6,35.14,8,2024
Rachaad White,Amon a new Level,RB,TB,Bench,12.5,15.7,8,2024
Rashod Bateman,Amon a new Level,WR,BAL,Bench,7.6,3.8,8,2024
Terry McLaurin,Amon a new Level,WR,WSH,Bench,14.9,17.5,8,2024
Packers,Amon a new Level,D/ST,GB,D/ST,5.7,4,8,2024
Darnell Mooney,Amon a new Level,WR,ATL,FLEX,13.7,18.6,8,2024
Younghoe Koo,Amon a new Level,K,ATL,K,8,6,8,2024
Brock Purdy,Amon a new Level,QB,SF,QB,20.2,26,8,2024
Derrick Henry,Amon a new Level,RB,BAL,RB,18,14.7,8,2024
J.K. Dobbins,Amon a new Level,RB,LAC,RB,17.5,16.8,8,2024
George Kittle,Amon a new Level,TE,SF,TE,15.1,24.8,8,2024
Amon-Ra St. Brown,Amon a new Level,WR,DET,WR,16.9,8.7,8,2024
Jaxon Smith-Njigba,Amon a new Level,WR,SEA,WR,13.8,12.9,8,2024
Diontae Johnson,Big Johnson,WR,CAR,Bench,0,0,8,2024
Jared Goff,Big Johnson,QB,DET,Bench,14.6,15.5,8,2024
JuJu Smith-Schuster,Big Johnson,WR,KC,Bench,0,0,8,2024
Tucker Kraft,Big Johnson,TE,GB,Bench,10.6,16.8,8,2024
Ty Chandler,Big Johnson,RB,MIN,Bench,4.9,0,8,2024
Tyler Lockett,Big Johnson,WR,SEA,Bench,13.4,1.9,8,2024
Ravens,Big Johnson,D/ST,BAL,D/ST,6.8,0,8,2024
Najee Harris,Big Johnson,RB,PIT,FLEX,16.6,16.1,8,2024
Chris Boswell,Big Johnson,K,PIT,K,8.5,14,8,2024
Lamar Jackson,Big Johnson,QB,BAL,QB,22.5,24.16,8,2024
Josh Jacobs,Big Johnson,RB,GB,RB,15.4,25.5,8,2024
Kyren Williams,Big Johnson,RB,LAR,RB,17,22.6,8,2024
Kyle Pitts,Big Johnson,TE,ATL,TE,10.2,25.1,8,2024
Garrett Wilson,Big Johnson,WR,NYJ,WR,16.2,16.3,8,2024
George Pickens,Big Johnson,WR,PIT,WR,14.1,11.4,8,2024
Dak Prescott,Dyls belly,QB,DAL,Bench,16.2,13.62,8,2024
JaMycal Hasty,Dyls belly,RB,NE,Bench,2.4,0,8,2024
Jalen Tolbert,Dyls belly,WR,DAL,Bench,9.5,7.4,8,2024
Jerry Jeudy,Dyls belly,WR,CLE,Bench,9.7,12.9,8,2024
Travis Etienne Jr.,Dyls belly,RB,JAX,Bench,0,0,8,2024
Tyler Conklin,Dyls belly,TE,NYJ,Bench,6.5,13.2,8,2024
Chargers,Dyls belly,D/ST,LAC,D/ST,8.2,8,8,2024
Sterling Shepard,Dyls belly,WR,TB,FLEX,8.5,4.8,8,2024
Chris Godwin,Dyls belly,WR,TB,IR,0,0,8,2024
Cameron Dicker,Dyls belly,K,LAC,K,8.3,9,8,2024
Drake Maye,Dyls belly,QB,NE,QB,14.3,11.52,8,2024
David Montgomery,Dyls belly,RB,DET,RB,15,14.92,8,2024
Tony Pollard,Dyls belly,RB,TEN,RB,15.6,14.7,8,2024
Trey McBride,Dyls belly,TE,ARI,TE,11.8,21.4,8,2024
Justin Jefferson,Dyls belly,WR,MIN,WR,18,19.5,8,2024
Romeo Doubs,Dyls belly,WR,GB,WR,12.7,10.2,8,2024
Chris Olave,Jah is gay,WR,NO,Bench,12,18.7,8,2024
DeAndre Hopkins,Jah is gay,WR,KC,Bench,10,4.9,8,2024
Isaiah Likely,Jah is gay,TE,BAL,Bench,6.8,8.7,8,2024
Jake Bates,Jah is gay,K,DET,Bench,8.8,12,8,2024
Kirk Cousins,Jah is gay,QB,ATL,Bench,16.6,28.64,8,2024
Mike Williams,Jah is gay,WR,NYJ,Bench,7,0,8,2024
Tyjae Spears,Jah is gay,RB,TEN,Bench,0,0,8,2024
Steelers,Jah is gay,D/ST,PIT,D/ST,7.7,13,8,2024
Brian Thomas Jr.,Jah is gay,WR,JAX,FLEX,13.8,15,8,2024
Matt Gay,Jah is gay,K,IND,K,7.5,9,8,2024
Kyler Murray,Jah is gay,QB,ARI,QB,18.1,22.18,8,2024
Bijan Robinson,Jah is gay,RB,ATL,RB,20.5,23.6,8,2024
De'Von Achane,Jah is gay,RB,MIA,RB,17.9,26.7,8,2024
Dalton Kincaid,Jah is gay,TE,BUF,TE,11.6,13.1,8,2024
Marvin Harrison Jr.,Jah is gay,WR,ARI,WR,13,23.1,8,2024
Tank Dell,Jah is gay,WR,HOU,WR,13.3,13.5,8,2024
Blake Corum,Kode,RB,LAR,Bench,3.6,2.8,8,2024
Caleb Williams,Kode,QB,CHI,Bench,15.9,9.94,8,2024
Devin Singletary,Kode,RB,NYG,Bench,5.1,4.3,8,2024
Jaylen Warren,Kode,RB,PIT,Bench,12.8,7.9,8,2024
Puka Nacua,Kode,WR,LAR,Bench,10.4,18.1,8,2024
Rico Dowdle,Kode,RB,DAL,Bench,0,0,8,2024
Trey Benson,Kode,RB,ARI,Bench,2.1,1,8,2024
Eagles,Kode,D/ST,PHI,D/ST,5.6,8,8,2024
Brian Robinson Jr.,Kode,RB,WSH,FLEX,15.4,8.6,8,2024
Greg Zuerlein,Kode,K,NYJ,K,7.5,3,8,2024
Bo Nix,Kode,QB,DEN,QB,18.2,29.76,8,2024
James Cook,Kode,RB,BUF,RB,16.1,28.3,8,2024
Jonathan Taylor,Kode,RB,IND,RB,16.6,18.7,8,2024
Noah Fant,Kode,TE,SEA,TE,7.7,5.2,8,2024
Malik Nabers,Kode,WR,NYG,WR,18.8,14.1,8,2024
Michael Pittman Jr.,Kode,WR,IND,WR,10.3,2.6,8,2024
Alexander Mattison,Mixon it (K)upp,RB,LV,Bench,10.1,9.4,8,2024
Dallas Goedert,Mixon it (K)upp,TE,PHI,Bench,0,0,8,2024
DeVonta Smith,Mixon it (K)upp,WR,PHI,Bench,12.9,20.5,8,2024
Jordan Addison,Mixon it (K)upp,WR,MIN,Bench,10.5,4.2,8,2024
Justin Herbert,Mixon it (K)upp,QB,LAC,Bench,17.3,24.06,8,2024
Khalil Shakir,Mixon it (K)upp,WR,BUF,Bench,11.4,19.9,8,2024
T.J. Hockenson,Mixon it (K)upp,TE,MIN,Bench,0,0,8,2024
Vikings,Mixon it (K)upp,D/ST,MIN,D/ST,7.1,0,8,2024
Ladd McConkey,Mixon it (K)upp,WR,LAC,FLEX,12.9,29.1,8,2024
Mike Evans,Mixon it (K)upp,WR,TB,IR,0,0,8,2024
Evan McPherson,Mixon it (K)upp,K,CIN,K,7.9,4,8,2024
Jayden Daniels,Mixon it (K)upp,QB,WSH,QB,22.9,22.24,8,2024
Breece Hall,Mixon it (K)upp,RB,NYJ,RB,19.7,9.9,8,2024
Chuba Hubbard,Mixon it (K)upp,RB,CAR,RB,13.7,9.1,8,2024
Jonnu Smith,Mixon it (K)upp,TE,MIA,TE,8.1,6,8,2024
DJ Moore,Mixon it (K)upp,WR,CHI,WR,15.6,5.4,8,2024
Drake London,Mixon it (K)upp,WR,ATL,WR,17.5,7.4,8,2024
Jauan Jennings,Njigbas Be Wildin,WR,SF,Bench,0,0,8,2024
Patrick Mahomes,Njigbas Be Wildin,QB,KC,Bench,14.2,18.18,8,2024
Raheem Mostert,Njigbas Be Wildin,RB,MIA,Bench,9,16,8,2024
Sam LaPorta,Njigbas Be Wildin,TE,DET,Bench,8.4,16.8,8,2024
Wan'Dale Robinson,Njigbas Be Wildin,WR,NYG,Bench,12.2,8,8,2024
Wil Lutz,Njigbas Be Wildin,K,DEN,Bench,7.9,4,8,2024
Zach Charbonnet,Njigbas Be Wildin,RB,SEA,Bench,7.8,11.4,8,2024
Broncos,Njigbas Be Wildin,D/ST,DEN,D/ST,8,9,8,2024
Courtland Sutton,Njigbas Be Wildin,WR,DEN,FLEX,11.3,17.12,8,2024
Brandon Aubrey,Njigbas Be Wildin,K,DAL,K,7.9,6,8,2024
Jordan Love,Njigbas Be Wildin,QB,GB,QB,19.3,5.74,8,2024
Joe Mixon,Njigbas Be Wildin,RB,HOU,RB,19,23.4,8,2024
Kareem Hunt,Njigbas Be Wildin,RB,KC,RB,16.3,13.3,8,2024
Evan Engram,Njigbas Be Wildin,TE,JAX,TE,12.3,13.6,8,2024
Cooper Kupp,Njigbas Be Wildin,WR,LAR,WR,14.9,16.1,8,2024
Tyreek Hill,Njigbas Be Wildin,WR,MIA,WR,18.2,13.2,8,2024
Aaron Rodgers,Reigning,QB,NYJ,Bench,17.2,17.32,8,2024
Allen Lazard,Reigning,WR,NYJ,Bench,0,0,8,2024
Braelon Allen,Reigning,RB,NYJ,Bench,5,9.2,8,2024
Mark Andrews,Reigning,TE,BAL,Bench,8.2,14.6,8,2024
Nico Collins,Reigning,WR,HOU,Bench,0,0,8,2024
Ricky Pearsall,Reigning,WR,SF,Bench,9.1,11.7,8,2024
Tutu Atwell,Reigning,WR,LAR,Bench,3.3,2.8,8,2024
Chiefs,Reigning,D/ST,KC,D/ST,8.5,9,8,2024
Javonte Williams,Reigning,RB,DEN,FLEX,15,9.2,8,2024
Christian McCaffrey,Reigning,RB,SF,IR,0,0,8,2024
Chase McLaughlin,Reigning,K,TB,K,8.4,8,8,2024
Josh Allen,Reigning,QB,BUF,QB,23.7,19.82,8,2024
Aaron Jones,Reigning,RB,MIN,RB,18,11.5,8,2024
Jordan Mason,Reigning,RB,SF,RB,16,1.8,8,2024
Zach Ertz,Reigning,TE,WSH,TE,9.1,14.7,8,2024
Jayden Reed,Reigning,WR,GB,WR,15.3,7.5,8,2024
Jaylen Waddle,Reigning,WR,MIA,WR,13.6,8.5,8,2024
Cade Otton,Team Chieffo,TE,TB,Bench,10.5,29.1,8,2024
DK Metcalf,Team Chieffo,WR,SEA,Bench,0,0,8,2024
Geno Smith,Team Chieffo,QB,SEA,Bench,17.9,8.08,8,2024
Jalin Hyatt,Team Chieffo,WR,NYG,Bench,1.9,0,8,2024
Jameson Williams,Team Chieffo,WR,DET,Bench,0,0,8,2024
Taysom Hill,Team Chieffo,TE,NO,Bench,6.3,6.22,8,2024
Tyler Allgeier,Team Chieffo,RB,ATL,Bench,8.1,3.3,8,2024
Browns,Team Chieffo,D/ST,CLE,D/ST,2.8,2,8,2024
D'Andre Swift,Team Chieffo,RB,CHI,FLEX,16.8,18.9,8,2024
Justin Tucker,Team Chieffo,K,BAL,K,8.6,6,8,2024
Baker Mayfield,Team Chieffo,QB,TB,QB,17.7,22.3,8,2024
Austin Ekeler,Team Chieffo,RB,WSH,RB,9.3,7.8,8,2024
Kenneth Walker III,Team Chieffo,RB,SEA,RB,17.7,8.5,8,2024
Travis Kelce,Team Chieffo,TE,KC,TE,10.7,25,8,2024
Cedric Tillman,Team Chieffo,WR,CLE,WR,9.5,28.9,8,2024
Ja'Marr Chase,Team Chieffo,WR,CIN,WR,18.7,20.4,8,2024
Christian Kirk,Under the InfluWentz,WR,JAX,Bench,9,7.9,8,2024
Jake Ferguson,Under the InfluWentz,TE,DAL,Bench,10.4,8.3,8,2024
Jakobi Meyers,Under the InfluWentz,WR,LV,Bench,10.6,17.2,8,2024
Justin Fields,Under the InfluWentz,QB,PIT,Bench,0,0,8,2024
Keon Coleman,Under the InfluWentz,WR,BUF,Bench,10.1,18,8,2024
Tyrone Tracy Jr.,Under the InfluWentz,RB,NYG,Bench,9.9,23,8,2024
Zamir White,Under the InfluWentz,RB,LV,Bench,3.3,-0.1,8,2024
49ers,Under the InfluWentz,D/ST,SF,D/ST,6.4,8,8,2024
Amari Cooper,Under the InfluWentz,WR,BUF,FLEX,13.8,1.3,8,2024
Isiah Pacheco,Under the InfluWentz,RB,KC,IR,0,0,8,2024
Austin Seibert,Under the InfluWentz,K,WSH,K,8.5,12,8,2024
C.J. Stroud,Under the InfluWentz,QB,HOU,QB,16.4,12.4,8,2024
Nick Chubb,Under the InfluWentz,RB,CLE,RB,12.2,5.2,8,2024
Rhamondre Stevenson,Under the InfluWentz,RB,NE,RB,12.5,23.5,8,2024
Dalton Schultz,Under the InfluWentz,TE,HOU,TE,8.2,9.2,8,2024
A.J. Brown,Under the InfluWentz,WR,PHI,WR,16.8,13.4,8,2024
Zay Flowers,Under the InfluWentz,WR,BAL,WR,13.2,18.5,8,2024
Chase Brown,willimantic crack addicts,RB,CIN,Bench,11.5,11.4,8,2024
Hunter Henry,willimantic crack addicts,TE,NE,Bench,10.1,9.5,8,2024
Justice Hill,willimantic crack addicts,RB,BAL,Bench,6.9,2.9,8,2024
Quentin Johnston,willimantic crack addicts,WR,LAC,Bench,0,0,8,2024
Rome Odunze,willimantic crack addicts,WR,CHI,Bench,9.4,8.4,8,2024
Xavier Legette,willimantic crack addicts,WR,CAR,Bench,8.9,13.4,8,2024
Xavier Worthy,willimantic crack addicts,WR,KC,Bench,9.7,13.7,8,2024
Colts,willimantic crack addicts,D/ST,IND,D/ST,4.8,3,8,2024
Tee Higgins,willimantic crack addicts,WR,CIN,FLEX,0,0,8,2024
Tua Tagovailoa,willimantic crack addicts,QB,MIA,IR,17.4,14.66,8,2024
Ka'imi Fairbairn,willimantic crack addicts,K,HOU,K,8.1,11,8,2024
Joe Burrow,willimantic crack addicts,QB,CIN,QB,18,12.86,8,2024
Alvin Kamara,willimantic crack addicts,RB,NO,RB,17,18.2,8,2024
James Conner,willimantic crack addicts,RB,ARI,RB,15.8,14.9,8,2024
David Njoku,willimantic crack addicts,TE,CLE,TE,13.3,17.1,8,2024
CeeDee Lamb,willimantic crack addicts,WR,DAL,WR,18.9,39.6,8,2024
Stefon Diggs,willimantic crack addicts,WR,HOU,WR,14.2,12.7,8,2024
Bucky Irving,'fore i repeat it ima forget it,RB,TB,Bench,9.4,6.4,9,2024
Christian Watson,'fore i repeat it ima forget it,WR,GB,Bench,10.4,8.7,9,2024
Deebo Samuel Sr.,'fore i repeat it ima forget it,WR,SF,Bench,0,0,9,2024
Jalen McMillan,'fore i repeat it ima forget it,WR,TB,Bench,10.5,0,9,2024
Rome Odunze,'fore i repeat it ima forget it,WR,CHI,Bench,9.9,15.4,9,2024
Tank Bigsby,'fore i repeat it ima forget it,RB,JAX,Bench,7.4,2.2,9,2024
Zack Moss,'fore i repeat it ima forget it,RB,CIN,Bench,0,0,9,2024
Saints,'fore i repeat it ima forget it,D/ST,NO,D/ST,6.1,5,9,2024
Josh Downs,'fore i repeat it ima forget it,WR,IND,FLEX,12.7,12,9,2024
Jonathon Brooks,'fore i repeat it ima forget it,RB,CAR,IR,0,0,9,2024
Brandon McManus,'fore i repeat it ima forget it,K,GB,K,7.8,5,9,2024
Sam Darnold,'fore i repeat it ima forget it,QB,MIN,QB,17.2,19,9,2024
Jahmyr Gibbs,'fore i repeat it ima forget it,RB,DET,RB,16.9,14.6,9,2024
Saquon Barkley,'fore i repeat it ima forget it,RB,PHI,RB,19.8,32.9,9,2024
Brock Bowers,'fore i repeat it ima forget it,TE,LV,TE,13.1,15.5,9,2024
Davante Adams,'fore i repeat it ima forget it,WR,NYJ,WR,13.1,22.1,9,2024
Keenan Allen,'fore i repeat it ima forget it,WR,CHI,WR,11,7.6,9,2024
Antonio Gibson,Amon a new Level,RB,NE,Bench,5.7,2.1,9,2024
Brock Purdy,Amon a new Level,QB,SF,Bench,0,0,9,2024
Calvin Ridley,Amon a new Level,WR,TEN,Bench,12.2,12.3,9,2024
George Kittle,Amon a new Level,TE,SF,Bench,0,0,9,2024
Jaxon Smith-Njigba,Amon a new Level,WR,SEA,Bench,13.5,37,9,2024
Packers,Amon a new Level,D/ST,GB,D/ST,4,3,9,2024
Terry McLaurin,Amon a new Level,WR,WSH,FLEX,15.3,15.9,9,2024
Younghoe Koo,Amon a new Level,K,ATL,K,8.3,3,9,2024
Jalen Hurts,Amon a new Level,QB,PHI,QB,23.8,29.9,9,2024
Derrick Henry,Amon a new Level,RB,BAL,RB,16.9,26.3,9,2024
J.K. Dobbins,Amon a new Level,RB,LAC,RB,16.3,24.5,9,2024
Cole Kmet,Amon a new Level,TE,CHI,TE,8.1,0,9,2024
Amon-Ra St. Brown,Amon a new Level,WR,DET,WR,18.1,18.6,9,2024
CeeDee Lamb,Amon a new Level,WR,DAL,WR,21.3,16.2,9,2024
Chris Boswell,Big Johnson,K,PIT,Bench,0,0,9,2024
George Pickens,Big Johnson,WR,PIT,Bench,0,0,9,2024
Jared Goff,Big Johnson,QB,DET,Bench,15,9.6,9,2024
Najee Harris,Big Johnson,RB,PIT,Bench,0,0,9,2024
Ty Chandler,Big Johnson,RB,MIN,Bench,3.6,0,9,2024
Commanders,Big Johnson,D/ST,WSH,D/ST,7.1,4,9,2024
Diontae Johnson,Big Johnson,WR,BAL,FLEX,6.2,0,9,2024
Adam Thielen,Big Johnson,WR,CAR,IR,0,0,9,2024
Harrison Butker,Big Johnson,K,KC,K,8.4,7,9,2024
Lamar Jackson,Big Johnson,QB,BAL,QB,21.6,23.6,9,2024
Josh Jacobs,Big Johnson,RB,GB,RB,14.6,12.8,9,2024
Kyren Williams,Big Johnson,RB,LAR,RB,20.6,10.5,9,2024
Kyle Pitts,Big Johnson,TE,ATL,TE,11.6,2.1,9,2024
DeVonta Smith,Big Johnson,WR,PHI,WR,13.9,18.7,9,2024
Garrett Wilson,Big Johnson,WR,NYJ,WR,14.2,30,9,2024
Drake Maye,Dyls belly,QB,NE,Bench,13.2,15.74,9,2024
Gabe Davis,Dyls belly,WR,JAX,Bench,0,0,9,2024
Jalen Tolbert,Dyls belly,WR,DAL,Bench,8.9,10.9,9,2024
Travis Etienne Jr.,Dyls belly,RB,JAX,Bench,11.5,5,9,2024
Tyler Conklin,Dyls belly,TE,NYJ,Bench,6.3,0.7,9,2024
Texans,Dyls belly,D/ST,HOU,D/ST,7.2,4,9,2024
Jerry Jeudy,Dyls belly,WR,CLE,FLEX,10.4,14.3,9,2024
Chris Godwin,Dyls belly,WR,TB,IR,0,0,9,2024
Cameron Dicker,Dyls belly,K,LAC,K,8.1,2,9,2024
Dak Prescott,Dyls belly,QB,DAL,QB,16.2,12.32,9,2024
David Montgomery,Dyls belly,RB,DET,RB,13.9,12.6,9,2024
Tony Pollard,Dyls belly,RB,TEN,RB,16.2,18.4,9,2024
Trey McBride,Dyls belly,TE,ARI,TE,12.6,12.7,9,2024
Justin Jefferson,Dyls belly,WR,MIN,WR,19.6,21.58,9,2024
Romeo Doubs,Dyls belly,WR,GB,WR,11.8,6.8,9,2024
Brian Thomas Jr.,Jah is gay,WR,JAX,Bench,13.7,6.2,9,2024
DeAndre Hopkins,Jah is gay,WR,KC,Bench,10.8,28.6,9,2024
Isaiah Likely,Jah is gay,TE,BAL,Bench,5.4,0,9,2024
Kirk Cousins,Jah is gay,QB,ATL,Bench,19.3,17.78,9,2024
Matt Gay,Jah is gay,K,IND,Bench,7.6,9,9,2024
Mike Williams,Jah is gay,WR,NYJ,Bench,3.6,1.6,9,2024
Steelers,Jah is gay,D/ST,PIT,Bench,0,0,9,2024
Chargers,Jah is gay,D/ST,LAC,D/ST,6.4,19,9,2024
Chris Olave,Jah is gay,WR,NO,FLEX,15.7,2.3,9,2024
Jake Bates,Jah is gay,K,DET,K,8.5,6,9,2024
Kyler Murray,Jah is gay,QB,ARI,QB,19.3,4.76,9,2024
Bijan Robinson,Jah is gay,RB,ATL,RB,20.3,21.5,9,2024
De'Von Achane,Jah is gay,RB,MIA,RB,18.4,32.1,9,2024
Dalton Kincaid,Jah is gay,TE,BUF,TE,11.4,7.2,9,2024
Marvin Harrison Jr.,Jah is gay,WR,ARI,WR,13,3.4,9,2024
Tank Dell,Jah is gay,WR,HOU,WR,13,18.6,9,2024
Caleb Williams,Kode,QB,CHI,Bench,15.6,9.18,9,2024
Jake Elliott,Kode,K,PHI,Bench,8.8,4,9,2024
Jaylen Warren,Kode,RB,PIT,Bench,0,0,9,2024
Michael Pittman Jr.,Kode,WR,IND,Bench,12.6,2.4,9,2024
Noah Fant,Kode,TE,SEA,Bench,0,0,9,2024
Rico Dowdle,Kode,RB,DAL,Bench,11.4,21.7,9,2024
Tyler Lockett,Kode,WR,SEA,Bench,12.2,15.3,9,2024
Eagles,Kode,D/ST,PHI,D/ST,6,11,9,2024
Brian Robinson Jr.,Kode,RB,WSH,FLEX,0,0,9,2024
Greg Zuerlein,Kode,K,NYJ,K,0,0,9,2024
Bo Nix,Kode,QB,DEN,QB,18.6,17.72,9,2024
James Cook,Kode,RB,BUF,RB,16.7,11.9,9,2024
Kareem Hunt,Kode,RB,KC,RB,17,18.7,9,2024
Tucker Kraft,Kode,TE,GB,TE,9.4,7.6,9,2024
Malik Nabers,Kode,WR,NYG,WR,18.5,14.9,9,2024
Puka Nacua,Kode,WR,LAR,WR,16.5,2.1,9,2024
Dallas Goedert,Mixon it (K)upp,TE,PHI,Bench,0,0,9,2024
Darius Slayton,Mixon it (K)upp,WR,NYG,Bench,9.1,9,9,2024
Jordan Addison,Mixon it (K)upp,WR,MIN,Bench,9.8,16.1,9,2024
Justin Herbert,Mixon it (K)upp,QB,LAC,Bench,16.1,19.48,9,2024
Khalil Shakir,Mixon it (K)upp,WR,BUF,Bench,12.2,11,9,2024
Michael Wilson,Mixon it (K)upp,WR,ARI,Bench,8.7,0,9,2024
Wan'Dale Robinson,Mixon it (K)upp,WR,NYG,Bench,11.2,4,9,2024
Vikings,Mixon it (K)upp,D/ST,MIN,D/ST,6.5,12,9,2024
Alexander Mattison,Mixon it (K)upp,RB,LV,FLEX,12.9,3.6,9,2024
Mike Evans,Mixon it (K)upp,WR,TB,IR,0,0,9,2024
Evan McPherson,Mixon it (K)upp,K,CIN,K,7.9,12,9,2024
Jayden Daniels,Mixon it (K)upp,QB,WSH,QB,24.5,19.86,9,2024
Chuba Hubbard,Mixon it (K)upp,RB,CAR,RB,16.6,21.2,9,2024
Joe Mixon,Mixon it (K)upp,RB,HOU,RB,18.4,16.6,9,2024
T.J. Hockenson,Mixon it (K)upp,TE,MIN,TE,9.8,5.7,9,2024
Cooper Kupp,Mixon it (K)upp,WR,LAR,WR,16.5,21.4,9,2024
Drake London,Mixon it (K)upp,WR,ATL,WR,17.9,10.7,9,2024
Broncos,Njigbas Be Wildin,D/ST,DEN,Bench,4.1,-3,9,2024
Jordan Love,Njigbas Be Wildin,QB,GB,Bench,16.9,10.92,9,2024
Ladd McConkey,Njigbas Be Wildin,WR,LAC,Bench,13,11.4,9,2024
Raheem Mostert,Njigbas Be Wildin,RB,MIA,Bench,9,8.8,9,2024
Sam LaPorta,Njigbas Be Wildin,TE,DET,Bench,10.6,4.8,9,2024
Zach Charbonnet,Njigbas Be Wildin,RB,SEA,Bench,8.8,5.3,9,2024
Titans,Njigbas Be Wildin,D/ST,TEN,D/ST,6.9,13,9,2024
Courtland Sutton,Njigbas Be Wildin,WR,DEN,FLEX,13.4,23.28,9,2024
Brandon Aubrey,Njigbas Be Wildin,K,DAL,K,8,9,9,2024
Patrick Mahomes,Njigbas Be Wildin,QB,KC,QB,17.4,24.54,9,2024
Breece Hall,Njigbas Be Wildin,RB,NYJ,RB,16.5,10.5,9,2024
Jonathan Taylor,Njigbas Be Wildin,RB,IND,RB,17.4,8.9,9,2024
Evan Engram,Njigbas Be Wildin,TE,JAX,TE,12.4,11.5,9,2024
DJ Moore,Njigbas Be Wildin,WR,CHI,WR,13.8,7.3,9,2024
Tyreek Hill,Njigbas Be Wildin,WR,MIA,WR,18,12,9,2024
Aaron Rodgers,Reigning,QB,NYJ,Bench,13.1,20.34,9,2024
Allen Lazard,Reigning,WR,NYJ,Bench,0,0,9,2024
Braelon Allen,Reigning,RB,NYJ,Bench,5.2,0.9,9,2024
Ezekiel Elliott,Reigning,RB,DAL,Bench,0,0,9,2024
Jordan Mason,Reigning,RB,SF,Bench,0,0,9,2024
Nico Collins,Reigning,WR,HOU,Bench,0,0,9,2024
Ricky Pearsall,Reigning,WR,SF,Bench,0,0,9,2024
Chiefs,Reigning,D/ST,KC,D/ST,6.7,4,9,2024
Mark Andrews,Reigning,TE,BAL,FLEX,7.9,4.6,9,2024
Christian McCaffrey,Reigning,RB,SF,IR,0,0,9,2024
Chase McLaughlin,Reigning,K,TB,K,8.3,7,9,2024
Josh Allen,Reigning,QB,BUF,QB,22.4,22.1,9,2024
Aaron Jones,Reigning,RB,MIN,RB,17.9,12.2,9,2024
Javonte Williams,Reigning,RB,DEN,RB,12.4,10.4,9,2024
Zach Ertz,Reigning,TE,WSH,TE,10.6,1.5,9,2024
Jayden Reed,Reigning,WR,GB,WR,13.4,16.3,9,2024
Jaylen Waddle,Reigning,WR,MIA,WR,12.7,7.6,9,2024
Cade Otton,Team Chieffo,TE,TB,Bench,12.2,21.7,9,2024
DK Metcalf,Team Chieffo,WR,SEA,Bench,0,0,9,2024
Geno Smith,Team Chieffo,QB,SEA,Bench,17.5,22.12,9,2024
Jalin Hyatt,Team Chieffo,WR,NYG,Bench,0.9,0,9,2024
Jameson Williams,Team Chieffo,WR,DET,Bench,0,0,9,2024
Taysom Hill,Team Chieffo,TE,NO,Bench,10.1,16,9,2024
Tyler Allgeier,Team Chieffo,RB,ATL,Bench,8.6,7.8,9,2024
Browns,Team Chieffo,D/ST,CLE,D/ST,4.9,6,9,2024
Austin Ekeler,Team Chieffo,RB,WSH,FLEX,18.1,17.3,9,2024
Justin Tucker,Team Chieffo,K,BAL,K,8.4,11,9,2024
Baker Mayfield,Team Chieffo,QB,TB,QB,16.9,18,9,2024
D'Andre Swift,Team Chieffo,RB,CHI,RB,17.8,14.2,9,2024
Kenneth Walker III,Team Chieffo,RB,SEA,RB,18,13.7,9,2024
Travis Kelce,Team Chieffo,TE,KC,TE,13.4,22,9,2024
Cedric Tillman,Team Chieffo,WR,CLE,WR,10.5,19.5,9,2024
Ja'Marr Chase,Team Chieffo,WR,CIN,WR,18.9,11.3,9,2024
49ers,Under the InfluWentz,D/ST,SF,Bench,0,0,9,2024
Amari Cooper,Under the InfluWentz,WR,BUF,Bench,0,0,9,2024
Jake Ferguson,Under the InfluWentz,TE,DAL,Bench,11.6,14.1,9,2024
Keon Coleman,Under the InfluWentz,WR,BUF,Bench,12.2,5.1,9,2024
Tyrone Tracy Jr.,Under the InfluWentz,RB,NYG,Bench,13.1,7.9,9,2024
Zamir White,Under the InfluWentz,RB,LV,Bench,2.3,7,9,2024
Bengals,Under the InfluWentz,D/ST,CIN,D/ST,7.9,11,9,2024
Jakobi Meyers,Under the InfluWentz,WR,LV,FLEX,11.8,18.5,9,2024
Isiah Pacheco,Under the InfluWentz,RB,KC,IR,0,0,9,2024
Austin Seibert,Under the InfluWentz,K,WSH,K,8.3,9,9,2024
C.J. Stroud,Under the InfluWentz,QB,HOU,QB,14.7,11.54,9,2024
Nick Chubb,Under the InfluWentz,RB,CLE,RB,13.5,4.5,9,2024
Rhamondre Stevenson,Under the InfluWentz,RB,NE,RB,14.4,22.4,9,2024
Dalton Schultz,Under the InfluWentz,TE,HOU,TE,9,5.1,9,2024
A.J. Brown,Under the InfluWentz,WR,PHI,WR,17.7,5.6,9,2024
Zay Flowers,Under the InfluWentz,WR,BAL,WR,13.5,29.7,9,2024
Chase Brown,willimantic crack addicts,RB,CIN,Bench,15.3,26.7,9,2024
Hunter Henry,willimantic crack addicts,TE,NE,Bench,9.5,12.6,9,2024
Justice Hill,willimantic crack addicts,RB,BAL,Bench,5.2,8.8,9,2024
Quentin Johnston,willimantic crack addicts,WR,LAC,Bench,9.5,22,9,2024
Rachaad White,willimantic crack addicts,RB,TB,Bench,11,12.5,9,2024
Rashod Bateman,willimantic crack addicts,WR,BAL,Bench,6.8,5.5,9,2024
Tee Higgins,willimantic crack addicts,WR,CIN,Bench,0,0,9,2024
Colts,willimantic crack addicts,D/ST,IND,D/ST,5.9,13,9,2024
Xavier Worthy,willimantic crack addicts,WR,KC,FLEX,12,-1,9,2024
Ka'imi Fairbairn,willimantic crack addicts,K,HOU,K,8.1,7,9,2024
Joe Burrow,willimantic crack addicts,QB,CIN,QB,18.1,29.14,9,2024
Alvin Kamara,willimantic crack addicts,RB,NO,RB,22.1,27.5,9,2024
James Conner,willimantic crack addicts,RB,ARI,RB,16.6,14.9,9,2024
David Njoku,willimantic crack addicts,TE,CLE,TE,12.8,7.9,9,2024
Darnell Mooney,willimantic crack addicts,WR,ATL,WR,14.8,19.8,9,2024
Xavier Legette,willimantic crack addicts,WR,CAR,WR,11,13.9,9,2024
Brock Bowers,'fore i repeat it ima forget it,TE,LV,Bench,0,0,10,2024
Bucky Irving,'fore i repeat it ima forget it,RB,TB,Bench,11.5,17.7,10,2024
Jalen McMillan,'fore i repeat it ima forget it,WR,TB,Bench,9.8,0,10,2024
Jonathon Brooks,'fore i repeat it ima forget it,RB,CAR,Bench,0,0,10,2024
Keenan Allen,'fore i repeat it ima forget it,WR,CHI,Bench,10.8,9.4,10,2024
Rome Odunze,'fore i repeat it ima forget it,WR,CHI,Bench,9.8,5.3,10,2024
Tank Bigsby,'fore i repeat it ima forget it,RB,JAX,Bench,7.3,0.4,10,2024
Bills,'fore i repeat it ima forget it,D/ST,BUF,D/ST,5.3,17,10,2024
Josh Downs,'fore i repeat it ima forget it,WR,IND,FLEX,14.9,14.2,10,2024
Jake Moody,'fore i repeat it ima forget it,K,SF,K,8,9,10,2024
Sam Darnold,'fore i repeat it ima forget it,QB,MIN,QB,18.6,6.44,10,2024
Jahmyr Gibbs,'fore i repeat it ima forget it,RB,DET,RB,16.3,12.8,10,2024
Saquon Barkley,'fore i repeat it ima forget it,RB,PHI,RB,20.1,8.8,10,2024
Theo Johnson,'fore i repeat it ima forget it,TE,NYG,TE,6.8,7.7,10,2024
Davante Adams,'fore i repeat it ima forget it,WR,NYJ,WR,16.7,9.1,10,2024
Deebo Samuel Sr.,'fore i repeat it ima forget it,WR,SF,WR,15.6,12.6,10,2024
Antonio Gibson,Amon a new Level,RB,NE,Bench,4.3,2.6,10,2024
Brock Purdy,Amon a new Level,QB,SF,Bench,19.2,23.82,10,2024
Calvin Ridley,Amon a new Level,WR,TEN,Bench,11,25.4,10,2024
Jaxon Smith-Njigba,Amon a new Level,WR,SEA,Bench,0,0,10,2024
Khalil Herbert,Amon a new Level,RB,CIN,Bench,5.4,0,10,2024
Taysom Hill,Amon a new Level,TE,NO,Bench,9.2,7,10,2024
Ravens,Amon a new Level,D/ST,BAL,D/ST,4.7,-1,10,2024
Terry McLaurin,Amon a new Level,WR,WSH,FLEX,14.9,16.3,10,2024
Younghoe Koo,Amon a new Level,K,ATL,K,8.1,2,10,2024
Jalen Hurts,Amon a new Level,QB,PHI,QB,22.2,29.68,10,2024
Derrick Henry,Amon a new Level,RB,BAL,RB,18.4,14.1,10,2024
J.K. Dobbins,Amon a new Level,RB,LAC,RB,16.4,8.5,10,2024
George Kittle,Amon a new Level,TE,SF,TE,12.8,14.7,10,2024
Amon-Ra St. Brown,Amon a new Level,WR,DET,WR,16.3,18,10,2024
CeeDee Lamb,Amon a new Level,WR,DAL,WR,17.8,8.4,10,2024
Chris Boswell,Big Johnson,K,PIT,Bench,8.3,4,10,2024
Diontae Johnson,Big Johnson,WR,BAL,Bench,10.7,1.6,10,2024
Jalen Coker,Big Johnson,WR,CAR,Bench,8.7,7.1,10,2024
Jared Goff,Big Johnson,QB,DET,Bench,14.1,7.8,10,2024
Josh Jacobs,Big Johnson,RB,GB,Bench,0,0,10,2024
Kyle Pitts,Big Johnson,TE,ATL,Bench,9.6,9.5,10,2024
Ty Chandler,Big Johnson,RB,MIN,Bench,0,1.8,10,2024
Commanders,Big Johnson,D/ST,WSH,D/ST,4.7,6,10,2024
DeVonta Smith,Big Johnson,WR,PHI,FLEX,12.4,3.4,10,2024
Adam Thielen,Big Johnson,WR,CAR,IR,0,0,10,2024
Harrison Butker,Big Johnson,K,KC,K,7.9,10,10,2024
Lamar Jackson,Big Johnson,QB,BAL,QB,23.9,32.9,10,2024
Kyren Williams,Big Johnson,RB,LAR,RB,17.9,11.2,10,2024
Najee Harris,Big Johnson,RB,PIT,RB,15,11.3,10,2024
Mike Gesicki,Big Johnson,TE,CIN,TE,11.3,7,10,2024
Garrett Wilson,Big Johnson,WR,NYJ,WR,17.6,9.1,10,2024
George Pickens,Big Johnson,WR,PIT,WR,16.2,20.5,10,2024
Gabe Davis,Dyls belly,WR,JAX,Bench,9.6,2.9,10,2024
Jalen Tolbert,Dyls belly,WR,DAL,Bench,7.5,4.4,10,2024
Jerry Jeudy,Dyls belly,WR,CLE,Bench,0,0,10,2024
Romeo Doubs,Dyls belly,WR,GB,Bench,0,0,10,2024
Tyler Conklin,Dyls belly,TE,NYJ,Bench,7.7,1.8,10,2024
Bears,Dyls belly,D/ST,CHI,D/ST,6.1,3,10,2024
Travis Etienne Jr.,Dyls belly,RB,JAX,FLEX,9.7,5.3,10,2024
Chris Godwin,Dyls belly,WR,TB,IR,0,0,10,2024
Cameron Dicker,Dyls belly,K,LAC,K,8.2,9,10,2024
Drake Maye,Dyls belly,QB,NE,QB,15,11.76,10,2024
David Montgomery,Dyls belly,RB,DET,RB,15.1,12.6,10,2024
Tony Pollard,Dyls belly,RB,TEN,RB,13.5,10.3,10,2024
Trey McBride,Dyls belly,TE,ARI,TE,12.2,11.1,10,2024
Alec Pierce,Dyls belly,WR,IND,WR,10.3,18.1,10,2024
Justin Jefferson,Dyls belly,WR,MIN,WR,21.1,9.8,10,2024
Chris Olave,Jah is gay,WR,NO,Bench,0,0,10,2024
DeAndre Hopkins,Jah is gay,WR,KC,Bench,11.5,9.6,10,2024
Isaiah Likely,Jah is gay,TE,BAL,Bench,0,0,10,2024
Kirk Cousins,Jah is gay,QB,ATL,Bench,17.5,10.24,10,2024
Matt Gay,Jah is gay,K,IND,Bench,7.7,8,10,2024
Mike Williams,Jah is gay,WR,PIT,Bench,4,10.2,10,2024
Steelers,Jah is gay,D/ST,PIT,Bench,3.4,7,10,2024
Chargers,Jah is gay,D/ST,LAC,D/ST,7.6,10,10,2024
Brian Thomas Jr.,Jah is gay,WR,JAX,FLEX,12.3,3.2,10,2024
Jake Bates,Jah is gay,K,DET,K,8.6,12,10,2024
Kyler Murray,Jah is gay,QB,ARI,QB,17.6,28.74,10,2024
Bijan Robinson,Jah is gay,RB,ATL,RB,21.5,29.4,10,2024
De'Von Achane,Jah is gay,RB,MIA,RB,18.9,10.2,10,2024
Dalton Kincaid,Jah is gay,TE,BUF,TE,12.3,4.4,10,2024
Marvin Harrison Jr.,Jah is gay,WR,ARI,WR,11.7,16.4,10,2024
Tank Dell,Jah is gay,WR,HOU,WR,11.7,8.3,10,2024
Bo Nix,Kode,QB,DEN,Bench,14.8,16.1,10,2024
Brian Robinson Jr.,Kode,RB,WSH,Bench,0,0,10,2024
Greg Zuerlein,Kode,K,NYJ,Bench,0,0,10,2024
Jaylen Warren,Kode,RB,PIT,Bench,10.6,9.5,10,2024
Michael Pittman Jr.,Kode,WR,IND,Bench,0,0,10,2024
Tucker Kraft,Kode,TE,GB,Bench,0,0,10,2024
Tyler Lockett,Kode,WR,SEA,Bench,0,0,10,2024
Eagles,Kode,D/ST,PHI,D/ST,6.8,20,10,2024
Rico Dowdle,Kode,RB,DAL,FLEX,10.9,8.6,10,2024
Jake Elliott,Kode,K,PHI,K,8.2,10,10,2024
Caleb Williams,Kode,QB,CHI,QB,15.1,6.3,10,2024
James Cook,Kode,RB,BUF,RB,15.4,15.5,10,2024
Kareem Hunt,Kode,RB,KC,RB,14.1,17,10,2024
Jonnu Smith,Kode,TE,MIA,TE,9.9,7.5,10,2024
Malik Nabers,Kode,WR,NYG,WR,18.3,10.8,10,2024
Puka Nacua,Kode,WR,LAR,WR,15.9,18.8,10,2024
Alexander Mattison,Mixon it (K)upp,RB,LV,Bench,0,0,10,2024
Dallas Goedert,Mixon it (K)upp,TE,PHI,Bench,8.6,10.5,10,2024
Darius Slayton,Mixon it (K)upp,WR,NYG,Bench,0,0,10,2024
Jordan Addison,Mixon it (K)upp,WR,MIN,Bench,10.9,4.9,10,2024
Justin Herbert,Mixon it (K)upp,QB,LAC,Bench,15.5,19.76,10,2024
Michael Wilson,Mixon it (K)upp,WR,ARI,Bench,7.5,5.4,10,2024
Wan'Dale Robinson,Mixon it (K)upp,WR,NYG,Bench,10.1,10.1,10,2024
Falcons,Mixon it (K)upp,D/ST,ATL,D/ST,5.2,-1,10,2024
Khalil Shakir,Mixon it (K)upp,WR,BUF,FLEX,12.9,11.8,10,2024
Mike Evans,Mixon it (K)upp,WR,TB,IR,0,0,10,2024
Evan McPherson,Mixon it (K)upp,K,CIN,K,7.8,4,10,2024
Jayden Daniels,Mixon it (K)upp,QB,WSH,QB,23.6,8.58,10,2024
Chuba Hubbard,Mixon it (K)upp,RB,CAR,RB,15.8,24.9,10,2024
Joe Mixon,Mixon it (K)upp,RB,HOU,RB,18.4,17,10,2024
T.J. Hockenson,Mixon it (K)upp,TE,MIN,TE,11.1,15.2,10,2024
Cooper Kupp,Mixon it (K)upp,WR,LAR,WR,15.6,15,10,2024
Drake London,Mixon it (K)upp,WR,ATL,WR,17,17.7,10,2024
Broncos,Njigbas Be Wildin,D/ST,DEN,Bench,6.3,5,10,2024
Jordan Love,Njigbas Be Wildin,QB,GB,Bench,0,0,10,2024
Ladd McConkey,Njigbas Be Wildin,WR,LAC,Bench,13.4,7.2,10,2024
Patrick Mahomes,Njigbas Be Wildin,QB,KC,Bench,14.1,16.54,10,2024
Raheem Mostert,Njigbas Be Wildin,RB,MIA,Bench,9.6,5.4,10,2024
Sam LaPorta,Njigbas Be Wildin,TE,DET,Bench,7.9,15.6,10,2024
Zach Charbonnet,Njigbas Be Wildin,RB,SEA,Bench,0,0,10,2024
Titans,Njigbas Be Wildin,D/ST,TEN,D/ST,5.3,0,10,2024
Courtland Sutton,Njigbas Be Wildin,WR,DEN,FLEX,11.5,19,10,2024
Brandon Aubrey,Njigbas Be Wildin,K,DAL,K,7.4,7,10,2024
Daniel Jones,Njigbas Be Wildin,QB,NYG,QB,17.1,12.2,10,2024
Breece Hall,Njigbas Be Wildin,RB,NYJ,RB,17.9,12.3,10,2024
Jonathan Taylor,Njigbas Be Wildin,RB,IND,RB,19.4,14.2,10,2024
Evan Engram,Njigbas Be Wildin,TE,JAX,TE,11.9,10,10,2024
DJ Moore,Njigbas Be Wildin,WR,CHI,WR,12.4,5.7,10,2024
Tyreek Hill,Njigbas Be Wildin,WR,MIA,WR,15.6,11.7,10,2024
Aaron Rodgers,Reigning,QB,NYJ,Bench,16.5,4.04,10,2024
Braelon Allen,Reigning,RB,NYJ,Bench,5.4,4.4,10,2024
Javonte Williams,Reigning,RB,DEN,Bench,11.3,2.7,10,2024
Jayden Reed,Reigning,WR,GB,Bench,0,0,10,2024
Jordan Mason,Reigning,RB,SF,Bench,6.8,0.5,10,2024
Nico Collins,Reigning,WR,HOU,Bench,0,0,10,2024
Zach Ertz,Reigning,TE,WSH,Bench,9.9,7.1,10,2024
Chiefs,Reigning,D/ST,KC,D/ST,6.5,7,10,2024
Ricky Pearsall,Reigning,WR,SF,FLEX,9.2,17.3,10,2024
Allen Lazard,Reigning,WR,NYJ,IR,0,0,10,2024
Chase McLaughlin,Reigning,K,TB,K,8.5,8,10,2024
Josh Allen,Reigning,QB,BUF,QB,22,18.2,10,2024
Aaron Jones,Reigning,RB,MIN,RB,17.9,12.1,10,2024
Christian McCaffrey,Reigning,RB,SF,RB,18.8,16.7,10,2024
Mark Andrews,Reigning,TE,BAL,TE,8.9,18.8,10,2024
Jauan Jennings,Reigning,WR,SF,WR,10.6,16.3,10,2024
Jaylen Waddle,Reigning,WR,MIA,WR,11,8.6,10,2024
Browns,Team Chieffo,D/ST,CLE,Bench,0,0,10,2024
Cedric Tillman,Team Chieffo,WR,CLE,Bench,0,0,10,2024
DK Metcalf,Team Chieffo,WR,SEA,Bench,0,0,10,2024
Geno Smith,Team Chieffo,QB,SEA,Bench,0,0,10,2024
Kenneth Walker III,Team Chieffo,RB,SEA,Bench,0,0,10,2024
Noah Brown,Team Chieffo,WR,WSH,Bench,8.9,6.3,10,2024
Tyler Allgeier,Team Chieffo,RB,ATL,Bench,8,5.9,10,2024
Giants,Team Chieffo,D/ST,NYG,D/ST,6.2,3,10,2024
Cade Otton,Team Chieffo,TE,TB,FLEX,12.8,8.5,10,2024
Justin Tucker,Team Chieffo,K,BAL,K,8.9,3,10,2024
Baker Mayfield,Team Chieffo,QB,TB,QB,17.6,8.94,10,2024
Austin Ekeler,Team Chieffo,RB,WSH,RB,15.1,18.1,10,2024
D'Andre Swift,Team Chieffo,RB,CHI,RB,17.5,7.5,10,2024
Travis Kelce,Team Chieffo,TE,KC,TE,12.8,20.4,10,2024
Ja'Marr Chase,Team Chieffo,WR,CIN,WR,21.6,55.4,10,2024
Jameson Williams,Team Chieffo,WR,DET,WR,8.2,8.3,10,2024
Amari Cooper,Under the InfluWentz,WR,BUF,Bench,0,0,10,2024
Bengals,Under the InfluWentz,D/ST,CIN,Bench,2.4,-4,10,2024
C.J. Stroud,Under the InfluWentz,QB,HOU,Bench,15.6,9.78,10,2024
Dalton Schultz,Under the InfluWentz,TE,HOU,Bench,7.9,9.6,10,2024
Jakobi Meyers,Under the InfluWentz,WR,LV,Bench,0,0,10,2024
Keon Coleman,Under the InfluWentz,WR,BUF,Bench,0,0,10,2024
Nick Chubb,Under the InfluWentz,RB,CLE,Bench,0,0,10,2024
49ers,Under the InfluWentz,D/ST,SF,D/ST,5.8,4,10,2024
DeMario Douglas,Under the InfluWentz,WR,NE,FLEX,8.4,9,10,2024
Isiah Pacheco,Under the InfluWentz,RB,KC,IR,0,0,10,2024
Tyler Bass,Under the InfluWentz,K,BUF,K,8,13,10,2024
Russell Wilson,Under the InfluWentz,QB,PIT,QB,17.8,18.1,10,2024
Rhamondre Stevenson,Under the InfluWentz,RB,NE,RB,14.8,8.7,10,2024
Tyrone Tracy Jr.,Under the InfluWentz,RB,NYG,RB,15,15.4,10,2024
Jake Ferguson,Under the InfluWentz,TE,DAL,TE,10.2,4.4,10,2024
A.J. Brown,Under the InfluWentz,WR,PHI,WR,15.1,15.9,10,2024
Zay Flowers,Under the InfluWentz,WR,BAL,WR,15,7.4,10,2024
David Njoku,willimantic crack addicts,TE,CLE,Bench,0,0,10,2024
Justice Hill,willimantic crack addicts,RB,BAL,Bench,6.6,1.8,10,2024
Rachaad White,willimantic crack addicts,RB,TB,Bench,10.8,19,10,2024
Rashod Bateman,willimantic crack addicts,WR,BAL,Bench,6.8,17.4,10,2024
Tee Higgins,willimantic crack addicts,WR,CIN,Bench,0,0,10,2024
Xavier Legette,willimantic crack addicts,WR,CAR,Bench,11,7,10,2024
Xavier Worthy,willimantic crack addicts,WR,KC,Bench,9.5,2.1,10,2024
Colts,willimantic crack addicts,D/ST,IND,D/ST,3,3,10,2024
Chase Brown,willimantic crack addicts,RB,CIN,FLEX,15.7,22.4,10,2024
Ka'imi Fairbairn,willimantic crack addicts,K,HOU,K,7.8,12,10,2024
Joe Burrow,willimantic crack addicts,QB,CIN,QB,20,33.72,10,2024
Alvin Kamara,willimantic crack addicts,RB,NO,RB,21.4,15.9,10,2024
James Conner,willimantic crack addicts,RB,ARI,RB,17.2,22.3,10,2024
Hunter Henry,willimantic crack addicts,TE,NE,TE,10.6,2.4,10,2024
Darnell Mooney,willimantic crack addicts,WR,ATL,WR,14.4,14.6,10,2024
Quentin Johnston,willimantic crack addicts,WR,LAC,WR,10.5,10.4,10,2024
Bucky Irving,'fore i repeat it ima forget it,RB,TB,Bench,0,0,11,2024
Jalen McMillan,'fore i repeat it ima forget it,WR,TB,Bench,0,0,11,2024
Jonathon Brooks,'fore i repeat it ima forget it,RB,CAR,Bench,0,0,11,2024
Keenan Allen,'fore i repeat it ima forget it,WR,CHI,Bench,10.9,8.1,11,2024
Rome Odunze,'fore i repeat it ima forget it,WR,CHI,Bench,9.8,12.5,11,2024
Tank Bigsby,'fore i repeat it ima forget it,RB,JAX,Bench,0,0,11,2024
Theo Johnson,'fore i repeat it ima forget it,TE,NYG,Bench,0,0,11,2024
Bills,'fore i repeat it ima forget it,D/ST,BUF,D/ST,5.1,8,11,2024
Josh Downs,'fore i repeat it ima forget it,WR,IND,FLEX,11.6,19.4,11,2024
Jake Moody,'fore i repeat it ima forget it,K,SF,K,7.9,5,11,2024
Sam Darnold,'fore i repeat it ima forget it,QB,MIN,QB,15.2,23.64,11,2024
Jahmyr Gibbs,'fore i repeat it ima forget it,RB,DET,RB,17.2,19.3,11,2024
Saquon Barkley,'fore i repeat it ima forget it,RB,PHI,RB,18.4,33.8,11,2024
Brock Bowers,'fore i repeat it ima forget it,TE,LV,TE,12.9,31.3,11,2024
Davante Adams,'fore i repeat it ima forget it,WR,NYJ,WR,16.2,13.2,11,2024
Deebo Samuel Sr.,'fore i repeat it ima forget it,WR,SF,WR,15.8,6.1,11,2024
Calvin Ridley,Amon a new Level,WR,TEN,Bench,12.8,9.8,11,2024
George Kittle,Amon a new Level,TE,SF,Bench,0,0,11,2024
Khalil Herbert,Amon a new Level,RB,CIN,Bench,5.1,0,11,2024
Ladd McConkey,Amon a new Level,WR,LAC,Bench,12.9,18.3,11,2024
Patrick Mahomes,Amon a new Level,QB,KC,Bench,16.7,15.84,11,2024
Spencer Shrader,Amon a new Level,K,KC,Bench,8,3,11,2024
Taysom Hill,Amon a new Level,TE,NO,Bench,9.1,41.52,11,2024
Texans,Amon a new Level,D/ST,HOU,D/ST,6.9,17,11,2024
Terry McLaurin,Amon a new Level,WR,WSH,FLEX,12.6,2,11,2024
Younghoe Koo,Amon a new Level,K,ATL,K,7.4,9,11,2024
Jalen Hurts,Amon a new Level,QB,PHI,QB,21.2,18.74,11,2024
Derrick Henry,Amon a new Level,RB,BAL,RB,17.3,10.5,11,2024
Jonathan Taylor,Amon a new Level,RB,IND,RB,17.9,7,11,2024
Will Dissly,Amon a new Level,TE,LAC,TE,8.1,18,11,2024
Amon-Ra St. Brown,Amon a new Level,WR,DET,WR,16.4,38.7,11,2024
Tyreek Hill,Amon a new Level,WR,MIA,WR,14,19.1,11,2024
Anthony Richardson,Big Johnson,QB,IND,Bench,15.7,28.08,11,2024
Diontae Johnson,Big Johnson,WR,BAL,Bench,5.8,0,11,2024
Jalen Coker,Big Johnson,WR,CAR,Bench,0,0,11,2024
Jared Goff,Big Johnson,QB,DET,Bench,15.1,34.58,11,2024
Mike Gesicki,Big Johnson,TE,CIN,Bench,7.6,0,11,2024
Najee Harris,Big Johnson,RB,PIT,Bench,12.5,13.3,11,2024
Dolphins,Big Johnson,D/ST,MIA,D/ST,7.6,5,11,2024
DeVonta Smith,Big Johnson,WR,PHI,FLEX,12,6.9,11,2024
Chris Boswell,Big Johnson,K,PIT,K,8.4,24,11,2024
Lamar Jackson,Big Johnson,QB,BAL,QB,23.8,14.88,11,2024
Josh Jacobs,Big Johnson,RB,GB,RB,14.6,23.4,11,2024
Kyren Williams,Big Johnson,RB,LAR,RB,18.2,8.6,11,2024
Kyle Pitts,Big Johnson,TE,ATL,TE,9.1,1.9,11,2024
Garrett Wilson,Big Johnson,WR,NYJ,WR,15.7,5.8,11,2024
George Pickens,Big Johnson,WR,PIT,WR,16.3,16.9,11,2024
Gabe Davis,Dyls belly,WR,JAX,Bench,10.2,1.3,11,2024
Jalen Tolbert,Dyls belly,WR,DAL,Bench,6.3,4.1,11,2024
Jerry Jeudy,Dyls belly,WR,CLE,Bench,11.2,26.2,11,2024
Romeo Doubs,Dyls belly,WR,GB,Bench,10.8,2.7,11,2024
Tyler Conklin,Dyls belly,TE,NYJ,Bench,6.9,1.7,11,2024
Bears,Dyls belly,D/ST,CHI,D/ST,3.8,2,11,2024
Travis Etienne Jr.,Dyls belly,RB,JAX,FLEX,13.8,6.3,11,2024
Chris Godwin,Dyls belly,WR,TB,IR,0,0,11,2024
Cameron Dicker,Dyls belly,K,LAC,K,8.6,12,11,2024
Drake Maye,Dyls belly,QB,NE,QB,16.2,17.98,11,2024
David Montgomery,Dyls belly,RB,DET,RB,15.7,24.5,11,2024
Tony Pollard,Dyls belly,RB,TEN,RB,12.9,4.9,11,2024
Trey McBride,Dyls belly,TE,ARI,TE,0,0,11,2024
Alec Pierce,Dyls belly,WR,IND,WR,5.4,10.4,11,2024
Justin Jefferson,Dyls belly,WR,MIN,WR,17.6,14.1,11,2024
Chris Olave,Jah is gay,WR,NO,Bench,0,0,11,2024
Dalton Kincaid,Jah is gay,TE,BUF,Bench,0,0,11,2024
Kyler Murray,Jah is gay,QB,ARI,Bench,0,0,11,2024
Marvin Harrison Jr.,Jah is gay,WR,ARI,Bench,0,0,11,2024
Matt Gay,Jah is gay,K,IND,Bench,7.6,14,11,2024
Mike Williams,Jah is gay,WR,PIT,Bench,7.6,0,11,2024
Steelers,Jah is gay,D/ST,PIT,Bench,2.3,9,11,2024
Packers,Jah is gay,D/ST,GB,D/ST,6.4,4,11,2024
Brian Thomas Jr.,Jah is gay,WR,JAX,FLEX,11.1,13.6,11,2024
Jake Bates,Jah is gay,K,DET,K,8.8,12,11,2024
Kirk Cousins,Jah is gay,QB,ATL,QB,14.6,4.92,11,2024
Bijan Robinson,Jah is gay,RB,ATL,RB,18.3,10.3,11,2024
De'Von Achane,Jah is gay,RB,MIA,RB,18.3,20.5,11,2024
Dawson Knox,Jah is gay,TE,BUF,TE,9,8,11,2024
DeAndre Hopkins,Jah is gay,WR,KC,WR,13.2,5.9,11,2024
Tank Dell,Jah is gay,WR,HOU,WR,11.8,9.8,11,2024
Caleb Williams,Kode,QB,CHI,Bench,13.2,16.24,11,2024
Greg Zuerlein,Kode,K,NYJ,Bench,0,0,11,2024
Jaylen Warren,Kode,RB,PIT,Bench,10.2,10.8,11,2024
Jonnu Smith,Kode,TE,MIA,Bench,8.4,28.1,11,2024
Malik Nabers,Kode,WR,NYG,Bench,0,0,11,2024
Rico Dowdle,Kode,RB,DAL,Bench,11.6,5.4,11,2024
Tyler Lockett,Kode,WR,SEA,Bench,8.6,3.9,11,2024
Eagles,Kode,D/ST,PHI,D/ST,5.4,7,11,2024
Brian Robinson Jr.,Kode,RB,WSH,FLEX,12.4,14.2,11,2024
Jake Elliott,Kode,K,PHI,K,8,6,11,2024
Bo Nix,Kode,QB,DEN,QB,17.8,28.78,11,2024
James Cook,Kode,RB,BUF,RB,14.8,19.7,11,2024
Kareem Hunt,Kode,RB,KC,RB,16.7,6,11,2024
Tucker Kraft,Kode,TE,GB,TE,8.7,0,11,2024
Michael Pittman Jr.,Kode,WR,IND,WR,8.6,9.6,11,2024
Puka Nacua,Kode,WR,LAR,WR,15.2,25.3,11,2024
Audric Estime,Mixon it (K)upp,RB,DEN,Bench,8.5,5.5,11,2024
Chuba Hubbard,Mixon it (K)upp,RB,CAR,Bench,0,0,11,2024
Dallas Goedert,Mixon it (K)upp,TE,PHI,Bench,8.9,11.1,11,2024
Gus Edwards,Mixon it (K)upp,RB,LAC,Bench,5.4,2.7,11,2024
Jordan Addison,Mixon it (K)upp,WR,MIN,Bench,8.4,15.1,11,2024
Justin Herbert,Mixon it (K)upp,QB,LAC,Bench,17.5,24.38,11,2024
Mike Evans,Mixon it (K)upp,WR,TB,Bench,0,0,11,2024
Falcons,Mixon it (K)upp,D/ST,ATL,D/ST,5,-5,11,2024
Khalil Shakir,Mixon it (K)upp,WR,BUF,FLEX,12.3,15,11,2024
Evan McPherson,Mixon it (K)upp,K,CIN,K,7.7,7,11,2024
Jayden Daniels,Mixon it (K)upp,QB,WSH,QB,18.5,13.44,11,2024
Alexander Mattison,Mixon it (K)upp,RB,LV,RB,10.2,9.9,11,2024
Joe Mixon,Mixon it (K)upp,RB,HOU,RB,20.2,35.3,11,2024
T.J. Hockenson,Mixon it (K)upp,TE,MIN,TE,11.8,3.3,11,2024
Cooper Kupp,Mixon it (K)upp,WR,LAR,WR,15.6,28.6,11,2024
Drake London,Mixon it (K)upp,WR,ATL,WR,15.1,9.1,11,2024
Broncos,Njigbas Be Wildin,D/ST,DEN,Bench,4.9,12,11,2024
Christian Watson,Njigbas Be Wildin,WR,GB,Bench,10.3,19,11,2024
DJ Moore,Njigbas Be Wildin,WR,CHI,Bench,11.7,13.7,11,2024
Jordan Love,Njigbas Be Wildin,QB,GB,Bench,16.1,20.24,11,2024
Raheem Mostert,Njigbas Be Wildin,RB,MIA,Bench,8.2,-0.2,11,2024
Sam LaPorta,Njigbas Be Wildin,TE,DET,Bench,0,0,11,2024
Zach Charbonnet,Njigbas Be Wildin,RB,SEA,Bench,7,2.5,11,2024
Titans,Njigbas Be Wildin,D/ST,TEN,D/ST,6.7,4,11,2024
Courtland Sutton,Njigbas Be Wildin,WR,DEN,FLEX,12.8,14.8,11,2024
Brandon Aubrey,Njigbas Be Wildin,K,DAL,K,7.2,5,11,2024
Brock Purdy,Njigbas Be Wildin,QB,SF,QB,19.9,18.36,11,2024
Breece Hall,Njigbas Be Wildin,RB,NYJ,RB,16.9,31.1,11,2024
J.K. Dobbins,Njigbas Be Wildin,RB,LAC,RB,16.5,18.9,11,2024
Evan Engram,Njigbas Be Wildin,TE,JAX,TE,12.5,7.8,11,2024
CeeDee Lamb,Njigbas Be Wildin,WR,DAL,WR,15.8,18.6,11,2024
Jaxon Smith-Njigba,Njigbas Be Wildin,WR,SEA,WR,12.7,21.8,11,2024
Braelon Allen,Reigning,RB,NYJ,Bench,5.2,0.6,11,2024
Javonte Williams,Reigning,RB,DEN,Bench,9.1,18.7,11,2024
Jaylen Waddle,Reigning,WR,MIA,Bench,10.5,5.7,11,2024
Kayshon Boutte,Reigning,WR,NE,Bench,8.9,7.3,11,2024
Ricky Pearsall,Reigning,WR,SF,Bench,10.7,0,11,2024
Will Levis,Reigning,QB,TEN,Bench,11.7,15.6,11,2024
Zach Ertz,Reigning,TE,WSH,Bench,8.8,18.7,11,2024
Vikings,Reigning,D/ST,MIN,D/ST,7.7,12,11,2024
Jauan Jennings,Reigning,WR,SF,FLEX,12,25.1,11,2024
Allen Lazard,Reigning,WR,NYJ,IR,0,0,11,2024
Zane Gonzalez,Reigning,K,WSH,K,8,5,11,2024
Josh Allen,Reigning,QB,BUF,QB,20.7,23.98,11,2024
Aaron Jones,Reigning,RB,MIN,RB,15.8,5.3,11,2024
Christian McCaffrey,Reigning,RB,SF,RB,23.1,14.6,11,2024
Mark Andrews,Reigning,TE,BAL,TE,9.3,4.2,11,2024
Jayden Reed,Reigning,WR,GB,WR,11.9,9.8,11,2024
Nico Collins,Reigning,WR,HOU,WR,15.7,9.4,11,2024
Austin Ekeler,Team Chieffo,RB,WSH,Bench,8.8,17.6,11,2024
Baker Mayfield,Team Chieffo,QB,TB,Bench,0,0,11,2024
Cade Otton,Team Chieffo,TE,TB,Bench,0,0,11,2024
Giants,Team Chieffo,D/ST,NYG,Bench,0,0,11,2024
Jameson Williams,Team Chieffo,WR,DET,Bench,9.9,22.6,11,2024
Noah Brown,Team Chieffo,WR,WSH,Bench,8.5,1.4,11,2024
Tyler Allgeier,Team Chieffo,RB,ATL,Bench,6.3,0.9,11,2024
Browns,Team Chieffo,D/ST,CLE,D/ST,4.2,-3,11,2024
DK Metcalf,Team Chieffo,WR,SEA,FLEX,14.3,14,11,2024
Justin Tucker,Team Chieffo,K,BAL,K,8.7,4,11,2024
Geno Smith,Team Chieffo,QB,SEA,QB,15.1,15.74,11,2024
D'Andre Swift,Team Chieffo,RB,CHI,RB,14.4,16.4,11,2024
Kenneth Walker III,Team Chieffo,RB,SEA,RB,15.4,13.9,11,2024
Travis Kelce,Team Chieffo,TE,KC,TE,16.5,2.8,11,2024
Cedric Tillman,Team Chieffo,WR,CLE,WR,12,7.7,11,2024
Ja'Marr Chase,Team Chieffo,WR,CIN,WR,20.2,26.5,11,2024
Amari Cooper,Under the InfluWentz,WR,BUF,Bench,10.9,7.5,11,2024
Bengals,Under the InfluWentz,D/ST,CIN,Bench,3.8,0,11,2024
C.J. Stroud,Under the InfluWentz,QB,HOU,Bench,16.6,10.88,11,2024
Dalton Schultz,Under the InfluWentz,TE,HOU,Bench,7.7,8.3,11,2024
DeMario Douglas,Under the InfluWentz,WR,NE,Bench,9.3,9.9,11,2024
Keon Coleman,Under the InfluWentz,WR,BUF,Bench,0,0,11,2024
Tyrone Tracy Jr.,Under the InfluWentz,RB,NYG,Bench,0,0,11,2024
49ers,Under the InfluWentz,D/ST,SF,D/ST,7.1,8,11,2024
Jakobi Meyers,Under the InfluWentz,WR,LV,FLEX,12.2,8.8,11,2024
Isiah Pacheco,Under the InfluWentz,RB,KC,IR,0,0,11,2024
Tyler Bass,Under the InfluWentz,K,BUF,K,8.1,6,11,2024
Russell Wilson,Under the InfluWentz,QB,PIT,QB,17.4,6.3,11,2024
Nick Chubb,Under the InfluWentz,RB,CLE,RB,14.3,5,11,2024
Rhamondre Stevenson,Under the InfluWentz,RB,NE,RB,14.8,12.9,11,2024
Jake Ferguson,Under the InfluWentz,TE,DAL,TE,9.3,2.1,11,2024
A.J. Brown,Under the InfluWentz,WR,PHI,WR,15.6,11.5,11,2024
Zay Flowers,Under the InfluWentz,WR,BAL,WR,14.4,11.9,11,2024
Hunter Henry,willimantic crack addicts,TE,NE,Bench,10.4,12.3,11,2024
James Conner,willimantic crack addicts,RB,ARI,Bench,0,0,11,2024
Justice Hill,willimantic crack addicts,RB,BAL,Bench,5.4,8.1,11,2024
Rachaad White,willimantic crack addicts,RB,TB,Bench,0,0,11,2024
Rashod Bateman,willimantic crack addicts,WR,BAL,Bench,9,5,11,2024
Xavier Legette,willimantic crack addicts,WR,CAR,Bench,0,0,11,2024
Xavier Worthy,willimantic crack addicts,WR,KC,Bench,9.8,16.8,11,2024
Lions,willimantic crack addicts,D/ST,DET,D/ST,7.4,10,11,2024
Quentin Johnston,willimantic crack addicts,WR,LAC,FLEX,11.1,12.8,11,2024
Ka'imi Fairbairn,willimantic crack addicts,K,HOU,K,8,10,11,2024
Joe Burrow,willimantic crack addicts,QB,CIN,QB,18.8,29.04,11,2024
Alvin Kamara,willimantic crack addicts,RB,NO,RB,22,12.9,11,2024
Chase Brown,willimantic crack addicts,RB,CIN,RB,16,19.3,11,2024
David Njoku,willimantic crack addicts,TE,CLE,TE,12.1,19.1,11,2024
Darnell Mooney,willimantic crack addicts,WR,ATL,WR,13.9,4.7,11,2024
Tee Higgins,willimantic crack addicts,WR,CIN,WR,14.8,29.8,11,2024
Davante Adams,'fore i repeat it ima forget it,WR,NYJ,Bench,0,0,12,2024
Jalen McMillan,'fore i repeat it ima forget it,WR,TB,Bench,7.7,2.1,12,2024
Jonathon Brooks,'fore i repeat it ima forget it,RB,CAR,Bench,5.3,0.7,12,2024
Keenan Allen,'fore i repeat it ima forget it,WR,CHI,Bench,10.4,23.6,12,2024
Khalil Shakir,'fore i repeat it ima forget it,WR,BUF,Bench,0,0,12,2024
Sam Darnold,'fore i repeat it ima forget it,QB,MIN,Bench,17,21.1,12,2024
Tank Bigsby,'fore i repeat it ima forget it,RB,JAX,Bench,0,0,12,2024
Buccaneers,'fore i repeat it ima forget it,D/ST,TB,D/ST,5.3,11,12,2024
Bucky Irving,'fore i repeat it ima forget it,RB,TB,FLEX,13.9,27.2,12,2024
Austin Seibert,'fore i repeat it ima forget it,K,WSH,K,8.4,8,12,2024
Jayden Daniels,'fore i repeat it ima forget it,QB,WSH,QB,22.6,30.4,12,2024
David Montgomery,'fore i repeat it ima forget it,RB,DET,RB,16,16.3,12,2024
Jahmyr Gibbs,'fore i repeat it ima forget it,RB,DET,RB,17.1,24.9,12,2024
Brock Bowers,'fore i repeat it ima forget it,TE,LV,TE,13.7,7.8,12,2024
Elijah Moore,'fore i repeat it ima forget it,WR,CLE,WR,8.7,5.1,12,2024
Josh Downs,'fore i repeat it ima forget it,WR,IND,WR,10.6,5.7,12,2024
Calvin Ridley,Amon a new Level,WR,TEN,Bench,11.7,14.3,12,2024
Khalil Herbert,Amon a new Level,RB,CIN,Bench,0,0,12,2024
Ladd McConkey,Amon a new Level,WR,LAC,Bench,13.6,14.3,12,2024
Patrick Mahomes,Amon a new Level,QB,KC,Bench,17.2,28.76,12,2024
Taysom Hill,Amon a new Level,TE,NO,Bench,0,0,12,2024
Will Dissly,Amon a new Level,TE,LAC,Bench,9.8,8.7,12,2024
Younghoe Koo,Amon a new Level,K,ATL,Bench,0,0,12,2024
Texans,Amon a new Level,D/ST,HOU,D/ST,7.7,18,12,2024
Terry McLaurin,Amon a new Level,WR,WSH,FLEX,13.2,21.2,12,2024
Spencer Shrader,Amon a new Level,K,KC,K,8.3,13,12,2024
Jalen Hurts,Amon a new Level,QB,PHI,QB,20.4,15.06,12,2024
Derrick Henry,Amon a new Level,RB,BAL,RB,18.2,14,12,2024
Jonathan Taylor,Amon a new Level,RB,IND,RB,14.9,3.5,12,2024
George Kittle,Amon a new Level,TE,SF,TE,11.5,20.2,12,2024
Amon-Ra St. Brown,Amon a new Level,WR,DET,WR,17.5,12.2,12,2024
Tyreek Hill,Amon a new Level,WR,MIA,WR,14.9,9.8,12,2024
Anthony Richardson,Big Johnson,QB,IND,Bench,14.9,12.98,12,2024
DeVonta Smith,Big Johnson,WR,PHI,Bench,0,0,12,2024
Diontae Johnson,Big Johnson,WR,BAL,Bench,3.9,0,12,2024
Garrett Wilson,Big Johnson,WR,NYJ,Bench,0,0,12,2024
Jared Goff,Big Johnson,QB,DET,Bench,15.7,10.76,12,2024
Kyle Pitts,Big Johnson,TE,ATL,Bench,0,0,12,2024
Mike Gesicki,Big Johnson,TE,CIN,Bench,0,0,12,2024
Dolphins,Big Johnson,D/ST,MIA,D/ST,5.8,13,12,2024
Najee Harris,Big Johnson,RB,PIT,FLEX,14.3,7.4,12,2024
Chris Boswell,Big Johnson,K,PIT,K,8.1,7,12,2024
Lamar Jackson,Big Johnson,QB,BAL,QB,23.1,22.58,12,2024
Josh Jacobs,Big Johnson,RB,GB,RB,16.2,28.6,12,2024
Kyren Williams,Big Johnson,RB,LAR,RB,14.2,11.2,12,2024
Luke Schoonmaker,Big Johnson,TE,DAL,TE,8.5,14.5,12,2024
Darius Slayton,Big Johnson,WR,NYG,WR,8.4,0,12,2024
George Pickens,Big Johnson,WR,PIT,WR,14.7,8.8,12,2024
Alec Pierce,Dyls belly,WR,IND,Bench,6.7,4.9,12,2024
Gabe Davis,Dyls belly,WR,JAX,Bench,0,0,12,2024
Jalen Tolbert,Dyls belly,WR,DAL,Bench,7,10.2,12,2024
Travis Etienne Jr.,Dyls belly,RB,JAX,Bench,0,0,12,2024
Tyler Conklin,Dyls belly,TE,NYJ,Bench,0,0,12,2024
Bears,Dyls belly,D/ST,CHI,D/ST,5.3,-1,12,2024
Jordan Addison,Dyls belly,WR,MIN,FLEX,10.7,30.2,12,2024
Chris Godwin,Dyls belly,WR,TB,IR,0,0,12,2024
Cameron Dicker,Dyls belly,K,LAC,K,8.4,16,12,2024
Drake Maye,Dyls belly,QB,NE,QB,15,13.48,12,2024
Chuba Hubbard,Dyls belly,RB,CAR,RB,14.3,15,12,2024
Tony Pollard,Dyls belly,RB,TEN,RB,14.1,21.9,12,2024
Trey McBride,Dyls belly,TE,ARI,TE,12.9,25.3,12,2024
Justin Jefferson,Dyls belly,WR,MIN,WR,18,4.7,12,2024
Mike Evans,Dyls belly,WR,TB,WR,16.1,11.8,12,2024
Adam Thielen,Jah is gay,WR,CAR,Bench,9.1,8.7,12,2024
Bijan Robinson,Jah is gay,RB,ATL,Bench,0,0,12,2024
Brian Thomas Jr.,Jah is gay,WR,JAX,Bench,0,0,12,2024
Dalton Kincaid,Jah is gay,TE,BUF,Bench,0,0,12,2024
Dawson Knox,Jah is gay,TE,BUF,Bench,0,0,12,2024
Mike Williams,Jah is gay,WR,PIT,Bench,4.9,0,12,2024
Steelers,Jah is gay,D/ST,PIT,Bench,6.5,7,12,2024
Commanders,Jah is gay,D/ST,WSH,D/ST,5.5,4,12,2024
Marvin Harrison Jr.,Jah is gay,WR,ARI,FLEX,12.2,7.7,12,2024
Jake Bates,Jah is gay,K,DET,K,8.7,8,12,2024
Kyler Murray,Jah is gay,QB,ARI,QB,19,10.3,12,2024
De'Von Achane,Jah is gay,RB,MIA,RB,19.2,20.6,12,2024
Devin Singletary,Jah is gay,RB,NYG,RB,7.1,9,12,2024
Theo Johnson,Jah is gay,TE,NYG,TE,8,6.9,12,2024
DeAndre Hopkins,Jah is gay,WR,KC,WR,10.6,14.5,12,2024
Tank Dell,Jah is gay,WR,HOU,WR,10.9,10.2,12,2024
Caleb Williams,Kode,QB,CHI,Bench,12.7,26.9,12,2024
Greg Zuerlein,Kode,K,NYJ,Bench,0,0,12,2024
James Cook,Kode,RB,BUF,Bench,0,0,12,2024
Jaylen Warren,Kode,RB,PIT,Bench,10.9,15.4,12,2024
Michael Pittman Jr.,Kode,WR,IND,Bench,9.9,15.6,12,2024
Tucker Kraft,Kode,TE,GB,Bench,6.9,10.6,12,2024
Tyler Lockett,Kode,WR,SEA,Bench,8.9,4,12,2024
Eagles,Kode,D/ST,PHI,D/ST,6,9,12,2024
Rico Dowdle,Kode,RB,DAL,FLEX,12.2,10.8,12,2024
Jake Elliott,Kode,K,PHI,K,7.8,13,12,2024
Bo Nix,Kode,QB,DEN,QB,17.7,19.42,12,2024
Brian Robinson Jr.,Kode,RB,WSH,RB,16.1,3.4,12,2024
Kareem Hunt,Kode,RB,KC,RB,17.7,11.7,12,2024
Jonnu Smith,Kode,TE,MIA,TE,10.4,23.7,12,2024
Malik Nabers,Kode,WR,NYG,WR,15.8,12.4,12,2024
Puka Nacua,Kode,WR,LAR,WR,15.6,20.7,12,2024
Alexander Mattison,Mixon it (K)upp,RB,LV,Bench,0,0,12,2024
Audric Estime,Mixon it (K)upp,RB,DEN,Bench,7,1.5,12,2024
Dallas Goedert,Mixon it (K)upp,TE,PHI,Bench,10.7,5.9,12,2024
Drake London,Mixon it (K)upp,WR,ATL,Bench,0,0,12,2024
Evan McPherson,Mixon it (K)upp,K,CIN,Bench,0,0,12,2024
Rome Odunze,Mixon it (K)upp,WR,CHI,Bench,10.5,8.9,12,2024
Romeo Doubs,Mixon it (K)upp,WR,GB,Bench,9.4,8.4,12,2024
Chiefs,Mixon it (K)upp,D/ST,KC,D/ST,6.6,2,12,2024
Jerry Jeudy,Mixon it (K)upp,WR,CLE,FLEX,10.1,14.5,12,2024
Jason Sanders,Mixon it (K)upp,K,MIA,K,8.1,12,12,2024
Justin Herbert,Mixon it (K)upp,QB,LAC,QB,18,17.62,12,2024
Joe Mixon,Mixon it (K)upp,RB,HOU,RB,18.7,9.5,12,2024
Saquon Barkley,Mixon it (K)upp,RB,PHI,RB,18.3,46.2,12,2024
T.J. Hockenson,Mixon it (K)upp,TE,MIN,TE,11.3,18.4,12,2024
Cooper Kupp,Mixon it (K)upp,WR,LAR,WR,15.2,20,12,2024
Deebo Samuel Sr.,Mixon it (K)upp,WR,SF,WR,12.1,3.1,12,2024
Breece Hall,Njigbas Be Wildin,RB,NYJ,Bench,0,0,12,2024
Brock Purdy,Njigbas Be Wildin,QB,SF,Bench,0,0,12,2024
Christian Watson,Njigbas Be Wildin,WR,GB,Bench,10.4,0.4,12,2024
DJ Moore,Njigbas Be Wildin,WR,CHI,Bench,11.1,26.9,12,2024
Evan Engram,Njigbas Be Wildin,TE,JAX,Bench,0,0,12,2024
Raheem Mostert,Njigbas Be Wildin,RB,MIA,Bench,5.4,1.2,12,2024
Titans,Njigbas Be Wildin,D/ST,TEN,Bench,5.5,12,12,2024
Broncos,Njigbas Be Wildin,D/ST,DEN,D/ST,7.7,8,12,2024
Courtland Sutton,Njigbas Be Wildin,WR,DEN,FLEX,13.3,29.7,12,2024
Brandon Aubrey,Njigbas Be Wildin,K,DAL,K,7.4,10,12,2024
Jordan Love,Njigbas Be Wildin,QB,GB,QB,14.8,14.72,12,2024
J.K. Dobbins,Njigbas Be Wildin,RB,LAC,RB,14.2,8.9,12,2024
Justice Hill,Njigbas Be Wildin,RB,BAL,RB,7.2,14.2,12,2024
Sam LaPorta,Njigbas Be Wildin,TE,DET,TE,10.4,4.9,12,2024
CeeDee Lamb,Njigbas Be Wildin,WR,DAL,WR,16.2,16.8,12,2024
Jaxon Smith-Njigba,Njigbas Be Wildin,WR,SEA,WR,13.7,19.7,12,2024
Braelon Allen,Reigning,RB,NYJ,Bench,0,0,12,2024
Javonte Williams,Reigning,RB,DEN,Bench,10.9,2.4,12,2024
Jaylen Waddle,Reigning,WR,MIA,Bench,10.5,28.4,12,2024
Josh Allen,Reigning,QB,BUF,Bench,0,0,12,2024
Mark Andrews,Reigning,TE,BAL,Bench,7.9,15.6,12,2024
Ricky Pearsall,Reigning,WR,SF,Bench,6.1,0,12,2024
Wan'Dale Robinson,Reigning,WR,NYG,Bench,10.2,9.7,12,2024
Vikings,Reigning,D/ST,MIN,D/ST,6.1,6,12,2024
Jauan Jennings,Reigning,WR,SF,FLEX,10.7,9,12,2024
Allen Lazard,Reigning,WR,NYJ,IR,0,0,12,2024
Chase McLaughlin,Reigning,K,TB,K,8.5,6,12,2024
Tua Tagovailoa,Reigning,QB,MIA,QB,17,28.48,12,2024
Aaron Jones,Reigning,RB,MIN,RB,14.5,19.9,12,2024
Christian McCaffrey,Reigning,RB,SF,RB,20.4,7.8,12,2024
Zach Ertz,Reigning,TE,WSH,TE,10.1,15.8,12,2024
Jayden Reed,Reigning,WR,GB,WR,11.9,5.6,12,2024
Nico Collins,Reigning,WR,HOU,WR,15.3,20.2,12,2024
Austin Ekeler,Team Chieffo,RB,WSH,Bench,10.1,4.4,12,2024
Cade Otton,Team Chieffo,TE,TB,Bench,11.7,4,12,2024
Geno Smith,Team Chieffo,QB,SEA,Bench,16.2,12.36,12,2024
Giants,Team Chieffo,D/ST,NYG,Bench,4.1,-4,12,2024
Ja'Marr Chase,Team Chieffo,WR,CIN,Bench,0,0,12,2024
Noah Brown,Team Chieffo,WR,WSH,Bench,8.8,13.1,12,2024
Tyler Allgeier,Team Chieffo,RB,ATL,Bench,0,0,12,2024
Browns,Team Chieffo,D/ST,CLE,D/ST,4.4,5,12,2024
DK Metcalf,Team Chieffo,WR,SEA,FLEX,15.2,9.9,12,2024
Justin Tucker,Team Chieffo,K,BAL,K,8.3,7,12,2024
Baker Mayfield,Team Chieffo,QB,TB,QB,18.5,18.66,12,2024
D'Andre Swift,Team Chieffo,RB,CHI,RB,14,9.5,12,2024
Kenneth Walker III,Team Chieffo,RB,SEA,RB,16.9,13.3,12,2024
Travis Kelce,Team Chieffo,TE,KC,TE,15,12.2,12,2024
Cedric Tillman,Team Chieffo,WR,CLE,WR,10.9,2.8,12,2024
Jameson Williams,Team Chieffo,WR,DET,WR,11,11.8,12,2024
Amari Cooper,Under the InfluWentz,WR,BUF,Bench,0,0,12,2024
Bengals,Under the InfluWentz,D/ST,CIN,Bench,0,0,12,2024
C.J. Stroud,Under the InfluWentz,QB,HOU,Bench,14,15.68,12,2024
DeMario Douglas,Under the InfluWentz,WR,NE,Bench,9.5,11.3,12,2024
Jake Ferguson,Under the InfluWentz,TE,DAL,Bench,0,0,12,2024
Keon Coleman,Under the InfluWentz,WR,BUF,Bench,0,0,12,2024
Nick Chubb,Under the InfluWentz,RB,CLE,Bench,11.2,19,12,2024
49ers,Under the InfluWentz,D/ST,SF,D/ST,4.8,-1,12,2024
Jakobi Meyers,Under the InfluWentz,WR,LV,FLEX,11.8,22.1,12,2024
Isiah Pacheco,Under the InfluWentz,RB,KC,IR,0,0,12,2024
Tyler Bass,Under the InfluWentz,K,BUF,K,0,0,12,2024
Russell Wilson,Under the InfluWentz,QB,PIT,QB,14.6,13.8,12,2024
Rhamondre Stevenson,Under the InfluWentz,RB,NE,RB,14.7,3.3,12,2024
Tyrone Tracy Jr.,Under the InfluWentz,RB,NYG,RB,14,9,12,2024
Dalton Schultz,Under the InfluWentz,TE,HOU,TE,7.4,4,12,2024
A.J. Brown,Under the InfluWentz,WR,PHI,WR,16.3,22.9,12,2024
Zay Flowers,Under the InfluWentz,WR,BAL,WR,14,11.2,12,2024
Alvin Kamara,willimantic crack addicts,RB,NO,Bench,0,0,12,2024
Chase Brown,willimantic crack addicts,RB,CIN,Bench,0,0,12,2024
Darnell Mooney,willimantic crack addicts,WR,ATL,Bench,0,0,12,2024
Joe Burrow,willimantic crack addicts,QB,CIN,Bench,0,0,12,2024
Rashod Bateman,willimantic crack addicts,WR,BAL,Bench,8.7,12.3,12,2024
Tee Higgins,willimantic crack addicts,WR,CIN,Bench,0,0,12,2024
Xavier Legette,willimantic crack addicts,WR,CAR,Bench,8.8,9.6,12,2024
Lions,willimantic crack addicts,D/ST,DET,D/ST,6,6,12,2024
Hunter Henry,willimantic crack addicts,TE,NE,FLEX,11,9.4,12,2024
Ka'imi Fairbairn,willimantic crack addicts,K,HOU,K,7.9,10,12,2024
Jameis Winston,willimantic crack addicts,QB,CLE,QB,13.6,13.46,12,2024
James Conner,willimantic crack addicts,RB,ARI,RB,17.6,9.9,12,2024
Rachaad White,willimantic crack addicts,RB,TB,RB,13.9,11.7,12,2024
David Njoku,willimantic crack addicts,TE,CLE,TE,10.8,3.9,12,2024
Quentin Johnston,willimantic crack addicts,WR,LAC,WR,11.5,0,12,2024
Xavier Worthy,willimantic crack addicts,WR,KC,WR,10.8,9.1,12,2024
Adonai Mitchell,'fore i repeat it ima forget it,WR,IND,Bench,9.5,0,13,2024
Jonathon Brooks,'fore i repeat it ima forget it,RB,CAR,Bench,5.2,7.1,13,2024
Keenan Allen,'fore i repeat it ima forget it,WR,CHI,Bench,12.2,24.3,13,2024
Sam Darnold,'fore i repeat it ima forget it,QB,MIN,Bench,16.8,19.6,13,2024
Tank Bigsby,'fore i repeat it ima forget it,RB,JAX,Bench,6.5,4.5,13,2024
Tyjae Spears,'fore i repeat it ima forget it,RB,TEN,Bench,8.8,0.3,13,2024
Zach Charbonnet,'fore i repeat it ima forget it,RB,SEA,Bench,6.4,12.1,13,2024
Cowboys,'fore i repeat it ima forget it,D/ST,DAL,D/ST,6.1,18,13,2024
Khalil Shakir,'fore i repeat it ima forget it,WR,BUF,FLEX,12.6,7,13,2024
John Parker Romo,'fore i repeat it ima forget it,K,MIN,K,7.9,13,13,2024
Jayden Daniels,'fore i repeat it ima forget it,QB,WSH,QB,19.8,27.64,13,2024
David Montgomery,'fore i repeat it ima forget it,RB,DET,RB,16.3,15.4,13,2024
Jahmyr Gibbs,'fore i repeat it ima forget it,RB,DET,RB,18.5,10.4,13,2024
Evan Engram,'fore i repeat it ima forget it,TE,JAX,TE,11.2,11.1,13,2024
DJ Moore,'fore i repeat it ima forget it,WR,CHI,WR,12.9,23.7,13,2024
George Pickens,'fore i repeat it ima forget it,WR,PIT,WR,15.6,16.4,13,2024
Calvin Ridley,Amon a new Level,WR,TEN,Bench,13.8,6.5,13,2024
Khalil Herbert,Amon a new Level,RB,CIN,Bench,3.4,1.4,13,2024
Patrick Mahomes,Amon a new Level,QB,KC,Bench,17.6,16.64,13,2024
Taysom Hill,Amon a new Level,TE,NO,Bench,13,9.7,13,2024
Terry McLaurin,Amon a new Level,WR,WSH,Bench,12.7,27.3,13,2024
Will Dissly,Amon a new Level,TE,LAC,Bench,9.6,0,13,2024
Younghoe Koo,Amon a new Level,K,ATL,Bench,7.6,7,13,2024
Texans,Amon a new Level,D/ST,HOU,D/ST,6.7,1,13,2024
Tyreek Hill,Amon a new Level,WR,MIA,FLEX,14.4,20.3,13,2024
Zane Gonzalez,Amon a new Level,K,WSH,K,8,4,13,2024
Jalen Hurts,Amon a new Level,QB,PHI,QB,20.7,17.62,13,2024
Derrick Henry,Amon a new Level,RB,BAL,RB,16.5,14.1,13,2024
Jonathan Taylor,Amon a new Level,RB,IND,RB,17.1,17.3,13,2024
George Kittle,Amon a new Level,TE,SF,TE,14.1,1.7,13,2024
Amon-Ra St. Brown,Amon a new Level,WR,DET,WR,19.4,12.3,13,2024
Ladd McConkey,Amon a new Level,WR,LAC,WR,13.2,20.7,13,2024
Anthony Richardson,Big Johnson,QB,IND,Bench,18.2,21.16,13,2024
DeVonta Smith,Big Johnson,WR,PHI,Bench,0,0,13,2024
Jared Goff,Big Johnson,QB,DET,Bench,17.3,16.94,13,2024
Josh Downs,Big Johnson,WR,IND,Bench,0,0,13,2024
Luke Schoonmaker,Big Johnson,TE,DAL,Bench,9.1,8.3,13,2024
Mike Gesicki,Big Johnson,TE,CIN,Bench,6.1,10.3,13,2024
Colts,Big Johnson,D/ST,IND,D/ST,6.7,3,13,2024
Najee Harris,Big Johnson,RB,PIT,FLEX,12.3,24.9,13,2024
Chris Boswell,Big Johnson,K,PIT,K,8,15,13,2024
Lamar Jackson,Big Johnson,QB,BAL,QB,21.5,25.38,13,2024
Josh Jacobs,Big Johnson,RB,GB,RB,18.6,21.7,13,2024
Kyren Williams,Big Johnson,RB,LAR,RB,18.3,18.3,13,2024
Brock Bowers,Big Johnson,TE,LV,TE,15.4,30.2,13,2024
Davante Adams,Big Johnson,WR,NYJ,WR,15.3,17.6,13,2024
Garrett Wilson,Big Johnson,WR,NYJ,WR,15.3,9.1,13,2024
Alec Pierce,Dyls belly,WR,IND,Bench,9.4,9.6,13,2024
Gabe Davis,Dyls belly,WR,JAX,Bench,0,0,13,2024
Jalen Tolbert,Dyls belly,WR,DAL,Bench,5.8,6.1,13,2024
Travis Etienne Jr.,Dyls belly,RB,JAX,Bench,11.8,8.8,13,2024
Tyler Conklin,Dyls belly,TE,NYJ,Bench,5.6,7.2,13,2024
Buccaneers,Dyls belly,D/ST,TB,D/ST,7.2,2,13,2024
Jordan Addison,Dyls belly,WR,MIN,FLEX,11.7,9.4,13,2024
Chris Godwin,Dyls belly,WR,TB,IR,0,0,13,2024
Cameron Dicker,Dyls belly,K,LAC,K,8.6,12,13,2024
Drake Maye,Dyls belly,QB,NE,QB,15.5,19.42,13,2024
Chuba Hubbard,Dyls belly,RB,CAR,RB,18,2.3,13,2024
Tony Pollard,Dyls belly,RB,TEN,RB,14.5,8.8,13,2024
Trey McBride,Dyls belly,TE,ARI,TE,13.6,21.6,13,2024
Justin Jefferson,Dyls belly,WR,MIN,WR,17.4,16.9,13,2024
Mike Evans,Dyls belly,WR,TB,WR,15.4,25.8,13,2024
Adam Thielen,Jah is gay,WR,CAR,Bench,9.4,23.9,13,2024
Dalton Kincaid,Jah is gay,TE,BUF,Bench,0,0,13,2024
DeAndre Hopkins,Jah is gay,WR,KC,Bench,10,13,13,2024
Devin Singletary,Jah is gay,RB,NYG,Bench,7.6,2.3,13,2024
Mike Williams,Jah is gay,WR,PIT,Bench,3.1,0,13,2024
Steelers,Jah is gay,D/ST,PIT,Bench,5.1,14,13,2024
Theo Johnson,Jah is gay,TE,NYG,Bench,8.7,10.4,13,2024
Commanders,Jah is gay,D/ST,WSH,D/ST,8,8,13,2024
Marvin Harrison Jr.,Jah is gay,WR,ARI,FLEX,11.9,17,13,2024
Jake Bates,Jah is gay,K,DET,K,8.8,11,13,2024
Kyler Murray,Jah is gay,QB,ARI,QB,16.9,15.2,13,2024
Bijan Robinson,Jah is gay,RB,ATL,RB,20.3,25.5,13,2024
De'Von Achane,Jah is gay,RB,MIA,RB,18.5,21,13,2024
Dawson Knox,Jah is gay,TE,BUF,TE,8.8,7.6,13,2024
Brian Thomas Jr.,Jah is gay,WR,JAX,WR,12,18.7,13,2024
Tank Dell,Jah is gay,WR,HOU,WR,11.6,3.3,13,2024
Caleb Williams,Kode,QB,CHI,Bench,14.6,26.14,13,2024
Greg Zuerlein,Kode,K,NYJ,Bench,0,0,13,2024
James Cook,Kode,RB,BUF,Bench,15.5,19,13,2024
Jaylen Warren,Kode,RB,PIT,Bench,10.5,10.4,13,2024
Michael Pittman Jr.,Kode,WR,IND,Bench,11.3,9.2,13,2024
Tucker Kraft,Kode,TE,GB,Bench,7.6,13.8,13,2024
Tyler Lockett,Kode,WR,SEA,Bench,7,4.6,13,2024
Eagles,Kode,D/ST,PHI,D/ST,3.6,2,13,2024
Rico Dowdle,Kode,RB,DAL,FLEX,14.7,21.3,13,2024
Jake Elliott,Kode,K,PHI,K,8,6,13,2024
Bo Nix,Kode,QB,DEN,QB,19.1,12.16,13,2024
Brian Robinson Jr.,Kode,RB,WSH,RB,15.2,17.9,13,2024
Kareem Hunt,Kode,RB,KC,RB,10.4,3.5,13,2024
Jonnu Smith,Kode,TE,MIA,TE,12.7,21.3,13,2024
Malik Nabers,Kode,WR,NYG,WR,16.3,15.3,13,2024
Puka Nacua,Kode,WR,LAR,WR,18.5,17.3,13,2024
Ameer Abdullah,Mixon it (K)upp,RB,LV,Bench,11.2,7.3,13,2024
Dallas Goedert,Mixon it (K)upp,TE,PHI,Bench,11,12.5,13,2024
Deebo Samuel Sr.,Mixon it (K)upp,WR,SF,Bench,13.1,4,13,2024
Evan McPherson,Mixon it (K)upp,K,CIN,Bench,7.7,8,13,2024
Jerry Jeudy,Mixon it (K)upp,WR,CLE,Bench,12.6,40.5,13,2024
Rome Odunze,Mixon it (K)upp,WR,CHI,Bench,11.8,4.5,13,2024
Romeo Doubs,Mixon it (K)upp,WR,GB,Bench,0,0,13,2024
Chiefs,Mixon it (K)upp,D/ST,KC,D/ST,7.6,3,13,2024
Gus Edwards,Mixon it (K)upp,RB,LAC,FLEX,11.7,4.3,13,2024
Jason Sanders,Mixon it (K)upp,K,MIA,K,7.7,3,13,2024
Justin Herbert,Mixon it (K)upp,QB,LAC,QB,18.6,7.98,13,2024
Joe Mixon,Mixon it (K)upp,RB,HOU,RB,21.8,21.9,13,2024
Saquon Barkley,Mixon it (K)upp,RB,PHI,RB,19.2,19.7,13,2024
T.J. Hockenson,Mixon it (K)upp,TE,MIN,TE,12,5.8,13,2024
Cooper Kupp,Mixon it (K)upp,WR,LAR,WR,17.2,4.7,13,2024
Drake London,Mixon it (K)upp,WR,ATL,WR,15.3,17.3,13,2024
Brock Purdy,Njigbas Be Wildin,QB,SF,Bench,19.2,2.16,13,2024
Christian Watson,Njigbas Be Wildin,WR,GB,Bench,12.1,8.7,13,2024
J.K. Dobbins,Njigbas Be Wildin,RB,LAC,Bench,0,0,13,2024
Justice Hill,Njigbas Be Wildin,RB,BAL,Bench,6.9,6.1,13,2024
Raheem Mostert,Njigbas Be Wildin,RB,MIA,Bench,3.4,5.4,13,2024
Sam LaPorta,Njigbas Be Wildin,TE,DET,Bench,11.3,15.6,13,2024
Titans,Njigbas Be Wildin,D/ST,TEN,Bench,5,-4,13,2024
Broncos,Njigbas Be Wildin,D/ST,DEN,D/ST,8.1,13,13,2024
Courtland Sutton,Njigbas Be Wildin,WR,DEN,FLEX,14.5,16.2,13,2024
Brandon Aubrey,Njigbas Be Wildin,K,DAL,K,7.5,9,13,2024
Jordan Love,Njigbas Be Wildin,QB,GB,QB,15.2,18.96,13,2024
Breece Hall,Njigbas Be Wildin,RB,NYJ,RB,17.9,6,13,2024
Bucky Irving,Njigbas Be Wildin,RB,TB,RB,14.5,27.5,13,2024
Kyle Pitts,Njigbas Be Wildin,TE,ATL,TE,8.6,0,13,2024
CeeDee Lamb,Njigbas Be Wildin,WR,DAL,WR,17.2,5.9,13,2024
Jaxon Smith-Njigba,Njigbas Be Wildin,WR,SEA,WR,14.9,11.9,13,2024
Braelon Allen,Reigning,RB,NYJ,Bench,4.9,4.7,13,2024
Javonte Williams,Reigning,RB,DEN,Bench,11.6,7.4,13,2024
Jayden Reed,Reigning,WR,GB,Bench,12.2,19.7,13,2024
Mark Andrews,Reigning,TE,BAL,Bench,8.8,18.9,13,2024
Ricky Pearsall,Reigning,WR,SF,Bench,5.8,0,13,2024
Tua Tagovailoa,Reigning,QB,MIA,Bench,16.8,25.2,13,2024
Wan'Dale Robinson,Reigning,WR,NYG,Bench,10.3,2.6,13,2024
Vikings,Reigning,D/ST,MIN,D/ST,6,2,13,2024
Jauan Jennings,Reigning,WR,SF,FLEX,13.8,8.6,13,2024
Allen Lazard,Reigning,WR,NYJ,IR,0,0,13,2024
Chase McLaughlin,Reigning,K,TB,K,8.9,15,13,2024
Josh Allen,Reigning,QB,BUF,QB,20.5,28.42,13,2024
Aaron Jones,Reigning,RB,MIN,RB,15.6,9.8,13,2024
Christian McCaffrey,Reigning,RB,SF,RB,20.2,8.7,13,2024
Zach Ertz,Reigning,TE,WSH,TE,10.1,12.5,13,2024
Jaylen Waddle,Reigning,WR,MIA,WR,13,11.3,13,2024
Nico Collins,Reigning,WR,HOU,WR,18.3,19.9,13,2024
Austin Ekeler,Team Chieffo,RB,WSH,Bench,0,0,13,2024
Cade Otton,Team Chieffo,TE,TB,Bench,11,6,13,2024
Cedric Tillman,Team Chieffo,WR,CLE,Bench,0,0,13,2024
Geno Smith,Team Chieffo,QB,SEA,Bench,16.4,12.44,13,2024
Giants,Team Chieffo,D/ST,NYG,Bench,5.4,0,13,2024
Noah Brown,Team Chieffo,WR,WSH,Bench,8.7,5.7,13,2024
Tyler Allgeier,Team Chieffo,RB,ATL,Bench,7.3,3.2,13,2024
Browns,Team Chieffo,D/ST,CLE,D/ST,4.1,0,13,2024
DK Metcalf,Team Chieffo,WR,SEA,FLEX,14.8,10.6,13,2024
Justin Tucker,Team Chieffo,K,BAL,K,8.3,7,13,2024
Baker Mayfield,Team Chieffo,QB,TB,QB,19.2,10.2,13,2024
D'Andre Swift,Team Chieffo,RB,CHI,RB,14.7,9.4,13,2024
Kenneth Walker III,Team Chieffo,RB,SEA,RB,16.3,6.6,13,2024
Travis Kelce,Team Chieffo,TE,KC,TE,13.7,13.8,13,2024
Ja'Marr Chase,Team Chieffo,WR,CIN,WR,20.3,20.6,13,2024
Jameson Williams,Team Chieffo,WR,DET,WR,12.7,9.6,13,2024
49ers,Under the InfluWentz,D/ST,SF,Bench,4,-4,13,2024
Amari Cooper,Under the InfluWentz,WR,BUF,Bench,10,4.2,13,2024
DeMario Douglas,Under the InfluWentz,WR,NE,Bench,9.9,6,13,2024
Jake Ferguson,Under the InfluWentz,TE,DAL,Bench,0,0,13,2024
Keon Coleman,Under the InfluWentz,WR,BUF,Bench,9.9,0,13,2024
Nick Chubb,Under the InfluWentz,RB,CLE,Bench,10.4,12.5,13,2024
Russell Wilson,Under the InfluWentz,QB,PIT,Bench,14.7,26.86,13,2024
Bengals,Under the InfluWentz,D/ST,CIN,D/ST,6.5,3,13,2024
Jakobi Meyers,Under the InfluWentz,WR,LV,FLEX,13.8,15.7,13,2024
Isiah Pacheco,Under the InfluWentz,RB,KC,IR,11.8,5.9,13,2024
Tyler Bass,Under the InfluWentz,K,BUF,K,8.1,4,13,2024
C.J. Stroud,Under the InfluWentz,QB,HOU,QB,17,14.38,13,2024
Rhamondre Stevenson,Under the InfluWentz,RB,NE,RB,13.7,12.4,13,2024
Tyrone Tracy Jr.,Under the InfluWentz,RB,NYG,RB,15.5,14.5,13,2024
Dalton Schultz,Under the InfluWentz,TE,HOU,TE,8.2,17.1,13,2024
A.J. Brown,Under the InfluWentz,WR,PHI,WR,18.2,11.6,13,2024
Zay Flowers,Under the InfluWentz,WR,BAL,WR,14.4,10.1,13,2024
Hunter Henry,willimantic crack addicts,TE,NE,Bench,10.6,14.5,13,2024
Jameis Winston,willimantic crack addicts,QB,CLE,Bench,13.2,32.98,13,2024
Quentin Johnston,willimantic crack addicts,WR,LAC,Bench,11.3,3.2,13,2024
Rachaad White,willimantic crack addicts,RB,TB,Bench,13.1,8.8,13,2024
Rashod Bateman,willimantic crack addicts,WR,BAL,Bench,8.5,0,13,2024
Xavier Legette,willimantic crack addicts,WR,CAR,Bench,9.7,9.3,13,2024
Xavier Worthy,willimantic crack addicts,WR,KC,Bench,11.2,10.4,13,2024
Lions,willimantic crack addicts,D/ST,DET,D/ST,7.3,5,13,2024
James Conner,willimantic crack addicts,RB,ARI,FLEX,15,11.1,13,2024
Ka'imi Fairbairn,willimantic crack addicts,K,HOU,K,8,13,13,2024
Joe Burrow,willimantic crack addicts,QB,CIN,QB,19.4,19.26,13,2024
Alvin Kamara,willimantic crack addicts,RB,NO,RB,21.9,15.9,13,2024
Chase Brown,willimantic crack addicts,RB,CIN,RB,16.4,19,13,2024
David Njoku,willimantic crack addicts,TE,CLE,TE,12,26.2,13,2024
Darnell Mooney,willimantic crack addicts,WR,ATL,WR,12.8,5,13,2024
Tee Higgins,willimantic crack addicts,WR,CIN,WR,17.1,17.9,13,2024
George Pickens,'fore i repeat it ima forget it,WR,PIT,Bench,0,0,14,2024
Jayden Daniels,'fore i repeat it ima forget it,QB,WSH,Bench,0,0,14,2024
Jaylen Wright,'fore i repeat it ima forget it,RB,MIA,Bench,6,3.3,14,2024
Jonathon Brooks,'fore i repeat it ima forget it,RB,CAR,Bench,4.8,-0.3,14,2024
Keenan Allen,'fore i repeat it ima forget it,WR,CHI,Bench,12.2,6,14,2024
Tank Bigsby,'fore i repeat it ima forget it,RB,JAX,Bench,8,13.2,14,2024
Tyjae Spears,'fore i repeat it ima forget it,RB,TEN,Bench,8.2,3.3,14,2024
Chargers,'fore i repeat it ima forget it,D/ST,LAC,D/ST,5.8,5,14,2024
Zach Charbonnet,'fore i repeat it ima forget it,RB,SEA,FLEX,15.2,38.3,14,2024
Chad Ryland,'fore i repeat it ima forget it,K,ARI,K,7.3,3,14,2024
Sam Darnold,'fore i repeat it ima forget it,QB,MIN,QB,17.8,34.58,14,2024
David Montgomery,'fore i repeat it ima forget it,RB,DET,RB,15.4,19.4,14,2024
Jahmyr Gibbs,'fore i repeat it ima forget it,RB,DET,RB,16.6,19.3,14,2024
Evan Engram,'fore i repeat it ima forget it,TE,JAX,TE,12,7.3,14,2024
DJ Moore,'fore i repeat it ima forget it,WR,CHI,WR,14,10.9,14,2024
Khalil Shakir,'fore i repeat it ima forget it,WR,BUF,WR,14.4,21.6,14,2024
Alexander Mattison,Amon a new Level,RB,LV,Bench,0,0,14,2024
Derrick Henry,Amon a new Level,RB,BAL,Bench,0,0,14,2024
Jonathan Taylor,Amon a new Level,RB,IND,Bench,0,0,14,2024
Ladd McConkey,Amon a new Level,WR,LAC,Bench,0,0,14,2024
Patrick Mahomes,Amon a new Level,QB,KC,Bench,17.1,14.1,14,2024
Terry McLaurin,Amon a new Level,WR,WSH,Bench,0,0,14,2024
Tyreek Hill,Amon a new Level,WR,MIA,Bench,13.3,28.1,14,2024
Cardinals,Amon a new Level,D/ST,ARI,D/ST,6.4,-4,14,2024
Calvin Ridley,Amon a new Level,WR,TEN,FLEX,14.1,12.9,14,2024
Younghoe Koo,Amon a new Level,K,ATL,K,7,7,14,2024
Jalen Hurts,Amon a new Level,QB,PHI,QB,22.5,24.22,14,2024
Isaiah Davis,Amon a new Level,RB,NYJ,RB,7.3,15.7,14,2024
Sincere McCormick,Amon a new Level,RB,LV,RB,9.2,10.9,14,2024
George Kittle,Amon a new Level,TE,SF,TE,13.8,21.1,14,2024
Amon-Ra St. Brown,Amon a new Level,WR,DET,WR,17.5,10.3,14,2024
Joshua Palmer,Amon a new Level,WR,LAC,WR,6.7,13.8,14,2024
Anthony Richardson,Big Johnson,QB,IND,Bench,0,0,14,2024
Colts,Big Johnson,D/ST,IND,Bench,0,0,14,2024
DeVonta Smith,Big Johnson,WR,PHI,Bench,10.6,13.7,14,2024
Josh Downs,Big Johnson,WR,IND,Bench,0,0,14,2024
Lamar Jackson,Big Johnson,QB,ATL,Bench,0,0,14,2024
Mike Gesicki,Big Johnson,TE,CIN,Bench,8,5.4,14,2024
Nick Westbrook-Ikhine,Big Johnson,WR,TEN,Bench,11.1,2.9,14,2024
Saints,Big Johnson,D/ST,NO,D/ST,5.6,9,14,2024
Najee Harris,Big Johnson,RB,PIT,FLEX,14.9,11.3,14,2024
Chris Boswell,Big Johnson,K,PIT,K,8.2,11,14,2024
Jared Goff,Big Johnson,QB,DET,QB,15.8,22.02,14,2024
Josh Jacobs,Big Johnson,RB,GB,RB,16.9,24.6,14,2024
Kyren Williams,Big Johnson,RB,LAR,RB,15.5,23.7,14,2024
Brock Bowers,Big Johnson,TE,LV,TE,16.8,8.2,14,2024
Davante Adams,Big Johnson,WR,NYJ,WR,15,25.9,14,2024
Garrett Wilson,Big Johnson,WR,NYJ,WR,14.4,18.4,14,2024
Alec Pierce,Dyls belly,WR,IND,Bench,0,0,14,2024
Drake Maye,Dyls belly,QB,NE,Bench,0,0,14,2024
Gabe Davis,Dyls belly,WR,JAX,Bench,0,0,14,2024
Jalen Tolbert,Dyls belly,WR,DAL,Bench,5.2,0,14,2024
Travis Etienne Jr.,Dyls belly,RB,JAX,Bench,13.7,11,14,2024
Tyler Conklin,Dyls belly,TE,NYJ,Bench,6,6.3,14,2024
Dolphins,Dyls belly,D/ST,MIA,D/ST,6.3,0,14,2024
Jordan Addison,Dyls belly,WR,MIN,FLEX,12.3,39.3,14,2024
Chris Godwin,Dyls belly,WR,TB,IR,0,0,14,2024
Cameron Dicker,Dyls belly,K,LAC,K,8.2,5,14,2024
Will Levis,Dyls belly,QB,TEN,QB,17.2,7.02,14,2024
Chuba Hubbard,Dyls belly,RB,CAR,RB,12.8,20.7,14,2024
Tony Pollard,Dyls belly,RB,TEN,RB,16,14.4,14,2024
Trey McBride,Dyls belly,TE,ARI,TE,14.2,14,14,2024
Justin Jefferson,Dyls belly,WR,MIN,WR,18.2,32.2,14,2024
Mike Evans,Dyls belly,WR,TB,WR,14.8,10.9,14,2024
Adam Thielen,Jah is gay,WR,CAR,Bench,10.6,19.2,14,2024
Commanders,Jah is gay,D/ST,WSH,Bench,0,0,14,2024
Dalton Kincaid,Jah is gay,TE,BUF,Bench,0,0,14,2024
Devin Singletary,Jah is gay,RB,NYG,Bench,7.9,0.8,14,2024
Elijah Moore,Jah is gay,WR,CLE,Bench,11,6.4,14,2024
Tank Dell,Jah is gay,WR,HOU,Bench,0,0,14,2024
Theo Johnson,Jah is gay,TE,NYG,Bench,0,0,14,2024
Steelers,Jah is gay,D/ST,PIT,D/ST,6.6,10,14,2024
Marvin Harrison Jr.,Jah is gay,WR,ARI,FLEX,12.4,8.9,14,2024
Jake Bates,Jah is gay,K,DET,K,8.7,11,14,2024
Kyler Murray,Jah is gay,QB,ARI,QB,17.5,17.96,14,2024
Bijan Robinson,Jah is gay,RB,ATL,RB,17.7,20.1,14,2024
De'Von Achane,Jah is gay,RB,MIA,RB,19.9,18.9,14,2024
Dawson Knox,Jah is gay,TE,BUF,TE,8.8,1.5,14,2024
Brian Thomas Jr.,Jah is gay,WR,JAX,WR,14,16.6,14,2024
DeAndre Hopkins,Jah is gay,WR,KC,WR,10.3,13.2,14,2024
Bo Nix,Kode,QB,DEN,Bench,0,0,14,2024
Brian Robinson Jr.,Kode,RB,WSH,Bench,0,0,14,2024
Greg Zuerlein,Kode,K,NYJ,Bench,0,0,14,2024
Kareem Hunt,Kode,RB,KC,Bench,9.1,3.9,14,2024
Michael Pittman Jr.,Kode,WR,IND,Bench,0,0,14,2024
Tucker Kraft,Kode,TE,GB,Bench,9,13.1,14,2024
Tyler Lockett,Kode,WR,SEA,Bench,7.6,0,14,2024
Eagles,Kode,D/ST,PHI,D/ST,6.9,4,14,2024
Jaylen Warren,Kode,RB,PIT,FLEX,10.7,9.2,14,2024
Jake Elliott,Kode,K,PHI,K,8.4,1,14,2024
Caleb Williams,Kode,QB,CHI,QB,15.6,14.06,14,2024
James Cook,Kode,RB,BUF,RB,16.6,4.9,14,2024
Rico Dowdle,Kode,RB,DAL,RB,12.6,15.1,14,2024
Jonnu Smith,Kode,TE,MIA,TE,11.5,13.4,14,2024
Malik Nabers,Kode,WR,NYG,WR,16.5,14.9,14,2024
Puka Nacua,Kode,WR,LAR,WR,19,41.8,14,2024
Dallas Goedert,Mixon it (K)upp,TE,PHI,Bench,0,0,14,2024
Deebo Samuel Sr.,Mixon it (K)upp,WR,SF,Bench,13.3,5.5,14,2024
Gus Edwards,Mixon it (K)upp,RB,LAC,Bench,10.2,9.6,14,2024
Joe Mixon,Mixon it (K)upp,RB,HOU,Bench,0,0,14,2024
Ray-Ray McCloud III,Mixon it (K)upp,WR,ATL,Bench,8.1,16.1,14,2024
Rome Odunze,Mixon it (K)upp,WR,CHI,Bench,11.8,20.2,14,2024
Romeo Doubs,Mixon it (K)upp,WR,GB,Bench,0,0,14,2024
Chiefs,Mixon it (K)upp,D/ST,KC,D/ST,5,6,14,2024
Jerry Jeudy,Mixon it (K)upp,WR,CLE,FLEX,15,17.4,14,2024
Jason Sanders,Mixon it (K)upp,K,MIA,K,7.9,16,14,2024
Justin Herbert,Mixon it (K)upp,QB,LAC,QB,17.5,13.72,14,2024
Isaac Guerendo,Mixon it (K)upp,RB,SF,RB,12.5,26.8,14,2024
Saquon Barkley,Mixon it (K)upp,RB,PHI,RB,23.1,14.4,14,2024
T.J. Hockenson,Mixon it (K)upp,TE,MIN,TE,11.3,8.5,14,2024
Cooper Kupp,Mixon it (K)upp,WR,LAR,WR,16.8,20.2,14,2024
Drake London,Mixon it (K)upp,WR,ATL,WR,15.5,12,14,2024
Breece Hall,Njigbas Be Wildin,RB,NYJ,Bench,0,0,14,2024
Broncos,Njigbas Be Wildin,D/ST,DEN,Bench,0,0,14,2024
Courtland Sutton,Njigbas Be Wildin,WR,DEN,Bench,0,0,14,2024
Jordan Love,Njigbas Be Wildin,QB,GB,Bench,13.7,14.54,14,2024
Justice Hill,Njigbas Be Wildin,RB,BAL,Bench,0,0,14,2024
Kyle Pitts,Njigbas Be Wildin,TE,ATL,Bench,7.2,2.4,14,2024
Raheem Mostert,Njigbas Be Wildin,RB,MIA,Bench,0,0,14,2024
Titans,Njigbas Be Wildin,D/ST,TEN,D/ST,6.2,10,14,2024
Christian Watson,Njigbas Be Wildin,WR,GB,FLEX,10.4,13.4,14,2024
J.K. Dobbins,Njigbas Be Wildin,RB,LAC,IR,0,0,14,2024
Brandon Aubrey,Njigbas Be Wildin,K,DAL,K,7.6,9,14,2024
Brock Purdy,Njigbas Be Wildin,QB,SF,QB,18.3,22.1,14,2024
Ameer Abdullah,Njigbas Be Wildin,RB,LV,RB,9.9,0.8,14,2024
Bucky Irving,Njigbas Be Wildin,RB,TB,RB,15.7,2.8,14,2024
Sam LaPorta,Njigbas Be Wildin,TE,DET,TE,10.7,10.4,14,2024
CeeDee Lamb,Njigbas Be Wildin,WR,DAL,WR,16.1,21.4,14,2024
Jaxon Smith-Njigba,Njigbas Be Wildin,WR,SEA,WR,14.5,19.6,14,2024
Braelon Allen,Reigning,RB,NYJ,Bench,12.3,12.1,14,2024
Javonte Williams,Reigning,RB,DEN,Bench,0,0,14,2024
Mark Andrews,Reigning,TE,BAL,Bench,0,0,14,2024
Nico Collins,Reigning,WR,HOU,Bench,0,0,14,2024
Ricky Pearsall,Reigning,WR,SF,Bench,7,1.5,14,2024
Wan'Dale Robinson,Reigning,WR,NYG,Bench,9,7.8,14,2024
Zach Ertz,Reigning,TE,WSH,Bench,0,0,14,2024
Vikings,Reigning,D/ST,MIN,D/ST,6.2,2,14,2024
Jauan Jennings,Reigning,WR,SF,FLEX,14,28,14,2024
Christian McCaffrey,Reigning,RB,SF,IR,0,0,14,2024
Chase McLaughlin,Reigning,K,TB,K,8.6,4,14,2024
Josh Allen,Reigning,QB,BUF,QB,21.8,51.88,14,2024
Aaron Jones,Reigning,RB,MIN,RB,16.3,16.4,14,2024
Kimani Vidal,Reigning,RB,LAC,RB,7.4,3.4,14,2024
Will Dissly,Reigning,TE,LAC,TE,9,3.9,14,2024
Jayden Reed,Reigning,WR,GB,WR,12.9,0,14,2024
Jaylen Waddle,Reigning,WR,MIA,WR,11.3,20.9,14,2024
Cade Otton,Team Chieffo,TE,TB,Bench,9.8,10,14,2024
Cedric Tillman,Team Chieffo,WR,CLE,Bench,0,0,14,2024
Justin Tucker,Team Chieffo,K,BAL,Bench,0,0,14,2024
Kenneth Walker III,Team Chieffo,RB,SEA,Bench,0,0,14,2024
Nick Folk,Team Chieffo,K,TEN,Bench,8.2,7,14,2024
Noah Brown,Team Chieffo,WR,WSH,Bench,0,0,14,2024
Tyler Allgeier,Team Chieffo,RB,ATL,Bench,6,12.3,14,2024
Browns,Team Chieffo,D/ST,CLE,D/ST,4.1,5,14,2024
DK Metcalf,Team Chieffo,WR,SEA,FLEX,14.9,8.9,14,2024
Matthew Wright,Team Chieffo,K,KC,K,7.9,16,14,2024
Baker Mayfield,Team Chieffo,QB,TB,QB,16.5,19,14,2024
D'Andre Swift,Team Chieffo,RB,CHI,RB,15.6,5,14,2024
Patrick Taylor Jr.,Team Chieffo,RB,SF,RB,5.1,8.5,14,2024
Travis Kelce,Team Chieffo,TE,KC,TE,14.6,9.5,14,2024
Ja'Marr Chase,Team Chieffo,WR,CIN,WR,21,45.1,14,2024
Jameson Williams,Team Chieffo,WR,DET,WR,12.5,13,14,2024
Bengals,Under the InfluWentz,D/ST,CIN,Bench,4.9,7,14,2024
C.J. Stroud,Under the InfluWentz,QB,HOU,Bench,0,0,14,2024
Dalton Schultz,Under the InfluWentz,TE,HOU,Bench,0,0,14,2024
DeMario Douglas,Under the InfluWentz,WR,NE,Bench,0,0,14,2024
Keon Coleman,Under the InfluWentz,WR,BUF,Bench,0,0,14,2024
Rhamondre Stevenson,Under the InfluWentz,RB,NE,Bench,0,0,14,2024
Zay Flowers,Under the InfluWentz,WR,BAL,Bench,0,0,14,2024
49ers,Under the InfluWentz,D/ST,SF,D/ST,5.4,15,14,2024
Jakobi Meyers,Under the InfluWentz,WR,LV,FLEX,14.6,13.7,14,2024
Isiah Pacheco,Under the InfluWentz,RB,KC,IR,11.3,8.1,14,2024
Tyler Bass,Under the InfluWentz,K,BUF,K,8,6,14,2024
Russell Wilson,Under the InfluWentz,QB,PIT,QB,16.3,16.02,14,2024
Nick Chubb,Under the InfluWentz,RB,CLE,RB,10.1,4.8,14,2024
Tyrone Tracy Jr.,Under the InfluWentz,RB,NYG,RB,14.5,19.3,14,2024
Jake Ferguson,Under the InfluWentz,TE,DAL,TE,10.9,6.2,14,2024
A.J. Brown,Under the InfluWentz,WR,PHI,WR,15.3,8.3,14,2024
Amari Cooper,Under the InfluWentz,WR,BUF,WR,11,15.5,14,2024
Hunter Henry,willimantic crack addicts,TE,NE,Bench,0,0,14,2024
Jameis Winston,willimantic crack addicts,QB,CLE,Bench,15.4,15.28,14,2024
Quentin Johnston,willimantic crack addicts,WR,LAC,Bench,11.1,15.8,14,2024
Rachaad White,willimantic crack addicts,RB,TB,Bench,11.8,24.9,14,2024
Rashod Bateman,willimantic crack addicts,WR,BAL,Bench,0,0,14,2024
Xavier Legette,willimantic crack addicts,WR,CAR,Bench,8.3,5.9,14,2024
Xavier Worthy,willimantic crack addicts,WR,KC,Bench,10.5,9.6,14,2024
Lions,willimantic crack addicts,D/ST,DET,D/ST,4.5,4,14,2024
James Conner,willimantic crack addicts,RB,ARI,FLEX,16.6,22.2,14,2024
Ka'imi Fairbairn,willimantic crack addicts,K,HOU,K,0,0,14,2024
Joe Burrow,willimantic crack addicts,QB,CIN,QB,21.1,24.56,14,2024
Alvin Kamara,willimantic crack addicts,RB,NO,RB,22.9,12.9,14,2024
Chase Brown,willimantic crack addicts,RB,CIN,RB,19.3,24.3,14,2024
David Njoku,willimantic crack addicts,TE,CLE,TE,12.5,17.2,14,2024
Darnell Mooney,willimantic crack addicts,WR,ATL,WR,12.1,20.2,14,2024
Tee Higgins,willimantic crack addicts,WR,CIN,WR,17.5,4.3,14,2024
Alexander Mattison,Amon a new Level,RB,LV,Bench,6.6,2.4,15,2024
Calvin Ridley,Amon a new Level,WR,TEN,Bench,13.5,9,15,2024
Isaiah Davis,Amon a new Level,RB,NYJ,Bench,2.5,3.6,15,2024
Joshua Palmer,Amon a new Level,WR,LAC,Bench,8.2,3,15,2024
Ladd McConkey,Amon a new Level,WR,LAC,Bench,14.6,16.8,15,2024
Patrick Mahomes,Amon a new Level,QB,KC,Bench,17.6,15.76,15,2024
Sincere McCormick,Amon a new Level,RB,LV,Bench,10.2,4.5,15,2024
Packers,Amon a new Level,D/ST,GB,D/ST,6.4,16,15,2024
Tyreek Hill,Amon a new Level,WR,MIA,FLEX,15.2,5.6,15,2024
Younghoe Koo,Amon a new Level,K,ATL,K,7.4,8,15,2024
Jalen Hurts,Amon a new Level,QB,PHI,QB,20,28.1,15,2024
Derrick Henry,Amon a new Level,RB,BAL,RB,19.6,6.7,15,2024
Jonathan Taylor,Amon a new Level,RB,IND,RB,12.9,10.1,15,2024
George Kittle,Amon a new Level,TE,SF,TE,14.4,10.1,15,2024
Amon-Ra St. Brown,Amon a new Level,WR,DET,WR,17.2,37.3,15,2024
Terry McLaurin,Amon a new Level,WR,WSH,WR,14.7,26.3,15,2024
Anthony Richardson,Big Johnson,QB,IND,Bench,15.6,14.38,15,2024
DeVonta Smith,Big Johnson,WR,PHI,Bench,11.2,28,15,2024
Jared Goff,Big Johnson,QB,DET,Bench,16.4,41.06,15,2024
Josh Downs,Big Johnson,WR,IND,Bench,10.9,6.2,15,2024
Mike Gesicki,Big Johnson,TE,CIN,Bench,7.3,6.7,15,2024
Nick Westbrook-Ikhine,Big Johnson,WR,TEN,Bench,9.9,2.9,15,2024
Jets,Big Johnson,D/ST,NYJ,D/ST,6.6,3,15,2024
Najee Harris,Big Johnson,RB,PIT,FLEX,11.5,3.1,15,2024
Chris Boswell,Big Johnson,K,PIT,K,7.6,8,15,2024
Lamar Jackson,Big Johnson,QB,BAL,QB,23.9,36.1,15,2024
Josh Jacobs,Big Johnson,RB,GB,RB,18.8,21.6,15,2024
Kyren Williams,Big Johnson,RB,LAR,RB,15.6,13.2,15,2024
Brock Bowers,Big Johnson,TE,LV,TE,15.6,6.5,15,2024
Davante Adams,Big Johnson,WR,NYJ,WR,16.9,42.8,15,2024
Garrett Wilson,Big Johnson,WR,NYJ,WR,16,14.6,15,2024
Alec Pierce,Dyls belly,WR,IND,Bench,6.6,0,15,2024
Drake Maye,Dyls belly,QB,NE,Bench,15.7,17.48,15,2024
Gabe Davis,Dyls belly,WR,JAX,Bench,0,0,15,2024
Jalen Tolbert,Dyls belly,WR,DAL,Bench,5.4,8.1,15,2024
Travis Etienne Jr.,Dyls belly,RB,JAX,Bench,12.1,12.5,15,2024
Tyler Conklin,Dyls belly,TE,NYJ,Bench,0,0,15,2024
Dolphins,Dyls belly,D/ST,MIA,D/ST,5.6,9,15,2024
Jordan Addison,Dyls belly,WR,MIN,FLEX,15.5,13.3,15,2024
Chris Godwin,Dyls belly,WR,TB,IR,0,0,15,2024
Cameron Dicker,Dyls belly,K,LAC,K,8.4,6,15,2024
Will Levis,Dyls belly,QB,TEN,QB,15.8,-4.44,15,2024
Chuba Hubbard,Dyls belly,RB,CAR,RB,18.5,8.9,15,2024
Tony Pollard,Dyls belly,RB,TEN,RB,16.4,8.5,15,2024
Trey McBride,Dyls belly,TE,ARI,TE,15.4,17.7,15,2024
Justin Jefferson,Dyls belly,WR,MIN,WR,19.6,20.3,15,2024
Mike Evans,Dyls belly,WR,TB,WR,14.9,36.9,15,2024
Ameer Abdullah,Njigbas Be Wildin,RB,LV,Bench,4.7,19.6,15,2024
Christian Watson,Njigbas Be Wildin,WR,GB,Bench,10.6,8.6,15,2024
Jordan Love,Njigbas Be Wildin,QB,GB,Bench,14,17.56,15,2024
Justice Hill,Njigbas Be Wildin,RB,BAL,Bench,7.5,17.8,15,2024
Kyle Pitts,Njigbas Be Wildin,TE,ATL,Bench,7.7,6.8,15,2024
Raheem Mostert,Njigbas Be Wildin,RB,MIA,Bench,5.7,5.1,15,2024
Titans,Njigbas Be Wildin,D/ST,TEN,Bench,4,5,15,2024
Broncos,Njigbas Be Wildin,D/ST,DEN,D/ST,7.1,19,15,2024
Courtland Sutton,Njigbas Be Wildin,WR,DEN,FLEX,14.7,12.2,15,2024
J.K. Dobbins,Njigbas Be Wildin,RB,LAC,IR,0,0,15,2024
Brandon Aubrey,Njigbas Be Wildin,K,DAL,K,7.7,15,15,2024
Brock Purdy,Njigbas Be Wildin,QB,SF,QB,19.3,3.98,15,2024
Breece Hall,Njigbas Be Wildin,RB,NYJ,RB,16.5,13.1,15,2024
Bucky Irving,Njigbas Be Wildin,RB,TB,RB,10.3,13.3,15,2024
Sam LaPorta,Njigbas Be Wildin,TE,DET,TE,11.3,18.1,15,2024
CeeDee Lamb,Njigbas Be Wildin,WR,DAL,WR,16.1,26.6,15,2024
Jaxon Smith-Njigba,Njigbas Be Wildin,WR,SEA,WR,14.6,18.3,15,2024
Cedric Tillman,Team Chieffo,WR,CLE,Bench,0,0,15,2024
Jaleel McLaughlin,Team Chieffo,RB,DEN,Bench,7.2,6.4,15,2024
Justin Tucker,Team Chieffo,K,BAL,Bench,8.3,5,15,2024
Kenneth Walker III,Team Chieffo,RB,SEA,Bench,0,0,15,2024
Nick Folk,Team Chieffo,K,TEN,Bench,8.1,3,15,2024
Noah Brown,Team Chieffo,WR,WSH,Bench,0,0,15,2024
Patrick Taylor Jr.,Team Chieffo,RB,SF,Bench,4.8,0,15,2024
Browns,Team Chieffo,D/ST,CLE,D/ST,4.8,0,15,2024
DK Metcalf,Team Chieffo,WR,SEA,FLEX,14.2,5.8,15,2024
Will Reichard,Team Chieffo,K,MIN,K,8.1,15,15,2024
Baker Mayfield,Team Chieffo,QB,TB,QB,15.4,28.02,15,2024
D'Andre Swift,Team Chieffo,RB,CHI,RB,13.8,9.9,15,2024
Tyler Allgeier,Team Chieffo,RB,ATL,RB,6.6,4.3,15,2024
Travis Kelce,Team Chieffo,TE,KC,TE,14.1,6.7,15,2024
Ja'Marr Chase,Team Chieffo,WR,CIN,WR,21.9,18.4,15,2024
Jameson Williams,Team Chieffo,WR,DET,WR,13,12.7,15,2024
Darnell Mooney,willimantic crack addicts,WR,ATL,Bench,11.2,0,15,2024
Hunter Henry,willimantic crack addicts,TE,NE,Bench,11.2,6.5,15,2024
Jameis Winston,willimantic crack addicts,QB,CLE,Bench,14.7,-0.36,15,2024
Quentin Johnston,willimantic crack addicts,WR,LAC,Bench,11,15.5,15,2024
Rachaad White,willimantic crack addicts,RB,TB,Bench,13,14.1,15,2024
Rashod Bateman,willimantic crack addicts,WR,BAL,Bench,8.6,23,15,2024
Xavier Legette,willimantic crack addicts,WR,CAR,Bench,8.4,2.9,15,2024
Lions,willimantic crack addicts,D/ST,DET,D/ST,2.9,-12,15,2024
Alvin Kamara,willimantic crack addicts,RB,NO,FLEX,16.7,17,15,2024
Ka'imi Fairbairn,willimantic crack addicts,K,HOU,K,7.8,9,15,2024
Joe Burrow,willimantic crack addicts,QB,CIN,QB,19.8,16.84,15,2024
Chase Brown,willimantic crack addicts,RB,CIN,RB,17.9,26.3,15,2024
James Conner,willimantic crack addicts,RB,ARI,RB,17.5,30.8,15,2024
David Njoku,willimantic crack addicts,TE,CLE,TE,0,0,15,2024
Tee Higgins,willimantic crack addicts,WR,CIN,WR,15.9,19.8,15,2024
Xavier Worthy,willimantic crack addicts,WR,KC,WR,11.4,19.6,15,2024
Allen Lazard,'fore i repeat it ima forget it,WR,NYJ,Bench,6.5,4,16,2024
Cade Otton,'fore i repeat it ima forget it,TE,TB,Bench,0,0,16,2024
Craig Reynolds,'fore i repeat it ima forget it,RB,DET,Bench,5,3.3,16,2024
Kayshon Boutte,'fore i repeat it ima forget it,WR,NE,Bench,10,20.5,16,2024
Sam Darnold,'fore i repeat it ima forget it,QB,MIN,Bench,16.8,22.94,16,2024
Tank Bigsby,'fore i repeat it ima forget it,RB,JAX,Bench,8.9,10.1,16,2024
Zach Charbonnet,'fore i repeat it ima forget it,RB,SEA,Bench,7.7,3.3,16,2024
Falcons,'fore i repeat it ima forget it,D/ST,ATL,D/ST,7.2,26,16,2024
Keenan Allen,'fore i repeat it ima forget it,WR,CHI,FLEX,13.8,29.1,16,2024
George Pickens,'fore i repeat it ima forget it,WR,PIT,IR,0,0,16,2024
Harrison Butker,'fore i repeat it ima forget it,K,KC,K,7.7,10,16,2024
Jayden Daniels,'fore i repeat it ima forget it,QB,WSH,QB,19.3,34.42,16,2024
Jahmyr Gibbs,'fore i repeat it ima forget it,RB,DET,RB,22.8,25.4,16,2024
Jerome Ford,'fore i repeat it ima forget it,RB,CLE,RB,9.9,24.1,16,2024
Brenton Strange,'fore i repeat it ima forget it,TE,JAX,TE,9.8,2.2,16,2024
DJ Moore,'fore i repeat it ima forget it,WR,CHI,WR,15.6,14,16,2024
Khalil Shakir,'fore i repeat it ima forget it,WR,BUF,WR,14,4.2,16,2024
Anthony Richardson,Big Johnson,QB,IND,Bench,16.1,20.24,16,2024
Hollywood Brown,Big Johnson,WR,KC,Bench,2.1,9.5,16,2024
Jared Goff,Big Johnson,QB,DET,Bench,18.1,25.34,16,2024
Josh Downs,Big Johnson,WR,IND,Bench,9.7,15.1,16,2024
Mike Gesicki,Big Johnson,TE,CIN,Bench,7.6,3.4,16,2024
Najee Harris,Big Johnson,RB,PIT,Bench,10.9,4.2,16,2024
Nick Westbrook-Ikhine,Big Johnson,WR,TEN,Bench,7.4,9.7,16,2024
Bills,Big Johnson,D/ST,BUF,D/ST,6,13,16,2024
DeVonta Smith,Big Johnson,WR,PHI,FLEX,13,11.1,16,2024
Chris Boswell,Big Johnson,K,PIT,K,7.8,7,16,2024
Lamar Jackson,Big Johnson,QB,BAL,QB,24,20.48,16,2024
Josh Jacobs,Big Johnson,RB,GB,RB,23.2,20.7,16,2024
Kyren Williams,Big Johnson,RB,LAR,RB,16.4,19.9,16,2024
Brock Bowers,Big Johnson,TE,LV,TE,15.5,20.9,16,2024
Davante Adams,Big Johnson,WR,NYJ,WR,18.1,19.8,16,2024
Garrett Wilson,Big Johnson,WR,NYJ,WR,14.6,11.4,16,2024
Alec Pierce,Dyls belly,WR,IND,Bench,0,0,16,2024
Dolphins,Dyls belly,D/ST,MIA,Bench,4.2,5,16,2024
Gabe Davis,Dyls belly,WR,JAX,Bench,0,0,16,2024
Jalen Tolbert,Dyls belly,WR,DAL,Bench,5.9,10,16,2024
Travis Etienne Jr.,Dyls belly,RB,JAX,Bench,13.1,5.7,16,2024
Tyler Conklin,Dyls belly,TE,NYJ,Bench,6.3,10.9,16,2024
Will Levis,Dyls belly,QB,TEN,Bench,0,0,16,2024
Chiefs,Dyls belly,D/ST,KC,D/ST,6.5,6,16,2024
Jordan Addison,Dyls belly,WR,MIN,FLEX,13.8,14.5,16,2024
Chris Godwin,Dyls belly,WR,TB,IR,0,0,16,2024
Cameron Dicker,Dyls belly,K,LAC,K,7.6,10,16,2024
Drake Maye,Dyls belly,QB,NE,QB,17.6,17.44,16,2024
Chuba Hubbard,Dyls belly,RB,CAR,RB,16.5,32.5,16,2024
Tony Pollard,Dyls belly,RB,TEN,RB,14.3,8,16,2024
Trey McBride,Dyls belly,TE,ARI,TE,16.7,5,16,2024
Justin Jefferson,Dyls belly,WR,MIN,WR,19.1,36.4,16,2024
Mike Evans,Dyls belly,WR,TB,WR,16.7,11.9,16,2024
Ameer Abdullah,Njigbas Be Wildin,RB,LV,Bench,9.8,19.5,16,2024
Christian Watson,Njigbas Be Wildin,WR,GB,Bench,11.3,2.3,16,2024
Jordan Love,Njigbas Be Wildin,QB,GB,Bench,15.1,11.48,16,2024
Justice Hill,Njigbas Be Wildin,RB,BAL,Bench,8.1,3,16,2024
Kendre Miller,Njigbas Be Wildin,RB,NO,Bench,12.4,5.1,16,2024
Kyle Pitts,Njigbas Be Wildin,TE,ATL,Bench,8.1,1.7,16,2024
Titans,Njigbas Be Wildin,D/ST,TEN,Bench,6.3,-5,16,2024
Broncos,Njigbas Be Wildin,D/ST,DEN,D/ST,6.8,2,16,2024
Courtland Sutton,Njigbas Be Wildin,WR,DEN,FLEX,13.6,10,16,2024
J.K. Dobbins,Njigbas Be Wildin,RB,LAC,IR,0,0,16,2024
Brandon Aubrey,Njigbas Be Wildin,K,DAL,K,7.7,21,16,2024
Brock Purdy,Njigbas Be Wildin,QB,SF,QB,17.4,21.12,16,2024
Breece Hall,Njigbas Be Wildin,RB,NYJ,RB,14.7,14,16,2024
Bucky Irving,Njigbas Be Wildin,RB,TB,RB,14.3,18.2,16,2024
Sam LaPorta,Njigbas Be Wildin,TE,DET,TE,11.8,14.3,16,2024
CeeDee Lamb,Njigbas Be Wildin,WR,DAL,WR,16.7,17.5,16,2024
Jaxon Smith-Njigba,Njigbas Be Wildin,WR,SEA,WR,14.6,24,16,2024
Brenton Strange,'fore i repeat it ima forget it,TE,JAX,Bench,8.9,0,17,2024
Keenan Allen,'fore i repeat it ima forget it,WR,CHI,Bench,15,7.5,17,2024
Raheem Blackshear,'fore i repeat it ima forget it,RB,CAR,Bench,8,2,17,2024
Sam Darnold,'fore i repeat it ima forget it,QB,MIN,Bench,17.4,24.78,17,2024
Tank Bigsby,'fore i repeat it ima forget it,RB,JAX,Bench,10.1,3.3,17,2024
Tyjae Spears,'fore i repeat it ima forget it,RB,TEN,Bench,15.1,13.3,17,2024
Zach Charbonnet,'fore i repeat it ima forget it,RB,SEA,Bench,18.6,10.6,17,2024
Colts,'fore i repeat it ima forget it,D/ST,IND,D/ST,7.8,-4,17,2024
Khalil Shakir,'fore i repeat it ima forget it,WR,BUF,FLEX,13.8,5.5,17,2024
Harrison Butker,'fore i repeat it ima forget it,K,KC,K,8,5,17,2024
Jayden Daniels,'fore i repeat it ima forget it,QB,WSH,QB,21.5,31.78,17,2024
Jahmyr Gibbs,'fore i repeat it ima forget it,RB,DET,RB,24,26.3,17,2024
Jerome Ford,'fore i repeat it ima forget it,RB,CLE,RB,13.7,2.2,17,2024
Chig Okonkwo,'fore i repeat it ima forget it,TE,TEN,TE,10.1,10.9,17,2024
DJ Moore,'fore i repeat it ima forget it,WR,CHI,WR,15.2,12.2,17,2024
George Pickens,'fore i repeat it ima forget it,WR,PIT,WR,15.3,8,17,2024
Jared Goff,Big Johnson,QB,DET,Bench,16.9,25.82,17,2024
Josh Downs,Big Johnson,WR,IND,Bench,13.6,5.2,17,2024
Kendre Miller,Big Johnson,RB,NO,Bench,9.3,2.9,17,2024
Najee Harris,Big Johnson,RB,PIT,Bench,10.6,10.1,17,2024
Chargers,Big Johnson,D/ST,LAC,D/ST,6.3,12,17,2024
DeVonta Smith,Big Johnson,WR,PHI,FLEX,13.9,30,17,2024
Chris Boswell,Big Johnson,K,PIT,K,8,4,17,2024
Lamar Jackson,Big Johnson,QB,BAL,QB,22.1,29.42,17,2024
Josh Jacobs,Big Johnson,RB,GB,RB,20.4,10.9,17,2024
Kyren Williams,Big Johnson,RB,LAR,RB,19,16.2,17,2024
Brock Bowers,Big Johnson,TE,LV,TE,14.2,14.6,17,2024
Davante Adams,Big Johnson,WR,NYJ,WR,20.3,9.7,17,2024
Garrett Wilson,Big Johnson,WR,NYJ,WR,15,17.6,17,2024
Alec Pierce,Dyls belly,WR,IND,Bench,6.8,24.2,17,2024
Dolphins,Dyls belly,D/ST,MIA,Bench,7.3,11,17,2024
Jordan Mims,Dyls belly,RB,NO,Bench,0,0,17,2024
Tyler Conklin,Dyls belly,TE,NYJ,Bench,7.4,21.7,17,2024
Will Levis,Dyls belly,QB,TEN,Bench,0,0,17,2024
Chiefs,Dyls belly,D/ST,KC,D/ST,6.3,11,17,2024
Jordan Addison,Dyls belly,WR,MIN,FLEX,15.7,18.9,17,2024
Cameron Dicker,Dyls belly,K,LAC,K,8.3,17,17,2024
Drake Maye,Dyls belly,QB,NE,QB,15.8,9.88,17,2024
Mike Boone,Dyls belly,RB,CAR,RB,9.1,1.1,17,2024
Travis Etienne Jr.,Dyls belly,RB,JAX,RB,12.3,8.5,17,2024
Trey McBride,Dyls belly,TE,ARI,TE,15.4,30.3,17,2024
Justin Jefferson,Dyls belly,WR,MIN,WR,20,17.2,17,2024
Mike Evans,Dyls belly,WR,TB,WR,16.2,29.7,17,2024
Ameer Abdullah,Njigbas Be Wildin,RB,LV,Bench,11,17.7,17,2024
Broncos,Njigbas Be Wildin,D/ST,DEN,Bench,4.3,3,17,2024
CeeDee Lamb,Njigbas Be Wildin,WR,DAL,Bench,0,0,17,2024
Christian Watson,Njigbas Be Wildin,WR,GB,Bench,0,0,17,2024
Jordan Love,Njigbas Be Wildin,QB,GB,Bench,14.2,14,17,2024
Justice Hill,Njigbas Be Wildin,RB,BAL,Bench,0,0,17,2024
Kyle Pitts,Njigbas Be Wildin,TE,ATL,Bench,6.7,14.4,17,2024
Buccaneers,Njigbas Be Wildin,D/ST,TB,D/ST,7.2,16,17,2024
Courtland Sutton,Njigbas Be Wildin,WR,DEN,FLEX,14.7,16.5,17,2024
J.K. Dobbins,Njigbas Be Wildin,RB,LAC,IR,13.7,15.3,17,2024
Brandon Aubrey,Njigbas Be Wildin,K,DAL,K,7.3,0,17,2024
Brock Purdy,Njigbas Be Wildin,QB,SF,QB,18.5,30.28,17,2024
Breece Hall,Njigbas Be Wildin,RB,NYJ,RB,15.9,6.3,17,2024
Bucky Irving,Njigbas Be Wildin,RB,TB,RB,17.2,23,17,2024
Sam LaPorta,Njigbas Be Wildin,TE,DET,TE,11.3,18.4,17,2024
Jalen Coker,Njigbas Be Wildin,WR,CAR,WR,9.3,5.5,17,2024
Jaxon Smith-Njigba,Njigbas Be Wildin,WR,SEA,WR,16.9,6.2,17,2024
Dak Prescott,Beef One My Balls,QB,DAL,Bench,16.5,7.82,1,2025
Jake Ferguson,Beef One My Balls,TE,DAL,Bench,9,7.3,1,2025
Jayden Higgins,Beef One My Balls,WR,HOU,Bench,9.1,5.2,1,2025
Jaylen Warren,Beef One My Balls,RB,PIT,Bench,14.2,13.9,1,2025
Jordan Mason,Beef One My Balls,RB,MIN,Bench,8,8.5,1,2025
Josh Downs,Beef One My Balls,WR,IND,Bench,10.7,3.2,1,2025
Matthew Stafford,Beef One My Balls,QB,LAR,Bench,14.9,13.6,1,2025
Colts,Beef One My Balls,D/ST,IND,D/ST,5.3,14,1,2025
Rome Odunze,Beef One My Balls,WR,CHI,FLEX,12.3,15.7,1,2025
Harrison Butker,Beef One My Balls,K,KC,K,8.6,12.1,1,2025
Baker Mayfield,Beef One My Balls,QB,TB,QB,19,22.58,1,2025
Ashton Jeanty,Beef One My Balls,RB,LV,RB,17.5,12,1,2025
Kyren Williams,Beef One My Balls,RB,LAR,RB,15.7,13.9,1,2025
T.J. Hockenson,Beef One My Balls,TE,MIN,TE,11.3,4.5,1,2025
Courtland Sutton,Beef One My Balls,WR,DEN,WR,13.4,18.1,1,2025
Puka Nacua,Beef One My Balls,WR,LAR,WR,16.8,23.1,1,2025
Calvin Ridley,Bower Rangers,WR,TEN,Bench,11.4,6.7,1,2025
Cam Skattebo,Bower Rangers,RB,NYG,Bench,5.5,2.9,1,2025
Evan Engram,Bower Rangers,TE,DEN,Bench,9.9,5.1,1,2025
Jacory Croskey-Merritt,Bower Rangers,RB,WSH,Bench,9.5,14.2,1,2025
Jalen McMillan,Bower Rangers,WR,TB,Bench,0,0,1,2025
Justin Fields,Bower Rangers,QB,NYJ,Bench,15.5,29.52,1,2025
Kaleb Johnson,Bower Rangers,RB,PIT,Bench,5.1,-0.2,1,2025
Broncos,Bower Rangers,D/ST,DEN,D/ST,7.8,16,1,2025
DJ Moore,Bower Rangers,WR,CHI,FLEX,13.5,8.6,1,2025
Brandon Aubrey,Bower Rangers,K,DAL,K,8.6,11.4,1,2025
Jared Goff,Bower Rangers,QB,DET,QB,15.3,10.9,1,2025
Alvin Kamara,Bower Rangers,RB,NO,RB,15.7,13.7,1,2025
Tyrone Tracy Jr.,Bower Rangers,RB,NYG,RB,13.3,5.5,1,2025
Brock Bowers,Bower Rangers,TE,LV,TE,15.3,15.3,1,2025
Malik Nabers,Bower Rangers,WR,NYG,WR,19,12.1,1,2025
Marvin Harrison Jr.,Bower Rangers,WR,ARI,WR,13.9,18.1,1,2025
Brian Robinson Jr.,Cook my Balls,RB,SF,Bench,4.1,4.7,1,2025
DeMario Douglas,Cook my Balls,WR,NE,Bench,8.5,8.2,1,2025
Jakobi Meyers,Cook my Balls,WR,LV,Bench,12.8,17.7,1,2025
Justice Hill,Cook my Balls,RB,BAL,Bench,6.7,-0.1,1,2025
Romeo Doubs,Cook my Balls,WR,GB,Bench,8.4,8.8,1,2025
Tetairoa McMillan,Cook my Balls,WR,CAR,Bench,13.9,11.8,1,2025
Theo Johnson,Cook my Balls,TE,NYG,Bench,7.6,1.5,1,2025
Eagles,Cook my Balls,D/ST,PHI,D/ST,6.2,2,1,2025
DK Metcalf,Cook my Balls,WR,PIT,FLEX,13.5,12.3,1,2025
Brandon Aiyuk,Cook my Balls,WR,SF,IR,0,0,1,2025
Matt Gay,Cook my Balls,K,WSH,K,8.5,3,1,2025
Justin Herbert,Cook my Balls,QB,LAC,QB,16.6,27.92,1,2025
James Cook III,Cook my Balls,RB,BUF,RB,14.6,21.2,1,2025
Saquon Barkley,Cook my Balls,RB,PHI,RB,20.9,18.4,1,2025
David Njoku,Cook my Balls,TE,CLE,TE,11.3,6.7,1,2025
Ladd McConkey,Cook my Balls,WR,LAC,WR,15.1,13.4,1,2025
Xavier Worthy,Cook my Balls,WR,KC,WR,17,0,1,2025
Cedric Tillman,High Speed Chase,WR,CLE,Bench,10.7,16.2,1,2025
Isiah Pacheco,High Speed Chase,RB,KC,Bench,12.8,4.8,1,2025
Keenan Allen,High Speed Chase,WR,LAC,Bench,11,19.8,1,2025
Ricky Pearsall,High Speed Chase,WR,SF,Bench,13,14.8,1,2025
Tyler Allgeier,High Speed Chase,RB,ATL,Bench,6.1,2.4,1,2025
Zach Charbonnet,High Speed Chase,RB,SEA,Bench,8.6,10.7,1,2025
Zach Ertz,High Speed Chase,TE,WSH,Bench,8.9,11.6,1,2025
Vikings,High Speed Chase,D/ST,MIN,D/ST,6.9,4,1,2025
George Pickens,High Speed Chase,WR,DAL,FLEX,13.2,6,1,2025
Ka'imi Fairbairn,High Speed Chase,K,HOU,K,8.2,14.9,1,2025
Brock Purdy,High Speed Chase,QB,SF,QB,16.9,16.78,1,2025
Chase Brown,High Speed Chase,RB,CIN,RB,17.6,13.1,1,2025
Omarion Hampton,High Speed Chase,RB,LAC,RB,14.7,8.1,1,2025
Mark Andrews,High Speed Chase,TE,BAL,TE,11.9,1.5,1,2025
Ja'Marr Chase,High Speed Chase,WR,CIN,WR,19.8,4.6,1,2025
Nico Collins,High Speed Chase,WR,HOU,WR,17.4,5.5,1,2025
Austin Ekeler,Kupp my balls,RB,WSH,Bench,11.9,8.7,1,2025
Braelon Allen,Kupp my balls,RB,NYJ,Bench,5,6.9,1,2025
Cam Ward,Kupp my balls,QB,TEN,Bench,13.7,2.48,1,2025
Chris Godwin Jr.,Kupp my balls,WR,TB,Bench,0,0,1,2025
Luther Burden III,Kupp my balls,WR,CHI,Bench,3.2,0.7,1,2025
Rashee Rice,Kupp my balls,WR,KC,Bench,0,0,1,2025
Trey Benson,Kupp my balls,RB,ARI,Bench,7.9,8.5,1,2025
Steelers,Kupp my balls,D/ST,PIT,D/ST,8.3,1,1,2025
Cooper Kupp,Kupp my balls,WR,SEA,FLEX,12.3,3.5,1,2025
Chris Boswell,Kupp my balls,K,PIT,K,8.4,15.6,1,2025
Kyler Murray,Kupp my balls,QB,ARI,QB,18.3,18.32,1,2025
Bijan Robinson,Kupp my balls,RB,ATL,RB,19.7,24.4,1,2025
James Conner,Kupp my balls,RB,ARI,RB,15.3,14.4,1,2025
Kyle Pitts Sr.,Kupp my balls,TE,ATL,TE,9.1,12.9,1,2025
Drake London,Kupp my balls,WR,ATL,WR,16,13.5,1,2025
Tyreek Hill,Kupp my balls,WR,MIA,WR,15,8,1,2025
C.J. Stroud,Nix my Balls,QB,HOU,Bench,16.5,8.72,1,2025
Chig Okonkwo,Nix my Balls,TE,TEN,Bench,7.7,4.9,1,2025
Darnell Mooney,Nix my Balls,WR,ATL,Bench,0,0,1,2025
Hollywood Brown,Nix my Balls,WR,KC,Bench,12.2,19.9,1,2025
Joe Mixon,Nix my Balls,RB,HOU,Bench,0,0,1,2025
Khalil Shakir,Nix my Balls,WR,BUF,Bench,11.7,12.4,1,2025
Rhamondre Stevenson,Nix my Balls,RB,NE,Bench,11.2,4.7,1,2025
Patriots,Nix my Balls,D/ST,NE,D/ST,6.5,5,1,2025
Zay Flowers,Nix my Balls,WR,BAL,FLEX,14.6,28.1,1,2025
Cam Little,Nix my Balls,K,JAX,K,8.6,16.6,1,2025
Bo Nix,Nix my Balls,QB,DEN,QB,18.5,6.84,1,2025
Jahmyr Gibbs,Nix my Balls,RB,DET,RB,18.4,15,1,2025
Jonathan Taylor,Nix my Balls,RB,IND,RB,18,12.8,1,2025
Tyler Warren,Nix my Balls,TE,IND,TE,9.9,14.9,1,2025
Garrett Wilson,Nix my Balls,WR,NYJ,WR,13.2,22.5,1,2025
Terry McLaurin,Nix my Balls,WR,WSH,WR,13.8,4.7,1,2025
Alec Pierce,Njigbas in Paris,WR,IND,Bench,4.2,4.6,1,2025
Brandin Cooks,Njigbas in Paris,WR,NO,Bench,4,5.6,1,2025
Caleb Williams,Njigbas in Paris,QB,CHI,Bench,15.5,24.2,1,2025
Hunter Henry,Njigbas in Paris,TE,NE,Bench,8.8,10.6,1,2025
Marvin Mims Jr.,Njigbas in Paris,WR,DEN,Bench,8.8,2.2,1,2025
Michael Pittman Jr.,Njigbas in Paris,WR,IND,Bench,12,20,1,2025
Tank Bigsby,Njigbas in Paris,RB,JAX,Bench,8.6,1.2,1,2025
Bills,Njigbas in Paris,D/ST,BUF,D/ST,3.1,-2,1,2025
Stefon Diggs,Njigbas in Paris,WR,NE,FLEX,12.1,11.7,1,2025
Cameron Dicker,Njigbas in Paris,K,LAC,K,8.7,10.5,1,2025
Lamar Jackson,Njigbas in Paris,QB,BAL,QB,22,29.36,1,2025
Aaron Jones Sr.,Njigbas in Paris,RB,MIN,RB,12.5,15.7,1,2025
Christian McCaffrey,Njigbas in Paris,RB,SF,RB,17.7,23.2,1,2025
Sam LaPorta,Njigbas in Paris,TE,DET,TE,11.3,13.9,1,2025
Brian Thomas Jr.,Njigbas in Paris,WR,JAX,WR,16.3,9,1,2025
Jaxon Smith-Njigba,Njigbas in Paris,WR,SEA,WR,14.7,19.4,1,2025
Adam Thielen,S(hamas),WR,MIN,Bench,11.2,2,1,2025
Dylan Sampson,S(hamas),RB,CLE,Bench,9.5,17.3,1,2025
Geno Smith,S(hamas),QB,LV,Bench,15,17.48,1,2025
Jauan Jennings,S(hamas),WR,SF,Bench,12.5,3.6,1,2025
MarShawn Lloyd,S(hamas),RB,GB,Bench,0,0,1,2025
Matthew Golden,S(hamas),WR,GB,Bench,12.3,3.6,1,2025
Rashid Shaheed,S(hamas),WR,NO,Bench,10.6,9.3,1,2025
Lions,S(hamas),D/ST,DET,D/ST,5.9,2,1,2025
RJ Harvey,S(hamas),RB,DEN,FLEX,12.8,7.9,1,2025
Tyjae Spears,S(hamas),RB,TEN,IR,0,0,1,2025
Jake Elliott,S(hamas),K,PHI,K,9,8.8,1,2025
Josh Allen,S(hamas),QB,BUF,QB,20.8,38.76,1,2025
Kenneth Walker III,S(hamas),RB,SEA,RB,15,5.4,1,2025
TreVeyon Henderson,S(hamas),RB,NE,RB,14.3,11.1,1,2025
George Kittle,S(hamas),TE,SF,TE,13.6,12.5,1,2025
A.J. Brown,S(hamas),WR,PHI,WR,16.6,1.8,1,2025
Jameson Williams,S(hamas),WR,DET,WR,12.9,6.6,1,2025
Cade Otton,Saquon Bustley,TE,TB,Bench,8.8,0,1,2025
Dont'e Thornton Jr.,Saquon Bustley,WR,LV,Bench,7.4,6.5,1,2025
Drake Maye,Saquon Bustley,QB,NE,Bench,18,15.78,1,2025
J.K. Dobbins,Saquon Bustley,RB,DEN,Bench,10.6,14.8,1,2025
Jordan Addison,Saquon Bustley,WR,MIN,Bench,0,0,1,2025
Quinshon Judkins,Saquon Bustley,RB,CLE,Bench,0,0,1,2025
Ray-Ray McCloud III,Saquon Bustley,WR,ATL,Bench,8.6,8.1,1,2025
Seahawks,Saquon Bustley,D/ST,SEA,D/ST,4.8,7,1,2025
Jayden Reed,Saquon Bustley,WR,GB,FLEX,11.2,13.5,1,2025
Tyler Bass,Saquon Bustley,K,BUF,IR,0,0,1,2025
Jason Myers,Saquon Bustley,K,SEA,K,8.6,9.5,1,2025
Jayden Daniels,Saquon Bustley,QB,WSH,QB,21,20.12,1,2025
Chuba Hubbard,Saquon Bustley,RB,CAR,RB,15.4,17.9,1,2025
D'Andre Swift,Saquon Bustley,RB,CHI,RB,12.6,9.5,1,2025
Trey McBride,Saquon Bustley,TE,ARI,TE,15,12.1,1,2025
Chris Olave,Saquon Bustley,WR,NO,WR,12.4,12.4,1,2025
Justin Jefferson,Saquon Bustley,WR,MIN,WR,20.2,14.8,1,2025
Breece Hall,Team Chieffo,RB,NYJ,Bench,12.6,16.5,1,2025
Dallas Goedert,Team Chieffo,TE,PHI,Bench,9.4,11.4,1,2025
Emeka Egbuka,Team Chieffo,WR,TB,Bench,13.5,23.6,1,2025
Mitchell Tinsley,Team Chieffo,WR,CIN,Bench,2.8,0,1,2025
Rachaad White,Team Chieffo,RB,TB,Bench,7.8,2.6,1,2025
Tony Pollard,Team Chieffo,RB,TEN,Bench,12.9,7.9,1,2025
Wan'Dale Robinson,Team Chieffo,WR,NYG,Bench,9.7,11.5,1,2025
Texans,Team Chieffo,D/ST,HOU,D/ST,5.9,8,1,2025
Jerry Jeudy,Team Chieffo,WR,CLE,FLEX,14.9,11.6,1,2025
Chase McLaughlin,Team Chieffo,K,TB,K,9.1,5.8,1,2025
Joe Burrow,Team Chieffo,QB,CIN,QB,20,8.82,1,2025
Derrick Henry,Team Chieffo,RB,BAL,RB,16.1,29.2,1,2025
Jerome Ford,Team Chieffo,RB,CLE,RB,13.9,1.5,1,2025
Colston Loveland,Team Chieffo,TE,CHI,TE,8.8,3.2,1,2025
Amon-Ra St. Brown,Team Chieffo,WR,DET,WR,17.2,8.5,1,2025
Tee Higgins,Team Chieffo,WR,CIN,WR,15.5,6.3,1,2025
Dalton Kincaid,lets get this money,TE,BUF,Bench,8.8,14.8,1,2025
Javonte Williams,lets get this money,RB,DAL,Bench,11.3,20.4,1,2025
Jaylin Noel,lets get this money,WR,HOU,Bench,5.4,1.7,1,2025
Keon Coleman,lets get this money,WR,BUF,Bench,12,25.2,1,2025
Ollie Gordon II,lets get this money,RB,MIA,Bench,7,1.3,1,2025
Travis Hunter,lets get this money,WR,JAX,Bench,12.9,9.3,1,2025
Woody Marks,lets get this money,RB,HOU,Bench,5.3,0.3,1,2025
Cardinals,lets get this money,D/ST,ARI,D/ST,7,4,1,2025
Travis Etienne Jr.,lets get this money,RB,JAX,FLEX,10.3,18.6,1,2025
Tyler Loop,lets get this money,K,BAL,K,8.5,14.1,1,2025
Jalen Hurts,lets get this money,QB,PHI,QB,23.4,24.28,1,2025
Bucky Irving,lets get this money,RB,TB,RB,17.3,14.5,1,2025
De'Von Achane,lets get this money,RB,MIA,RB,17.7,16.5,1,2025
Travis Kelce,lets get this money,TE,KC,TE,11.8,12.7,1,2025
Jaylen Waddle,lets get this money,WR,MIA,WR,12.9,7,1,2025
Mike Evans,lets get this money,WR,TB,WR,16.1,10.1,1,2025
Deebo Samuel,willimantic crack addicts,WR,WSH,Bench,11.9,22.6,1,2025
J.J. McCarthy,willimantic crack addicts,QB,MIN,Bench,16.3,22.22,1,2025
Michael Wilson,willimantic crack addicts,WR,ARI,Bench,6.7,1.5,1,2025
Nick Chubb,willimantic crack addicts,RB,HOU,Bench,9.3,6,1,2025
Quentin Johnston,willimantic crack addicts,WR,LAC,Bench,6.4,24.9,1,2025
Rashod Bateman,willimantic crack addicts,WR,BAL,Bench,9.5,3,1,2025
Xavier Legette,willimantic crack addicts,WR,CAR,Bench,9.8,4,1,2025
Ravens,willimantic crack addicts,D/ST,BAL,D/ST,3.9,-7,1,2025
DeVonta Smith,willimantic crack addicts,WR,PHI,FLEX,13.4,4.6,1,2025
Jake Bates,willimantic crack addicts,K,DET,K,8.9,6.7,1,2025
Patrick Mahomes,willimantic crack addicts,QB,KC,QB,19.8,26.02,1,2025
David Montgomery,willimantic crack addicts,RB,DET,RB,12.3,8.3,1,2025
Josh Jacobs,willimantic crack addicts,RB,GB,RB,15.7,14,1,2025
Tucker Kraft,willimantic crack addicts,TE,GB,TE,9.4,9.9,1,2025
CeeDee Lamb,willimantic crack addicts,WR,DAL,WR,19,18,1,2025
Davante Adams,willimantic crack addicts,WR,LAR,WR,14.5,9.1,1,2025
Dak Prescott,Beef One My Balls,QB,DAL,Bench,16.8,22.14,2,2025
Jake Ferguson,Beef One My Balls,TE,DAL,Bench,9.5,16.8,2,2025
Jayden Higgins,Beef One My Balls,WR,HOU,Bench,6.4,3.8,2,2025
Jaylen Warren,Beef One My Balls,RB,PIT,Bench,14.8,17.4,2,2025
Jordan Mason,Beef One My Balls,RB,MIN,Bench,11.6,5.8,2,2025
Josh Downs,Beef One My Balls,WR,IND,Bench,8.1,11.1,2,2025
Matthew Stafford,Beef One My Balls,QB,LAR,Bench,17,17.32,2,2025
Colts,Beef One My Balls,D/ST,IND,D/ST,6.3,1,2,2025
Rome Odunze,Beef One My Balls,WR,CHI,FLEX,13.5,31.8,2,2025
Harrison Butker,Beef One My Balls,K,KC,K,8.6,6.6,2,2025
Baker Mayfield,Beef One My Balls,QB,TB,QB,17.1,19.9,2,2025
Ashton Jeanty,Beef One My Balls,RB,LV,RB,17.3,7.4,2,2025
Kyren Williams,Beef One My Balls,RB,LAR,RB,18.2,10,2,2025
T.J. Hockenson,Beef One My Balls,TE,MIN,TE,11.2,2.2,2,2025
Courtland Sutton,Beef One My Balls,WR,DEN,WR,13.7,1.6,2,2025
Puka Nacua,Beef One My Balls,WR,LAR,WR,19.7,27.6,2,2025
Cam Skattebo,Bower Rangers,RB,NYG,Bench,4.8,13.9,2,2025
DJ Moore,Bower Rangers,WR,CHI,Bench,13.9,9.6,2,2025
Evan Engram,Bower Rangers,TE,DEN,Bench,8.9,2.2,2,2025
Jacory Croskey-Merritt,Bower Rangers,RB,WSH,Bench,8.4,1.7,2,2025
Jared Goff,Bower Rangers,QB,DET,Bench,15.3,33.96,2,2025
Kaleb Johnson,Bower Rangers,RB,PIT,Bench,2.5,0.1,2,2025
Michael Mayer,Bower Rangers,TE,LV,Bench,5.1,2.9,2,2025
Broncos,Bower Rangers,D/ST,DEN,D/ST,7.5,-5,2,2025
Calvin Ridley,Bower Rangers,WR,TEN,FLEX,13.5,8.7,2,2025
Brandon Aubrey,Bower Rangers,K,DAL,K,8.7,24.5,2,2025
Justin Fields,Bower Rangers,QB,NYJ,QB,19.2,3.98,2,2025
Alvin Kamara,Bower Rangers,RB,NO,RB,15,16,2,2025
Tyrone Tracy Jr.,Bower Rangers,RB,NYG,RB,14.2,9.1,2,2025
Brock Bowers,Bower Rangers,TE,LV,TE,15.9,8.8,2,2025
Malik Nabers,Bower Rangers,WR,NYG,WR,18.3,37.7,2,2025
Marvin Harrison Jr.,Bower Rangers,WR,ARI,WR,14,4.7,2,2025
Brian Robinson Jr.,Cook my Balls,RB,SF,Bench,6.8,2.9,2,2025
DeMario Douglas,Cook my Balls,WR,NE,Bench,9.2,1.8,2,2025
Justice Hill,Cook my Balls,RB,BAL,Bench,6.7,5.5,2,2025
Romeo Doubs,Cook my Balls,WR,GB,Bench,9.8,11.8,2,2025
Tetairoa McMillan,Cook my Balls,WR,CAR,Bench,13.5,16,2,2025
Theo Johnson,Cook my Balls,TE,NYG,Bench,7.4,7.4,2,2025
Xavier Worthy,Cook my Balls,WR,KC,Bench,0,0,2,2025
Eagles,Cook my Balls,D/ST,PHI,D/ST,4.9,7,2,2025
DK Metcalf,Cook my Balls,WR,PIT,FLEX,14.7,11,2,2025
Brandon Aiyuk,Cook my Balls,WR,SF,IR,0,0,2,2025
Matt Gay,Cook my Balls,K,WSH,K,8.4,4.1,2,2025
Justin Herbert,Cook my Balls,QB,LAC,QB,17.6,18.78,2,2025
James Cook III,Cook my Balls,RB,BUF,RB,15.4,26.5,2,2025
Saquon Barkley,Cook my Balls,RB,PHI,RB,18.5,17.4,2,2025
David Njoku,Cook my Balls,TE,CLE,TE,10.5,8,2,2025
Jakobi Meyers,Cook my Balls,WR,LV,WR,14.2,12.8,2,2025
Ladd McConkey,Cook my Balls,WR,LAC,WR,14.2,9.8,2,2025
Cedric Tillman,High Speed Chase,WR,CLE,Bench,10.3,10.2,2,2025
George Pickens,High Speed Chase,WR,DAL,Bench,11.8,17.8,2,2025
Isiah Pacheco,High Speed Chase,RB,KC,Bench,10.9,3.9,2,2025
Ricky Pearsall,High Speed Chase,WR,SF,Bench,13.2,9.2,2,2025
Zach Charbonnet,High Speed Chase,RB,SEA,Bench,10.1,1,2,2025
Zach Ertz,High Speed Chase,TE,WSH,Bench,9.3,18.4,2,2025
Vikings,High Speed Chase,D/ST,MIN,D/ST,6.9,5,2,2025
Keenan Allen,High Speed Chase,WR,LAC,FLEX,12.9,17.1,2,2025
Brock Purdy,High Speed Chase,QB,SF,IR,0,0,2,2025
Ka'imi Fairbairn,High Speed Chase,K,HOU,K,8.4,9.8,2,2025
Jordan Love,High Speed Chase,QB,GB,QB,17.6,20.88,2,2025
Chase Brown,High Speed Chase,RB,CIN,RB,17.9,8.5,2,2025
Omarion Hampton,High Speed Chase,RB,LAC,RB,15.7,3.5,2,2025
Mark Andrews,High Speed Chase,TE,BAL,TE,9.2,1.4,2,2025
Ja'Marr Chase,High Speed Chase,WR,CIN,WR,19.9,36.5,2,2025
Nico Collins,High Speed Chase,WR,HOU,WR,16.9,14.2,2,2025
Austin Ekeler,Kupp my balls,RB,WSH,Bench,0,4.4,2,2025
Chris Godwin Jr.,Kupp my balls,WR,TB,Bench,0,0,2,2025
Cooper Kupp,Kupp my balls,WR,SEA,Bench,9.6,16,2,2025
Kenneth Gainwell,Kupp my balls,RB,PIT,Bench,8.8,6.6,2,2025
Najee Harris,Kupp my balls,RB,LAC,Bench,6.5,6.8,2,2025
Rashee Rice,Kupp my balls,WR,KC,Bench,0,0,2,2025
Trey Benson,Kupp my balls,RB,ARI,Bench,9.9,8.4,2,2025
Steelers,Kupp my balls,D/ST,PIT,D/ST,7.6,4,2,2025
Calvin Austin III,Kupp my balls,WR,PIT,FLEX,8,3.2,2,2025
Chris Boswell,Kupp my balls,K,PIT,K,8.6,14.1,2,2025
Kyler Murray,Kupp my balls,QB,ARI,QB,19.2,14,2,2025
Bijan Robinson,Kupp my balls,RB,ATL,RB,18.1,19.8,2,2025
James Conner,Kupp my balls,RB,ARI,RB,16.4,12.2,2,2025
Kyle Pitts Sr.,Kupp my balls,TE,ATL,TE,8.4,7.7,2,2025
Drake London,Kupp my balls,WR,ATL,WR,15.4,5.9,2,2025
Tyreek Hill,Kupp my balls,WR,MIA,WR,14.1,16.9,2,2025
C.J. Stroud,Nix my Balls,QB,HOU,Bench,16.9,14.98,2,2025
Chig Okonkwo,Nix my Balls,TE,TEN,Bench,8.6,7.5,2,2025
Darnell Mooney,Nix my Balls,WR,ATL,Bench,10.1,4,2,2025
Hollywood Brown,Nix my Balls,WR,KC,Bench,13.1,8,2,2025
Joe Mixon,Nix my Balls,RB,HOU,Bench,0,0,2,2025
Khalil Shakir,Nix my Balls,WR,BUF,Bench,11.7,2.2,2,2025
Rhamondre Stevenson,Nix my Balls,RB,NE,Bench,11.6,21.2,2,2025
Rams,Nix my Balls,D/ST,LAR,D/ST,7.4,9,2,2025
Zay Flowers,Nix my Balls,WR,BAL,FLEX,14.1,14.9,2,2025
Cam Little,Nix my Balls,K,JAX,K,8.3,9.7,2,2025
Bo Nix,Nix my Balls,QB,DEN,QB,16.6,20.24,2,2025
Jahmyr Gibbs,Nix my Balls,RB,DET,RB,18.1,19.4,2,2025
Jonathan Taylor,Nix my Balls,RB,IND,RB,15.6,29.5,2,2025
Tyler Warren,Nix my Balls,TE,IND,TE,10.8,11.9,2,2025
Garrett Wilson,Nix my Balls,WR,NYJ,WR,15,9,2,2025
Terry McLaurin,Nix my Balls,WR,WSH,WR,14,9.8,2,2025
Alec Pierce,Njigbas in Paris,WR,IND,Bench,6.3,10.8,2,2025
Brandin Cooks,Njigbas in Paris,WR,NO,Bench,6.6,4.6,2,2025
Caleb Williams,Njigbas in Paris,QB,CHI,Bench,16.9,16.98,2,2025
Hunter Henry,Njigbas in Paris,TE,NE,Bench,9.7,1.9,2,2025
Marvin Mims Jr.,Njigbas in Paris,WR,DEN,Bench,8.5,10.4,2,2025
Stefon Diggs,Njigbas in Paris,WR,NE,Bench,10.1,7.2,2,2025
Tank Bigsby,Njigbas in Paris,RB,PHI,Bench,2.1,0,2,2025
Bills,Njigbas in Paris,D/ST,BUF,D/ST,7.3,12,2,2025
Michael Pittman Jr.,Njigbas in Paris,WR,IND,FLEX,11.8,8,2,2025
Cameron Dicker,Njigbas in Paris,K,LAC,K,8.8,7.8,2,2025
Lamar Jackson,Njigbas in Paris,QB,BAL,QB,22.8,26.3,2,2025
Aaron Jones Sr.,Njigbas in Paris,RB,MIN,RB,13.5,2.3,2,2025
Christian McCaffrey,Njigbas in Paris,RB,SF,RB,21.8,22.7,2,2025
Sam LaPorta,Njigbas in Paris,TE,DET,TE,11.1,5.6,2,2025
Brian Thomas Jr.,Njigbas in Paris,WR,JAX,WR,16.7,8.9,2,2025
Jaxon Smith-Njigba,Njigbas in Paris,WR,SEA,WR,14.4,18.3,2,2025
Adam Thielen,S(hamas),WR,MIN,Bench,7.7,4.6,2,2025
George Kittle,S(hamas),TE,SF,Bench,0,0,2,2025
Jauan Jennings,S(hamas),WR,SF,Bench,11.8,19.9,2,2025
Kayshon Boutte,S(hamas),WR,NE,Bench,9.6,8.6,2,2025
Matthew Golden,S(hamas),WR,GB,Bench,10.7,1.5,2,2025
RJ Harvey,S(hamas),RB,DEN,Bench,7.2,3.4,2,2025
Rashid Shaheed,S(hamas),WR,NO,Bench,11.3,15.2,2,2025
Lions,S(hamas),D/ST,DET,D/ST,5.6,8,2,2025
Dylan Sampson,S(hamas),RB,CLE,FLEX,11.9,10.9,2,2025
Tyjae Spears,S(hamas),RB,TEN,IR,0,0,2,2025
Jake Elliott,S(hamas),K,PHI,K,8.6,12.9,2,2025
Josh Allen,S(hamas),QB,BUF,QB,21.8,11.82,2,2025
Kenneth Walker III,S(hamas),RB,SEA,RB,11,18.8,2,2025
TreVeyon Henderson,S(hamas),RB,NE,RB,12.6,6,2,2025
Juwan Johnson,S(hamas),TE,NO,TE,9.1,15.9,2,2025
A.J. Brown,S(hamas),WR,PHI,WR,15.8,7.7,2,2025
Jameson Williams,S(hamas),WR,DET,WR,13,18.8,2,2025
Bhayshul Tuten,Saquon Bustley,RB,JAX,Bench,4.3,15.4,2,2025
Cade Otton,Saquon Bustley,TE,TB,Bench,8.2,5.5,2,2025
Dont'e Thornton Jr.,Saquon Bustley,WR,LV,Bench,7.1,3,2,2025
Drake Maye,Saquon Bustley,QB,NE,Bench,17.7,26.3,2,2025
J.K. Dobbins,Saquon Bustley,RB,DEN,Bench,11.4,15.5,2,2025
Jordan Addison,Saquon Bustley,WR,MIN,Bench,0,0,2,2025
Quinshon Judkins,Saquon Bustley,RB,CLE,Bench,3,10.1,2,2025
Seahawks,Saquon Bustley,D/ST,SEA,D/ST,5.8,16,2,2025
Jayden Reed,Saquon Bustley,WR,GB,FLEX,11.3,0,2,2025
Tyler Bass,Saquon Bustley,K,BUF,IR,0,0,2,2025
Jason Myers,Saquon Bustley,K,SEA,K,7.9,8.4,2,2025
Jayden Daniels,Saquon Bustley,QB,WSH,QB,20.8,19.7,2,2025
Chuba Hubbard,Saquon Bustley,RB,CAR,RB,15.6,18.7,2,2025
D'Andre Swift,Saquon Bustley,RB,CHI,RB,14.1,13.9,2,2025
Trey McBride,Saquon Bustley,TE,ARI,TE,15.6,13.8,2,2025
Chris Olave,Saquon Bustley,WR,NO,WR,12.5,11.4,2,2025
Justin Jefferson,Saquon Bustley,WR,MIN,WR,19.7,11.1,2,2025
Colston Loveland,Team Chieffo,TE,CHI,Bench,7.2,0,2,2025
Dallas Goedert,Team Chieffo,TE,PHI,Bench,0,0,2,2025
Jerome Ford,Team Chieffo,RB,CLE,Bench,6,10.4,2,2025
Jerry Jeudy,Team Chieffo,WR,CLE,Bench,13.6,9.1,2,2025
Rachaad White,Team Chieffo,RB,TB,Bench,6.9,14.6,2,2025
Tony Pollard,Team Chieffo,RB,TEN,Bench,14.4,9.2,2,2025
Wan'Dale Robinson,Team Chieffo,WR,NYG,Bench,10,28.2,2,2025
Texans,Team Chieffo,D/ST,HOU,D/ST,5.8,5,2,2025
Emeka Egbuka,Team Chieffo,WR,TB,FLEX,14,12.9,2,2025
Chase McLaughlin,Team Chieffo,K,TB,K,8.6,1,2,2025
Joe Burrow,Team Chieffo,QB,CIN,QB,0,7.04,2,2025
Breece Hall,Team Chieffo,RB,NYJ,RB,15.4,5.8,2,2025
Derrick Henry,Team Chieffo,RB,BAL,RB,17.9,2.3,2,2025
Jonnu Smith,Team Chieffo,TE,PIT,TE,9,6.7,2,2025
Amon-Ra St. Brown,Team Chieffo,WR,DET,WR,16.9,39.2,2,2025
Tee Higgins,Team Chieffo,WR,CIN,WR,14.1,14.6,2,2025
Harold Fannin Jr.,lets get this money,TE,CLE,Bench,8,9.8,2,2025
Javonte Williams,lets get this money,RB,DAL,Bench,14.1,25,2,2025
JuJu Smith-Schuster,lets get this money,WR,KC,Bench,10,1.5,2,2025
Keon Coleman,lets get this money,WR,BUF,Bench,12.5,5.6,2,2025
Ollie Gordon II,lets get this money,RB,MIA,Bench,6.7,2.3,2,2025
Travis Hunter,lets get this money,WR,JAX,Bench,13.6,5.2,2,2025
Tyler Allgeier,lets get this money,RB,ATL,Bench,4.2,15,2,2025
Cardinals,lets get this money,D/ST,ARI,D/ST,7.3,12,2,2025
Travis Etienne Jr.,lets get this money,RB,JAX,FLEX,13.6,16.9,2,2025
Tyler Loop,lets get this money,K,BAL,K,9.1,12.5,2,2025
Jalen Hurts,lets get this money,QB,PHI,QB,20.7,11.54,2,2025
Bucky Irving,lets get this money,RB,TB,RB,15.9,18.1,2,2025
De'Von Achane,lets get this money,RB,MIA,RB,18.7,26.2,2,2025
Travis Kelce,lets get this money,TE,KC,TE,12.3,10.1,2,2025
Jaylen Waddle,lets get this money,WR,MIA,WR,13.2,17.8,2,2025
Mike Evans,lets get this money,WR,TB,WR,14.1,10.6,2,2025
Deebo Samuel,willimantic crack addicts,WR,WSH,Bench,13.2,17.4,2,2025
J.J. McCarthy,willimantic crack addicts,QB,MIN,Bench,16.8,2.82,2,2025
Michael Wilson,willimantic crack addicts,WR,ARI,Bench,7.4,8.1,2,2025
Nick Chubb,willimantic crack addicts,RB,HOU,Bench,11.5,15.2,2,2025
Quentin Johnston,willimantic crack addicts,WR,LAC,Bench,11.5,15.9,2,2025
Rashod Bateman,willimantic crack addicts,WR,BAL,Bench,9,3.5,2,2025
Xavier Legette,willimantic crack addicts,WR,CAR,Bench,8.6,0.8,2,2025
Ravens,willimantic crack addicts,D/ST,BAL,D/ST,7.8,15,2,2025
DeVonta Smith,willimantic crack addicts,WR,PHI,FLEX,12.6,9.3,2,2025
Jake Bates,willimantic crack addicts,K,DET,K,8.9,9.4,2,2025
Patrick Mahomes,willimantic crack addicts,QB,KC,QB,19.4,22.08,2,2025
David Montgomery,willimantic crack addicts,RB,DET,RB,13.1,13.1,2,2025
Josh Jacobs,willimantic crack addicts,RB,GB,RB,18.3,14.4,2,2025
Tucker Kraft,willimantic crack addicts,TE,GB,TE,9.8,24.4,2,2025
CeeDee Lamb,willimantic crack addicts,WR,DAL,WR,18.8,20.2,2,2025
Davante Adams,willimantic crack addicts,WR,LAR,WR,15.1,22.6,2,2025
Courtland Sutton,Beef One My Balls,WR,DEN,Bench,12.6,23.8,3,2025
Dak Prescott,Beef One My Balls,QB,DAL,Bench,18.5,12.04,3,2025
Jayden Higgins,Beef One My Balls,WR,HOU,Bench,3.8,1.5,3,2025
Jordan Mason,Beef One My Balls,RB,MIN,Bench,14.7,23.6,3,2025
Josh Downs,Beef One My Balls,WR,IND,Bench,8.7,5.4,3,2025
Matthew Stafford,Beef One My Balls,QB,LAR,Bench,16,13.84,3,2025
T.J. Hockenson,Beef One My Balls,TE,MIN,Bench,10.1,15.9,3,2025
Colts,Beef One My Balls,D/ST,IND,D/ST,6.9,16,3,2025
Ashton Jeanty,Beef One My Balls,RB,LV,FLEX,15.4,6.3,3,2025
Harrison Butker,Beef One My Balls,K,KC,K,8.6,13,3,2025
Baker Mayfield,Beef One My Balls,QB,TB,QB,18.6,17.72,3,2025
Jaylen Warren,Beef One My Balls,RB,PIT,RB,16.1,13.1,3,2025
Kyren Williams,Beef One My Balls,RB,LAR,RB,15.5,19.2,3,2025
Jake Ferguson,Beef One My Balls,TE,DAL,TE,11.4,21.2,3,2025
Puka Nacua,Beef One My Balls,WR,LAR,WR,19.5,22.8,3,2025
Rome Odunze,Beef One My Balls,WR,CHI,WR,15.3,15.2,3,2025
Cam Skattebo,Bower Rangers,RB,NYG,Bench,10.1,24.1,3,2025
Evan Engram,Bower Rangers,TE,DEN,Bench,0,0,3,2025
Justin Fields,Bower Rangers,QB,NYJ,Bench,0,0,3,2025
Marvin Harrison Jr.,Bower Rangers,WR,ARI,Bench,12.7,7.4,3,2025
Michael Mayer,Bower Rangers,TE,LV,Bench,4.4,0,3,2025
Russell Wilson,Bower Rangers,QB,NYG,Bench,16.3,5.1,3,2025
Tyrone Tracy Jr.,Bower Rangers,RB,NYG,Bench,10.1,5.6,3,2025
Broncos,Bower Rangers,D/ST,DEN,D/ST,4.3,8,3,2025
DJ Moore,Bower Rangers,WR,CHI,FLEX,12.9,12.8,3,2025
Brandon Aubrey,Bower Rangers,K,DAL,K,9.1,8.6,3,2025
Jared Goff,Bower Rangers,QB,DET,QB,16.4,12.68,3,2025
Alvin Kamara,Bower Rangers,RB,NO,RB,15.4,6.6,3,2025
Jacory Croskey-Merritt,Bower Rangers,RB,WSH,RB,11.2,10.1,3,2025
Brock Bowers,Bower Rangers,TE,LV,TE,14.9,9.8,3,2025
Calvin Ridley,Bower Rangers,WR,TEN,WR,13,3.7,3,2025
Malik Nabers,Bower Rangers,WR,NYG,WR,19.8,3.3,3,2025
Brian Robinson Jr.,Cook my Balls,RB,SF,Bench,7,2.2,3,2025
DeMario Douglas,Cook my Balls,WR,NE,Bench,6.3,2.7,3,2025
Justice Hill,Cook my Balls,RB,BAL,Bench,7,7.5,3,2025
Romeo Doubs,Cook my Balls,WR,GB,Bench,10.4,4.5,3,2025
Tetairoa McMillan,Cook my Balls,WR,CAR,Bench,13.2,7.8,3,2025
Theo Johnson,Cook my Balls,TE,NYG,Bench,6.4,2,3,2025
Xavier Worthy,Cook my Balls,WR,KC,Bench,0,0,3,2025
Eagles,Cook my Balls,D/ST,PHI,D/ST,4.7,12,3,2025
DK Metcalf,Cook my Balls,WR,PIT,FLEX,14.5,12.2,3,2025
Brandon Aiyuk,Cook my Balls,WR,SF,IR,0,0,3,2025
Matt Gay,Cook my Balls,K,WSH,K,8,14.2,3,2025
Justin Herbert,Cook my Balls,QB,LAC,QB,18.4,14.6,3,2025
James Cook III,Cook my Balls,RB,BUF,RB,17.2,20.8,3,2025
Saquon Barkley,Cook my Balls,RB,PHI,RB,18.6,9.5,3,2025
David Njoku,Cook my Balls,TE,CLE,TE,9.4,9,3,2025
Jakobi Meyers,Cook my Balls,WR,LV,WR,14.7,9.3,3,2025
Ladd McConkey,Cook my Balls,WR,LAC,WR,14.6,8.1,3,2025
Cam Ward,High Speed Chase,QB,TEN,Bench,14.1,11.96,3,2025
Cedric Tillman,High Speed Chase,WR,CLE,Bench,9.7,5.6,3,2025
George Pickens,High Speed Chase,WR,DAL,Bench,13,17.8,3,2025
Isiah Pacheco,High Speed Chase,RB,KC,Bench,11.1,5.8,3,2025
Mark Andrews,High Speed Chase,TE,BAL,Bench,9.3,27.1,3,2025
Ricky Pearsall,High Speed Chase,WR,SF,Bench,12.1,19.7,3,2025
Zach Charbonnet,High Speed Chase,RB,SEA,Bench,0,0,3,2025
Vikings,High Speed Chase,D/ST,MIN,D/ST,7,32,3,2025
Keenan Allen,High Speed Chase,WR,LAC,FLEX,13.4,19.5,3,2025
Brock Purdy,High Speed Chase,QB,SF,IR,0,0,3,2025
Ka'imi Fairbairn,High Speed Chase,K,HOU,K,8.1,2.7,3,2025
Jordan Love,High Speed Chase,QB,GB,QB,16,11.12,3,2025
Chase Brown,High Speed Chase,RB,CIN,RB,16.6,6,3,2025
Omarion Hampton,High Speed Chase,RB,LAC,RB,12.2,24.9,3,2025
Zach Ertz,High Speed Chase,TE,WSH,TE,9.5,6.8,3,2025
Ja'Marr Chase,High Speed Chase,WR,CIN,WR,18.1,8.9,3,2025
Nico Collins,High Speed Chase,WR,HOU,WR,16.9,22.4,3,2025
Chris Godwin Jr.,Kupp my balls,WR,TB,Bench,0,0,3,2025
Cooper Kupp,Kupp my balls,WR,SEA,Bench,10.5,5.1,3,2025
Kenneth Gainwell,Kupp my balls,RB,PIT,Bench,10.7,9.6,3,2025
Kyle Monangai,Kupp my balls,RB,CHI,Bench,6.3,3,3,2025
Najee Harris,Kupp my balls,RB,LAC,Bench,6.4,2.8,3,2025
Rashee Rice,Kupp my balls,WR,KC,Bench,0,0,3,2025
Troy Franklin,Kupp my balls,WR,DEN,Bench,10.8,2.8,3,2025
Steelers,Kupp my balls,D/ST,PIT,D/ST,5.8,15,3,2025
Travis Hunter,Kupp my balls,WR,JAX,FLEX,11.5,3.1,3,2025
Chris Boswell,Kupp my balls,K,PIT,K,8.6,3,3,2025
Kyler Murray,Kupp my balls,QB,ARI,QB,17.8,14.06,3,2025
Bijan Robinson,Kupp my balls,RB,ATL,RB,21,16.1,3,2025
Javonte Williams,Kupp my balls,RB,DAL,RB,16.1,12.2,3,2025
Kyle Pitts Sr.,Kupp my balls,TE,ATL,TE,9.5,7.9,3,2025
Mike Evans,Kupp my balls,WR,TB,WR,14.7,13.3,3,2025
Tyreek Hill,Kupp my balls,WR,MIA,WR,14.1,15.9,3,2025
C.J. Stroud,Nix my Balls,QB,HOU,Bench,15.8,10.36,3,2025
Darnell Mooney,Nix my Balls,WR,ATL,Bench,10.6,8.4,3,2025
Hollywood Brown,Nix my Balls,WR,KC,Bench,12,8.2,3,2025
Joe Mixon,Nix my Balls,RB,HOU,Bench,0,0,3,2025
Khalil Shakir,Nix my Balls,WR,BUF,Bench,11.1,14.5,3,2025
Rams,Nix my Balls,D/ST,LAR,Bench,5.2,7,3,2025
Rhamondre Stevenson,Nix my Balls,RB,NE,Bench,11.9,4.6,3,2025
Bengals,Nix my Balls,D/ST,CIN,D/ST,7.5,-1,3,2025
Zay Flowers,Nix my Balls,WR,BAL,FLEX,15.9,3.3,3,2025
Cam Little,Nix my Balls,K,JAX,K,8.4,4.9,3,2025
Bo Nix,Nix my Balls,QB,DEN,QB,16,13.42,3,2025
Jahmyr Gibbs,Nix my Balls,RB,DET,RB,17.9,26.9,3,2025
Jonathan Taylor,Nix my Balls,RB,IND,RB,18.7,32.8,3,2025
Tyler Warren,Nix my Balls,TE,IND,TE,11.6,6.8,3,2025
Garrett Wilson,Nix my Balls,WR,NYJ,WR,15.7,24.4,3,2025
Terry McLaurin,Nix my Balls,WR,WSH,WR,12.9,10.4,3,2025
Alec Pierce,Njigbas in Paris,WR,IND,Bench,5.5,10.7,3,2025
Brandin Cooks,Njigbas in Paris,WR,NO,Bench,5.2,5.4,3,2025
Caleb Williams,Njigbas in Paris,QB,CHI,Bench,19.2,29.12,3,2025
Hunter Henry,Njigbas in Paris,TE,NE,Bench,9.1,29,3,2025
Marvin Mims Jr.,Njigbas in Paris,WR,DEN,Bench,6.7,1.4,3,2025
Stefon Diggs,Njigbas in Paris,WR,NE,Bench,10.4,5.3,3,2025
Tank Bigsby,Njigbas in Paris,RB,PHI,Bench,1.7,0,3,2025
Bills,Njigbas in Paris,D/ST,BUF,D/ST,5.6,4,3,2025
Michael Pittman Jr.,Njigbas in Paris,WR,IND,FLEX,10.5,19.3,3,2025
Cameron Dicker,Njigbas in Paris,K,LAC,K,8.7,11.9,3,2025
Lamar Jackson,Njigbas in Paris,QB,BAL,QB,23.6,27.02,3,2025
Christian McCaffrey,Njigbas in Paris,RB,SF,RB,21,24,3,2025
Jerome Ford,Njigbas in Paris,RB,CLE,RB,6.6,5,3,2025
Sam LaPorta,Njigbas in Paris,TE,DET,TE,11.9,7.3,3,2025
Brian Thomas Jr.,Njigbas in Paris,WR,JAX,WR,15.3,7.5,3,2025
Jaxon Smith-Njigba,Njigbas in Paris,WR,SEA,WR,15.5,20.6,3,2025
Adam Thielen,S(hamas),WR,MIN,Bench,5.6,0,3,2025
Dylan Sampson,S(hamas),RB,CLE,Bench,4.6,0.2,3,2025
George Kittle,S(hamas),TE,SF,Bench,0,0,3,2025
Jauan Jennings,S(hamas),WR,SF,Bench,0,0,3,2025
Kayshon Boutte,S(hamas),WR,NE,Bench,8.4,4.8,3,2025
Matthew Golden,S(hamas),WR,GB,Bench,8.8,10.1,3,2025
RJ Harvey,S(hamas),RB,DEN,Bench,6.7,4.6,3,2025
Buccaneers,S(hamas),D/ST,TB,D/ST,7,16,3,2025
Rashid Shaheed,S(hamas),WR,NO,FLEX,10.1,8.2,3,2025
Tyjae Spears,S(hamas),RB,TEN,IR,0,0,3,2025
Jake Elliott,S(hamas),K,PHI,K,8.9,3,3,2025
Josh Allen,S(hamas),QB,BUF,QB,24,23.02,3,2025
Kenneth Walker III,S(hamas),RB,SEA,RB,16.4,18,3,2025
TreVeyon Henderson,S(hamas),RB,NE,RB,8.8,7.7,3,2025
Juwan Johnson,S(hamas),TE,NO,TE,10.6,11.1,3,2025
A.J. Brown,S(hamas),WR,PHI,WR,14.8,22.9,3,2025
Jameson Williams,S(hamas),WR,DET,WR,12.9,6.3,3,2025
Bhayshul Tuten,Saquon Bustley,RB,JAX,Bench,5.7,8.1,3,2025
Dalton Kincaid,Saquon Bustley,TE,BUF,Bench,8.7,17.6,3,2025
Dont'e Thornton Jr.,Saquon Bustley,WR,LV,Bench,7,4.9,3,2025
Elic Ayomanor,Saquon Bustley,WR,TEN,Bench,9.8,13.8,3,2025
Jayden Daniels,Saquon Bustley,QB,WSH,Bench,0,0,3,2025
Jordan Addison,Saquon Bustley,WR,MIN,Bench,0,0,3,2025
Quinshon Judkins,Saquon Bustley,RB,CLE,Bench,9.4,16.5,3,2025
Seahawks,Saquon Bustley,D/ST,SEA,D/ST,6.9,17,3,2025
J.K. Dobbins,Saquon Bustley,RB,DEN,FLEX,11.7,15.3,3,2025
Jayden Reed,Saquon Bustley,WR,GB,IR,0,0,3,2025
Spencer Shrader,Saquon Bustley,K,IND,K,8.6,10,3,2025
Drake Maye,Saquon Bustley,QB,NE,QB,18,19.22,3,2025
Chuba Hubbard,Saquon Bustley,RB,CAR,RB,14.7,9.6,3,2025
D'Andre Swift,Saquon Bustley,RB,CHI,RB,16.2,10.8,3,2025
Trey McBride,Saquon Bustley,TE,ARI,TE,16.1,15.3,3,2025
Chris Olave,Saquon Bustley,WR,NO,WR,12.6,15.7,3,2025
Justin Jefferson,Saquon Bustley,WR,MIN,WR,19,12.5,3,2025
Colston Loveland,Team Chieffo,TE,CHI,Bench,4.4,4.1,3,2025
Dallas Goedert,Team Chieffo,TE,PHI,Bench,8.9,10.3,3,2025
Jerry Jeudy,Team Chieffo,WR,CLE,Bench,12,2.7,3,2025
Joe Burrow,Team Chieffo,QB,CIN,Bench,0,0,3,2025
Rachaad White,Team Chieffo,RB,TB,Bench,7.2,2.4,3,2025
Tony Pollard,Team Chieffo,RB,TEN,Bench,14.7,13.9,3,2025
Wan'Dale Robinson,Team Chieffo,WR,NYG,Bench,11.6,3.6,3,2025
Texans,Team Chieffo,D/ST,HOU,D/ST,5.2,7,3,2025
Emeka Egbuka,Team Chieffo,WR,TB,FLEX,11.5,14.5,3,2025
Chase McLaughlin,Team Chieffo,K,TB,K,8.9,21.6,3,2025
Daniel Jones,Team Chieffo,QB,IND,QB,18.2,15.82,3,2025
Breece Hall,Team Chieffo,RB,NYJ,RB,15.9,9.2,3,2025
Derrick Henry,Team Chieffo,RB,BAL,RB,16.5,10.7,3,2025
Jonnu Smith,Team Chieffo,TE,PIT,TE,9.6,5.3,3,2025
Amon-Ra St. Brown,Team Chieffo,WR,DET,WR,19.5,20.7,3,2025
Tee Higgins,Team Chieffo,WR,CIN,WR,12,2.5,3,2025
Blake Corum,lets get this money,RB,LAR,Bench,4.9,5.3,3,2025
Harold Fannin Jr.,lets get this money,TE,CLE,Bench,8.2,5.5,3,2025
James Conner,lets get this money,RB,ARI,Bench,13.4,6.7,3,2025
Keon Coleman,lets get this money,WR,BUF,Bench,12.6,5,3,2025
Ollie Gordon II,lets get this money,RB,MIA,Bench,2.2,9.8,3,2025
Trey Benson,lets get this money,RB,ARI,Bench,8.9,8.1,3,2025
Tyler Allgeier,lets get this money,RB,ATL,Bench,6.6,1.4,3,2025
Packers,lets get this money,D/ST,GB,D/ST,8.1,9,3,2025
Travis Etienne Jr.,lets get this money,RB,JAX,FLEX,12.7,11.6,3,2025
Tyler Loop,lets get this money,K,BAL,K,9.1,7.1,3,2025
Jalen Hurts,lets get this money,QB,PHI,QB,20.5,29.04,3,2025
Bucky Irving,lets get this money,RB,TB,RB,17.9,13.9,3,2025
De'Von Achane,lets get this money,RB,MIA,RB,19.3,16.1,3,2025
Travis Kelce,lets get this money,TE,KC,TE,11.4,6.6,3,2025
Drake London,lets get this money,WR,ATL,WR,15.5,10.5,3,2025
Jaylen Waddle,lets get this money,WR,MIA,WR,12.7,14.9,3,2025
DeVonta Smith,willimantic crack addicts,WR,PHI,Bench,12.5,20,3,2025
Deebo Samuel,willimantic crack addicts,WR,WSH,Bench,12.6,4.9,3,2025
J.J. McCarthy,willimantic crack addicts,QB,MIN,Bench,0,0,3,2025
Michael Wilson,willimantic crack addicts,WR,ARI,Bench,7.1,1.5,3,2025
Nick Chubb,willimantic crack addicts,RB,HOU,Bench,11.9,7,3,2025
Rashod Bateman,willimantic crack addicts,WR,BAL,Bench,9.6,17.3,3,2025
Xavier Legette,willimantic crack addicts,WR,CAR,Bench,0,0,3,2025
Ravens,willimantic crack addicts,D/ST,BAL,D/ST,3.3,-6,3,2025
CeeDee Lamb,willimantic crack addicts,WR,DAL,FLEX,20,0,3,2025
Jake Bates,willimantic crack addicts,K,DET,K,8.8,8.5,3,2025
Patrick Mahomes,willimantic crack addicts,QB,KC,QB,19.8,13.16,3,2025
David Montgomery,willimantic crack addicts,RB,DET,RB,12.8,29.4,3,2025
Josh Jacobs,willimantic crack addicts,RB,GB,RB,16.9,12.4,3,2025
Tucker Kraft,willimantic crack addicts,TE,GB,TE,11.1,5.9,3,2025
Davante Adams,willimantic crack addicts,WR,LAR,WR,16.5,14.6,3,2025
Quentin Johnston,willimantic crack addicts,WR,LAC,WR,12.7,14.9,3,2025
Courtland Sutton,Beef One My Balls,WR,DEN,Bench,13.7,19.1,4,2025
Dak Prescott,Beef One My Balls,QB,DAL,Bench,14.1,30.96,4,2025
Jayden Higgins,Beef One My Balls,WR,HOU,Bench,3.3,9.4,4,2025
Jordan Mason,Beef One My Balls,RB,MIN,Bench,13.9,10.2,4,2025
Josh Downs,Beef One My Balls,WR,IND,Bench,8.6,6.4,4,2025
Matthew Stafford,Beef One My Balls,QB,LAR,Bench,16,27.4,4,2025
T.J. Hockenson,Beef One My Balls,TE,MIN,Bench,10.1,7.9,4,2025
Colts,Beef One My Balls,D/ST,IND,D/ST,4.4,0,4,2025
Ashton Jeanty,Beef One My Balls,RB,LV,FLEX,15.5,33.5,4,2025
Harrison Butker,Beef One My Balls,K,KC,K,8.2,12.2,4,2025
Baker Mayfield,Beef One My Balls,QB,TB,QB,17.5,18.86,4,2025
Jaylen Warren,Beef One My Balls,RB,PIT,RB,0,0,4,2025
Kyren Williams,Beef One My Balls,RB,LAR,RB,16.5,10.4,4,2025
Jake Ferguson,Beef One My Balls,TE,DAL,TE,11.6,17,4,2025
Puka Nacua,Beef One My Balls,WR,LAR,WR,21.8,36,4,2025
Rome Odunze,Beef One My Balls,WR,CHI,WR,15.4,16.9,4,2025
Calvin Ridley,Bower Rangers,WR,TEN,Bench,11.2,5,4,2025
Jacory Croskey-Merritt,Bower Rangers,RB,WSH,Bench,8,7.7,4,2025
Jared Goff,Bower Rangers,QB,DET,Bench,15.1,12.72,4,2025
Jaylen Waddle,Bower Rangers,WR,MIA,Bench,12.3,7.8,4,2025
Justice Hill,Bower Rangers,RB,BAL,Bench,6.8,28.7,4,2025
Tyquan Thornton,Bower Rangers,WR,KC,Bench,7.3,8.1,4,2025
Tyrone Tracy Jr.,Bower Rangers,RB,NYG,Bench,0,0,4,2025
Broncos,Bower Rangers,D/ST,DEN,D/ST,7.9,10,4,2025
DJ Moore,Bower Rangers,WR,CHI,FLEX,12.8,7.8,4,2025
Brandon Aubrey,Bower Rangers,K,DAL,K,8.4,7.2,4,2025
Justin Fields,Bower Rangers,QB,NYJ,QB,19.5,27.14,4,2025
Bucky Irving,Bower Rangers,RB,TB,RB,17.5,25.5,4,2025
Travis Etienne Jr.,Bower Rangers,RB,JAX,RB,11.1,19.5,4,2025
Brock Bowers,Bower Rangers,TE,LV,TE,14.5,9.6,4,2025
Malik Nabers,Bower Rangers,WR,NYG,WR,17.6,4,4,2025
Marvin Harrison Jr.,Bower Rangers,WR,ARI,WR,11.3,18.6,4,2025
Brian Robinson Jr.,Cook my Balls,RB,SF,Bench,5.2,2.1,4,2025
DK Metcalf,Cook my Balls,WR,PIT,Bench,12.4,23.6,4,2025
David Njoku,Cook my Balls,TE,CLE,Bench,9.3,3.1,4,2025
DeMario Douglas,Cook my Balls,WR,NE,Bench,5.8,0,4,2025
Romeo Doubs,Cook my Balls,WR,GB,Bench,10.5,29.8,4,2025
Tre Tucker,Cook my Balls,WR,LV,Bench,11.2,4.2,4,2025
Eagles,Cook my Balls,D/ST,PHI,D/ST,5,13,4,2025
Tetairoa McMillan,Cook my Balls,WR,CAR,FLEX,14.2,10.2,4,2025
Brandon Aiyuk,Cook my Balls,WR,SF,IR,0,0,4,2025
Matt Gay,Cook my Balls,K,WSH,K,7.8,18.8,4,2025
Justin Herbert,Cook my Balls,QB,LAC,QB,18.6,12.52,4,2025
James Cook III,Cook my Balls,RB,BUF,RB,18,22.5,4,2025
Quinshon Judkins,Cook my Balls,RB,CLE,RB,14,21.5,4,2025
Dalton Kincaid,Cook my Balls,TE,BUF,TE,9.1,9.8,4,2025
Jakobi Meyers,Cook my Balls,WR,LV,WR,15,7,4,2025
Justin Jefferson,Cook my Balls,WR,MIN,WR,16.7,22.6,4,2025
Brock Purdy,High Speed Chase,QB,SF,Bench,17.3,17.66,4,2025
Cedric Tillman,High Speed Chase,WR,CLE,Bench,8.5,1.6,4,2025
Isiah Pacheco,High Speed Chase,RB,KC,Bench,9.2,12.8,4,2025
Keenan Allen,High Speed Chase,WR,LAC,Bench,13.6,8.7,4,2025
Mark Andrews,High Speed Chase,TE,BAL,Bench,9.2,10,4,2025
Ricky Pearsall,High Speed Chase,WR,SF,Bench,12.9,8.6,4,2025
Zach Charbonnet,High Speed Chase,RB,SEA,Bench,9.3,12.4,4,2025
Vikings,High Speed Chase,D/ST,MIN,D/ST,7.5,4,4,2025
Ja'Marr Chase,High Speed Chase,WR,CIN,FLEX,16.6,7.3,4,2025
Ka'imi Fairbairn,High Speed Chase,K,HOU,K,8.3,10,4,2025
Jordan Love,High Speed Chase,QB,GB,QB,18.6,26.28,4,2025
Chase Brown,High Speed Chase,RB,CIN,RB,14,10.1,4,2025
Omarion Hampton,High Speed Chase,RB,LAC,RB,16.7,27.5,4,2025
Zach Ertz,High Speed Chase,TE,WSH,TE,9.8,6.1,4,2025
George Pickens,High Speed Chase,WR,DAL,WR,14.5,33.4,4,2025
Nico Collins,High Speed Chase,WR,HOU,WR,17.8,11.9,4,2025
Kenneth Gainwell,Kupp my balls,RB,PIT,Bench,11.5,31.4,4,2025
Kyle Monangai,Kupp my balls,RB,CHI,Bench,6.7,1.8,4,2025
Mike Evans,Kupp my balls,WR,TB,Bench,0,0,4,2025
Rashee Rice,Kupp my balls,WR,KC,Bench,0,0,4,2025
Travis Hunter,Kupp my balls,WR,JAX,Bench,10.1,7.2,4,2025
Troy Franklin,Kupp my balls,WR,DEN,Bench,10.4,9.5,4,2025
Steelers,Kupp my balls,D/ST,PIT,D/ST,7.5,9,4,2025
Chris Godwin Jr.,Kupp my balls,WR,TB,FLEX,10.7,5.6,4,2025
Chris Boswell,Kupp my balls,K,PIT,K,8.2,5.3,4,2025
Kyler Murray,Kupp my balls,QB,ARI,QB,16.3,16.1,4,2025
Bijan Robinson,Kupp my balls,RB,ATL,RB,19.8,28.1,4,2025
Javonte Williams,Kupp my balls,RB,DAL,RB,13.9,19,4,2025
Kyle Pitts Sr.,Kupp my balls,TE,ATL,TE,8.7,18,4,2025
Cooper Kupp,Kupp my balls,WR,SEA,WR,10.6,6.6,4,2025
Tyreek Hill,Kupp my balls,WR,MIA,WR,14.7,12.7,4,2025
C.J. Stroud,Nix my Balls,QB,HOU,Bench,17.4,18.42,4,2025
Hollywood Brown,Nix my Balls,WR,KC,Bench,9,12.8,4,2025
Joe Mixon,Nix my Balls,RB,HOU,Bench,0,0,4,2025
Khalil Shakir,Nix my Balls,WR,BUF,Bench,9.2,17.9,4,2025
Rams,Nix my Balls,D/ST,LAR,Bench,5.7,6,4,2025
Rhamondre Stevenson,Nix my Balls,RB,NE,Bench,11.1,5.1,4,2025
Terry McLaurin,Nix my Balls,WR,WSH,Bench,0,0,4,2025
Lions,Nix my Balls,D/ST,DET,D/ST,7.2,20,4,2025
Zay Flowers,Nix my Balls,WR,BAL,FLEX,14.4,14.4,4,2025
Cam Little,Nix my Balls,K,JAX,K,8.2,8,4,2025
Bo Nix,Nix my Balls,QB,DEN,QB,18.2,25.74,4,2025
Jahmyr Gibbs,Nix my Balls,RB,DET,RB,19,17.7,4,2025
Jonathan Taylor,Nix my Balls,RB,IND,RB,19,14.6,4,2025
Tyler Warren,Nix my Balls,TE,IND,TE,11.9,18.3,4,2025
Darnell Mooney,Nix my Balls,WR,ATL,WR,10.6,2.5,4,2025
Garrett Wilson,Nix my Balls,WR,NYJ,WR,15.7,20.2,4,2025
Caleb Williams,Njigbas in Paris,QB,CHI,Bench,19.6,11.78,4,2025
Jerome Ford,Njigbas in Paris,RB,CLE,Bench,6.5,1.3,4,2025
Marvin Mims Jr.,Njigbas in Paris,WR,DEN,Bench,7.8,20.5,4,2025
Sam LaPorta,Njigbas in Paris,TE,DET,Bench,9.7,6.9,4,2025
Stefon Diggs,Njigbas in Paris,WR,NE,Bench,7.8,16.1,4,2025
Tank Bigsby,Njigbas in Paris,RB,PHI,Bench,0,0,4,2025
Bills,Njigbas in Paris,D/ST,BUF,D/ST,7.2,7,4,2025
Christian Kirk,Njigbas in Paris,WR,HOU,FLEX,11.1,5,4,2025
Cameron Dicker,Njigbas in Paris,K,LAC,K,9,5.3,4,2025
Lamar Jackson,Njigbas in Paris,QB,BAL,QB,22.8,10.68,4,2025
Cam Skattebo,Njigbas in Paris,RB,NYG,RB,14,13,4,2025
Christian McCaffrey,Njigbas in Paris,RB,SF,RB,22.2,26.1,4,2025
Hunter Henry,Njigbas in Paris,TE,NE,TE,11.2,11.9,4,2025
Jaxon Smith-Njigba,Njigbas in Paris,WR,SEA,WR,16.5,13,4,2025
Michael Pittman Jr.,Njigbas in Paris,WR,IND,WR,11.6,15.1,4,2025
Adam Thielen,S(hamas),WR,MIN,Bench,3.5,3.1,4,2025
Dylan Sampson,S(hamas),RB,CLE,Bench,2.7,-0.2,4,2025
George Kittle,S(hamas),TE,SF,Bench,0,0,4,2025
Jauan Jennings,S(hamas),WR,SF,Bench,9.8,6.4,4,2025
Kayshon Boutte,S(hamas),WR,NE,Bench,7,2.8,4,2025
RJ Harvey,S(hamas),RB,DEN,Bench,7.9,19.8,4,2025
Rashid Shaheed,S(hamas),WR,NO,Bench,9.6,9.2,4,2025
Buccaneers,S(hamas),D/ST,TB,D/ST,5.5,5,4,2025
Matthew Golden,S(hamas),WR,GB,FLEX,10.8,11.3,4,2025
Tyjae Spears,S(hamas),RB,TEN,IR,0,0,4,2025
Jake Elliott,S(hamas),K,PHI,K,8.6,7.9,4,2025
Josh Allen,S(hamas),QB,BUF,QB,22.7,24.86,4,2025
Kenneth Walker III,S(hamas),RB,SEA,RB,12.7,12,4,2025
TreVeyon Henderson,S(hamas),RB,NE,RB,7.5,12.6,4,2025
Juwan Johnson,S(hamas),TE,NO,TE,11.1,5.8,4,2025
A.J. Brown,S(hamas),WR,PHI,WR,15.1,2.7,4,2025
Jameson Williams,S(hamas),WR,DET,WR,10.7,5.7,4,2025
Bhayshul Tuten,Saquon Bustley,RB,JAX,Bench,5.3,3.2,4,2025
Calvin Austin III,Saquon Bustley,WR,PIT,Bench,9.3,3.3,4,2025
Chuba Hubbard,Saquon Bustley,RB,CAR,Bench,13.5,9.9,4,2025
Elic Ayomanor,Saquon Bustley,WR,TEN,Bench,9,6.4,4,2025
Jayden Daniels,Saquon Bustley,QB,WSH,Bench,0,0,4,2025
Jordan Addison,Saquon Bustley,WR,MIN,Bench,10.8,15.4,4,2025
Xavier Worthy,Saquon Bustley,WR,KC,Bench,12,17.1,4,2025
Seahawks,Saquon Bustley,D/ST,SEA,D/ST,6.8,12,4,2025
J.K. Dobbins,Saquon Bustley,RB,DEN,FLEX,16.1,11.5,4,2025
Jayden Reed,Saquon Bustley,WR,GB,IR,0,0,4,2025
Spencer Shrader,Saquon Bustley,K,IND,K,8.4,11,4,2025
Drake Maye,Saquon Bustley,QB,NE,QB,17.3,23.22,4,2025
D'Andre Swift,Saquon Bustley,RB,CHI,RB,15.2,16,4,2025
Saquon Barkley,Saquon Bustley,RB,PHI,RB,18.4,17.4,4,2025
Trey McBride,Saquon Bustley,TE,ARI,TE,15.3,12.2,4,2025
Chris Olave,Saquon Bustley,WR,NO,WR,15.1,9,4,2025
Ladd McConkey,Saquon Bustley,WR,LAC,WR,12.2,2.1,4,2025
Colston Loveland,Team Chieffo,TE,CHI,Bench,0,0,4,2025
Jerry Jeudy,Team Chieffo,WR,CLE,Bench,11.3,7.8,4,2025
Joe Burrow,Team Chieffo,QB,CIN,Bench,0,0,4,2025
Jonnu Smith,Team Chieffo,TE,PIT,Bench,8,2.6,4,2025
Rachaad White,Team Chieffo,RB,TB,Bench,5.6,8.6,4,2025
Tony Pollard,Team Chieffo,RB,TEN,Bench,13.7,10.6,4,2025
Wan'Dale Robinson,Team Chieffo,WR,NYG,Bench,9.6,4.4,4,2025
Texans,Team Chieffo,D/ST,HOU,D/ST,7.2,12,4,2025
Emeka Egbuka,Team Chieffo,WR,TB,FLEX,14.9,20.1,4,2025
Chase McLaughlin,Team Chieffo,K,TB,K,8.5,18.5,4,2025
Daniel Jones,Team Chieffo,QB,IND,QB,17.6,10.38,4,2025
Breece Hall,Team Chieffo,RB,NYJ,RB,16.1,16.1,4,2025
Derrick Henry,Team Chieffo,RB,BAL,RB,16.9,7.8,4,2025
Dallas Goedert,Team Chieffo,TE,PHI,TE,8.5,19.7,4,2025
Amon-Ra St. Brown,Team Chieffo,WR,DET,WR,17.4,26,4,2025
Tee Higgins,Team Chieffo,WR,CIN,WR,11.4,6.2,4,2025
Blake Corum,lets get this money,RB,LAR,Bench,4.3,3.6,4,2025
Harold Fannin Jr.,lets get this money,TE,CLE,Bench,7.5,4.5,4,2025
Keon Coleman,lets get this money,WR,BUF,Bench,10.5,7.5,4,2025
Luther Burden III,lets get this money,WR,CHI,Bench,5.8,1.6,4,2025
Ollie Gordon II,lets get this money,RB,MIA,Bench,5.9,1,4,2025
Tyler Allgeier,lets get this money,RB,ATL,Bench,6.5,11.1,4,2025
Woody Marks,lets get this money,RB,HOU,Bench,8.7,27.9,4,2025
Packers,lets get this money,D/ST,GB,D/ST,6.7,-5,4,2025
Trey Benson,lets get this money,RB,ARI,FLEX,13.7,10.4,4,2025
Tyler Loop,lets get this money,K,BAL,K,8.8,9.5,4,2025
Jalen Hurts,lets get this money,QB,PHI,QB,20.5,19.4,4,2025
Alvin Kamara,lets get this money,RB,NO,RB,14.2,11.2,4,2025
De'Von Achane,lets get this money,RB,MIA,RB,19.8,17.1,4,2025
Travis Kelce,lets get this money,TE,KC,TE,11.3,9.8,4,2025
Brian Thomas Jr.,lets get this money,WR,JAX,WR,14.7,10.6,4,2025
Drake London,lets get this money,WR,ATL,WR,14.6,25,4,2025
CeeDee Lamb,willimantic crack addicts,WR,DAL,Bench,0,0,4,2025
David Montgomery,willimantic crack addicts,RB,DET,Bench,12.3,1.2,4,2025
DeVonta Smith,willimantic crack addicts,WR,PHI,Bench,11.8,4.9,4,2025
J.J. McCarthy,willimantic crack addicts,QB,MIN,Bench,0,0,4,2025
Michael Wilson,willimantic crack addicts,WR,ARI,Bench,6.2,4.5,4,2025
Rashod Bateman,willimantic crack addicts,WR,BAL,Bench,9.9,3.4,4,2025
Xavier Legette,willimantic crack addicts,WR,CAR,Bench,0,0,4,2025
Ravens,willimantic crack addicts,D/ST,BAL,D/ST,4.1,-3,4,2025
Davante Adams,willimantic crack addicts,WR,LAR,FLEX,17.3,15.6,4,2025
Jake Bates,willimantic crack addicts,K,DET,K,8.9,14.6,4,2025
Patrick Mahomes,willimantic crack addicts,QB,KC,QB,19.3,27.3,4,2025
Josh Jacobs,willimantic crack addicts,RB,GB,RB,18.5,31.7,4,2025
Nick Chubb,willimantic crack addicts,RB,HOU,RB,12.8,8.2,4,2025
Tucker Kraft,willimantic crack addicts,TE,GB,TE,11.9,10.6,4,2025
Deebo Samuel,willimantic crack addicts,WR,WSH,WR,14,20.1,4,2025
Quentin Johnston,willimantic crack addicts,WR,LAC,WR,13.8,23.8,4,2025
Baker Mayfield,Beef One My Balls,QB,TB,Bench,15.7,26.66,5,2025
Jayden Higgins,Beef One My Balls,WR,HOU,Bench,3.4,7.2,5,2025
Jaylen Warren,Beef One My Balls,RB,PIT,Bench,0,0,5,2025
Josh Downs,Beef One My Balls,WR,IND,Bench,8.8,11.4,5,2025
Matthew Stafford,Beef One My Balls,QB,LAR,Bench,15.9,25.56,5,2025
Rome Odunze,Beef One My Balls,WR,CHI,Bench,0,0,5,2025
T.J. Hockenson,Beef One My Balls,TE,MIN,Bench,9.1,9.8,5,2025
Colts,Beef One My Balls,D/ST,IND,D/ST,6.1,16,5,2025
Ashton Jeanty,Beef One My Balls,RB,LV,FLEX,15,15.9,5,2025
Harrison Butker,Beef One My Balls,K,KC,K,8,4,5,2025
Dak Prescott,Beef One My Balls,QB,DAL,QB,16.8,28.28,5,2025
Jordan Mason,Beef One My Balls,RB,MIN,RB,13.1,12.6,5,2025
Kyren Williams,Beef One My Balls,RB,LAR,RB,15.8,31.1,5,2025
Jake Ferguson,Beef One My Balls,TE,DAL,TE,12,23.9,5,2025
Courtland Sutton,Beef One My Balls,WR,DEN,WR,12.9,17.9,5,2025
Puka Nacua,Beef One My Balls,WR,LAR,WR,21.2,24.5,5,2025
Brock Bowers,Bower Rangers,TE,LV,Bench,0,0,5,2025
Bucky Irving,Bower Rangers,RB,TB,Bench,0,0,5,2025
Calvin Ridley,Bower Rangers,WR,TEN,Bench,10.6,18.1,5,2025
DJ Moore,Bower Rangers,WR,CHI,Bench,0,0,5,2025
Darren Waller,Bower Rangers,TE,MIA,Bench,7.9,18.8,5,2025
Jared Goff,Bower Rangers,QB,DET,Bench,16.7,20.12,5,2025
Tyrone Tracy Jr.,Bower Rangers,RB,NYG,Bench,0,0,5,2025
Broncos,Bower Rangers,D/ST,DEN,D/ST,5.5,7,5,2025
Darius Slayton,Bower Rangers,WR,NYG,FLEX,9.2,4.1,5,2025
Brandon Aubrey,Bower Rangers,K,DAL,K,9,7.5,5,2025
Justin Fields,Bower Rangers,QB,NYJ,QB,21.7,25.92,5,2025
Jacory Croskey-Merritt,Bower Rangers,RB,WSH,RB,7.8,27,5,2025
Travis Etienne Jr.,Bower Rangers,RB,JAX,RB,13.9,8.8,5,2025
Mason Taylor,Bower Rangers,TE,NYJ,TE,7.9,17.7,5,2025
Jaylen Waddle,Bower Rangers,WR,MIA,WR,13.7,23,5,2025
Marvin Harrison Jr.,Bower Rangers,WR,ARI,WR,12.9,13.8,5,2025
Brian Robinson Jr.,Cook my Balls,RB,SF,Bench,3.8,1.2,5,2025
DK Metcalf,Cook my Balls,WR,PIT,Bench,0,0,5,2025
David Njoku,Cook my Balls,TE,CLE,Bench,8.1,18.7,5,2025
DeMario Douglas,Cook my Balls,WR,NE,Bench,2.8,3.7,5,2025
Romeo Doubs,Cook my Balls,WR,GB,Bench,0,0,5,2025
Tre Tucker,Cook my Balls,WR,LV,Bench,10.5,11.1,5,2025
Eagles,Cook my Balls,D/ST,PHI,D/ST,5,1,5,2025
Tetairoa McMillan,Cook my Balls,WR,CAR,FLEX,14.2,13.3,5,2025
Brandon Aiyuk,Cook my Balls,WR,SF,IR,0,0,5,2025
Matt Gay,Cook my Balls,K,WSH,K,8,9.5,5,2025
Justin Herbert,Cook my Balls,QB,LAC,QB,20.8,14.64,5,2025
James Cook III,Cook my Balls,RB,BUF,RB,18.4,4.9,5,2025
Quinshon Judkins,Cook my Balls,RB,CLE,RB,14.6,13.8,5,2025
Dalton Kincaid,Cook my Balls,TE,BUF,TE,8,16.8,5,2025
Jakobi Meyers,Cook my Balls,WR,LV,WR,14,7.2,5,2025
Justin Jefferson,Cook my Balls,WR,MIN,WR,16.3,19.3,5,2025
Isiah Pacheco,High Speed Chase,RB,KC,Bench,7.7,8.6,5,2025
Jordan Love,High Speed Chase,QB,GB,Bench,0,0,5,2025
Keenan Allen,High Speed Chase,WR,LAC,Bench,14.6,10.8,5,2025
Mark Andrews,High Speed Chase,TE,BAL,Bench,8.9,4.2,5,2025
Ricky Pearsall,High Speed Chase,WR,SF,Bench,0,0,5,2025
Zach Charbonnet,High Speed Chase,RB,SEA,Bench,9.2,11.8,5,2025
Vikings,High Speed Chase,D/ST,MIN,D/ST,7.6,3,5,2025
Ja'Marr Chase,High Speed Chase,WR,CIN,FLEX,16.1,29,5,2025
Brock Purdy,High Speed Chase,QB,SF,IR,0,0,5,2025
Ka'imi Fairbairn,High Speed Chase,K,HOU,K,8.2,19.1,5,2025
Jaxson Dart,High Speed Chase,QB,NYG,QB,16.2,15.58,5,2025
Chase Brown,High Speed Chase,RB,CIN,RB,13.9,11.8,5,2025
Omarion Hampton,High Speed Chase,RB,LAC,RB,18.6,13,5,2025
Zach Ertz,High Speed Chase,TE,WSH,TE,9.2,0,5,2025
George Pickens,High Speed Chase,WR,DAL,WR,16.5,13.7,5,2025
Nico Collins,High Speed Chase,WR,HOU,WR,17.5,16,5,2025
Bijan Robinson,Kupp my balls,RB,ATL,Bench,0,0,5,2025
Chris Boswell,Kupp my balls,K,PIT,Bench,0,0,5,2025
Kenneth Gainwell,Kupp my balls,RB,PIT,Bench,0,0,5,2025
Kyle Pitts Sr.,Kupp my balls,TE,ATL,Bench,0,0,5,2025
Rashee Rice,Kupp my balls,WR,KC,Bench,0,0,5,2025
Steelers,Kupp my balls,D/ST,PIT,Bench,0,0,5,2025
Travis Hunter,Kupp my balls,WR,JAX,Bench,8.9,9.4,5,2025
Browns,Kupp my balls,D/ST,CLE,D/ST,7.4,7,5,2025
Troy Franklin,Kupp my balls,WR,DEN,FLEX,10.7,8.5,5,2025
Mike Evans,Kupp my balls,WR,TB,IR,0,0,5,2025
Matt Prater,Kupp my balls,K,BUF,K,9.1,9.6,5,2025
Kyler Murray,Kupp my balls,QB,ARI,QB,19.3,15.3,5,2025
Emari Demercado,Kupp my balls,RB,ARI,RB,11.2,6.1,5,2025
Javonte Williams,Kupp my balls,RB,DAL,RB,16.7,26.9,5,2025
Dalton Schultz,Kupp my balls,TE,HOU,TE,8.1,11,5,2025
Chris Godwin Jr.,Kupp my balls,WR,TB,WR,13.2,5.6,5,2025
Cooper Kupp,Kupp my balls,WR,SEA,WR,10.5,11.9,5,2025
Bo Nix,Nix my Balls,QB,DEN,Bench,16.1,17.88,5,2025
Darnell Mooney,Nix my Balls,WR,ATL,Bench,0,0,5,2025
Hollywood Brown,Nix my Balls,WR,KC,Bench,7.7,8.8,5,2025
Joe Mixon,Nix my Balls,RB,HOU,Bench,0,0,5,2025
Rams,Nix my Balls,D/ST,LAR,Bench,7,-2,5,2025
Rhamondre Stevenson,Nix my Balls,RB,NE,Bench,10.1,14.7,5,2025
Terry McLaurin,Nix my Balls,WR,WSH,Bench,0,0,5,2025
Lions,Nix my Balls,D/ST,DET,D/ST,7.2,10,5,2025
Zay Flowers,Nix my Balls,WR,BAL,FLEX,13,12.2,5,2025
Cam Little,Nix my Balls,K,JAX,K,8.1,9.2,5,2025
C.J. Stroud,Nix my Balls,QB,HOU,QB,17.6,28.76,5,2025
Jahmyr Gibbs,Nix my Balls,RB,DET,RB,22.1,16.7,5,2025
Jonathan Taylor,Nix my Balls,RB,IND,RB,22.6,31.6,5,2025
Tyler Warren,Nix my Balls,TE,IND,TE,11.2,14.4,5,2025
Garrett Wilson,Nix my Balls,WR,NYJ,WR,16,19.1,5,2025
Khalil Shakir,Nix my Balls,WR,BUF,WR,10.2,11,5,2025
Bills,Njigbas in Paris,D/ST,BUF,Bench,5.8,6,5,2025
Caleb Williams,Njigbas in Paris,QB,CHI,Bench,0,0,5,2025
Christian Kirk,Njigbas in Paris,WR,HOU,Bench,10.1,10.4,5,2025
Jerome Ford,Njigbas in Paris,RB,CLE,Bench,3.9,5.8,5,2025
Lamar Jackson,Njigbas in Paris,QB,BAL,Bench,0,0,5,2025
Marvin Mims Jr.,Njigbas in Paris,WR,DEN,Bench,8.2,3.9,5,2025
Sam LaPorta,Njigbas in Paris,TE,DET,Bench,10.1,20.2,5,2025
Giants,Njigbas in Paris,D/ST,NYG,D/ST,6.2,0,5,2025
Stefon Diggs,Njigbas in Paris,WR,NE,FLEX,12.9,24.6,5,2025
Cameron Dicker,Njigbas in Paris,K,LAC,K,9.2,6.5,5,2025
Bryce Young,Njigbas in Paris,QB,CAR,QB,16.9,12.02,5,2025
Cam Skattebo,Njigbas in Paris,RB,NYG,RB,17.1,14.4,5,2025
Christian McCaffrey,Njigbas in Paris,RB,SF,RB,22.2,27.9,5,2025
Hunter Henry,Njigbas in Paris,TE,NE,TE,11.1,6.6,5,2025
Jaxon Smith-Njigba,Njigbas in Paris,WR,SEA,WR,15.9,27.2,5,2025
Michael Pittman Jr.,Njigbas in Paris,WR,IND,WR,13.2,14.9,5,2025
Adam Thielen,S(hamas),WR,MIN,Bench,1.9,0,5,2025
Dylan Sampson,S(hamas),RB,CLE,Bench,3.5,1.2,5,2025
George Kittle,S(hamas),TE,SF,Bench,0,0,5,2025
Kayshon Boutte,S(hamas),WR,NE,Bench,7.8,7.3,5,2025
Matthew Golden,S(hamas),WR,GB,Bench,0,0,5,2025
RJ Harvey,S(hamas),RB,DEN,Bench,8.3,6,5,2025
Rashid Shaheed,S(hamas),WR,NO,Bench,9.3,21.4,5,2025
Buccaneers,S(hamas),D/ST,TB,D/ST,5.7,-4,5,2025
Jauan Jennings,S(hamas),WR,SF,FLEX,0,0,5,2025
Tyjae Spears,S(hamas),RB,TEN,IR,5.4,1.4,5,2025
Jake Elliott,S(hamas),K,PHI,K,8.4,5.1,5,2025
Josh Allen,S(hamas),QB,BUF,QB,22.3,19.42,5,2025
Kenneth Walker III,S(hamas),RB,SEA,RB,14.6,9.6,5,2025
TreVeyon Henderson,S(hamas),RB,NE,RB,8.6,4.7,5,2025
Juwan Johnson,S(hamas),TE,NO,TE,7.9,3.7,5,2025
A.J. Brown,S(hamas),WR,PHI,WR,13.7,9.3,5,2025
Jameson Williams,S(hamas),WR,DET,WR,11.8,2,5,2025
Bhayshul Tuten,Saquon Bustley,RB,JAX,Bench,4.7,2.1,5,2025
Chuba Hubbard,Saquon Bustley,RB,CAR,Bench,0,0,5,2025
D'Andre Swift,Saquon Bustley,RB,CHI,Bench,0,0,5,2025
Drake Maye,Saquon Bustley,QB,NE,Bench,18.7,12.12,5,2025
Elic Ayomanor,Saquon Bustley,WR,TEN,Bench,10.4,3.8,5,2025
Kendre Miller,Saquon Bustley,RB,NO,Bench,5.6,5.9,5,2025
Ladd McConkey,Saquon Bustley,WR,LAC,Bench,12.8,14.9,5,2025
Seahawks,Saquon Bustley,D/ST,SEA,D/ST,5.8,-5,5,2025
Jordan Addison,Saquon Bustley,WR,MIN,FLEX,10.8,15.1,5,2025
Jayden Reed,Saquon Bustley,WR,GB,IR,0,0,5,2025
Spencer Shrader,Saquon Bustley,K,IND,K,8.8,2,5,2025
Jayden Daniels,Saquon Bustley,QB,WSH,QB,19,17.14,5,2025
J.K. Dobbins,Saquon Bustley,RB,DEN,RB,12.2,15.4,5,2025
Saquon Barkley,Saquon Bustley,RB,PHI,RB,18,17.8,5,2025
Trey McBride,Saquon Bustley,TE,ARI,TE,15.5,9.1,5,2025
Chris Olave,Saquon Bustley,WR,NO,WR,12.8,12.9,5,2025
Xavier Worthy,Saquon Bustley,WR,KC,WR,15,11.1,5,2025
Colston Loveland,Team Chieffo,TE,CHI,Bench,0,0,5,2025
Jerry Jeudy,Team Chieffo,WR,CLE,Bench,10.1,3.5,5,2025
Joe Burrow,Team Chieffo,QB,CIN,Bench,0,0,5,2025
Jonnu Smith,Team Chieffo,TE,PIT,Bench,0,0,5,2025
Rachaad White,Team Chieffo,RB,TB,Bench,13.7,23.1,5,2025
Tony Pollard,Team Chieffo,RB,TEN,Bench,12,14.8,5,2025
Wan'Dale Robinson,Team Chieffo,WR,NYG,Bench,10.7,8.2,5,2025
Texans,Team Chieffo,D/ST,HOU,D/ST,5.5,12,5,2025
Emeka Egbuka,Team Chieffo,WR,TB,FLEX,14.2,31.3,5,2025
Chase McLaughlin,Team Chieffo,K,TB,K,8.3,13.5,5,2025
Daniel Jones,Team Chieffo,QB,IND,QB,18.3,16.68,5,2025
Breece Hall,Team Chieffo,RB,NYJ,RB,18.1,17.5,5,2025
Derrick Henry,Team Chieffo,RB,BAL,RB,15.1,9.3,5,2025
Dallas Goedert,Team Chieffo,TE,PHI,TE,8.3,10.9,5,2025
Amon-Ra St. Brown,Team Chieffo,WR,DET,WR,17.8,18,5,2025
Tee Higgins,Team Chieffo,WR,CIN,WR,12.8,11.2,5,2025
Drake London,lets get this money,WR,ATL,Bench,0,0,5,2025
Harold Fannin Jr.,lets get this money,TE,CLE,Bench,7.7,11.3,5,2025
Keon Coleman,lets get this money,WR,BUF,Bench,10.2,10.3,5,2025
Michael Carter,lets get this money,RB,ARI,Bench,10.7,18.3,5,2025
Ollie Gordon II,lets get this money,RB,MIA,Bench,5.9,-0.2,5,2025
Tyler Allgeier,lets get this money,RB,ATL,Bench,0,0,5,2025
Woody Marks,lets get this money,RB,HOU,Bench,12,2.4,5,2025
Cardinals,lets get this money,D/ST,ARI,D/ST,6.3,6,5,2025
Alvin Kamara,lets get this money,RB,NO,FLEX,16.1,9.5,5,2025
Trey Benson,lets get this money,RB,ARI,IR,0,0,5,2025
Joshua Karty,lets get this money,K,LAR,K,8.4,5.8,5,2025
Jalen Hurts,lets get this money,QB,PHI,QB,19.3,19.5,5,2025
De'Von Achane,lets get this money,RB,MIA,RB,19.6,16.6,5,2025
Rico Dowdle,lets get this money,RB,CAR,RB,14.5,32.4,5,2025
Travis Kelce,lets get this money,TE,KC,TE,9.2,19.1,5,2025
Brian Thomas Jr.,lets get this money,WR,JAX,WR,13,12,5,2025
Kendrick Bourne,lets get this money,WR,SF,WR,9.3,24.2,5,2025
CeeDee Lamb,willimantic crack addicts,WR,DAL,Bench,0,0,5,2025
DeVonta Smith,willimantic crack addicts,WR,PHI,Bench,10.6,19.4,5,2025
J.J. McCarthy,willimantic crack addicts,QB,MIN,Bench,0,0,5,2025
Josh Jacobs,willimantic crack addicts,RB,GB,Bench,0,0,5,2025
Michael Wilson,willimantic crack addicts,WR,ARI,Bench,7.1,3.6,5,2025
Rashod Bateman,willimantic crack addicts,WR,BAL,Bench,7.5,0,5,2025
Tucker Kraft,willimantic crack addicts,TE,GB,Bench,0,0,5,2025
Ravens,willimantic crack addicts,D/ST,BAL,D/ST,4,-4,5,2025
Deebo Samuel,willimantic crack addicts,WR,WSH,FLEX,14.5,23.6,5,2025
Jake Bates,willimantic crack addicts,K,DET,K,9.5,5,5,2025
Patrick Mahomes,willimantic crack addicts,QB,KC,QB,17.7,26.72,5,2025
David Montgomery,willimantic crack addicts,RB,DET,RB,12.9,18.22,5,2025
Nick Chubb,willimantic crack addicts,RB,HOU,RB,10.1,12.1,5,2025
Brenton Strange,willimantic crack addicts,TE,JAX,TE,9,3.2,5,2025
Davante Adams,willimantic crack addicts,WR,LAR,WR,15.7,13.8,5,2025
Quentin Johnston,willimantic crack addicts,WR,LAC,WR,17.5,6.9,5,2025
Baker Mayfield,Beef One My Balls,QB,TB,Bench,19.3,19.64,6,2025
Courtland Sutton,Beef One My Balls,WR,DEN,Bench,13.3,2.7,6,2025
Dak Prescott,Beef One My Balls,QB,DAL,Bench,18.8,22.34,6,2025
Jayden Higgins,Beef One My Balls,WR,HOU,Bench,0,0,6,2025
Jordan Mason,Beef One My Balls,RB,MIN,Bench,0,0,6,2025
Josh Downs,Beef One My Balls,WR,IND,Bench,7.8,16.2,6,2025
T.J. Hockenson,Beef One My Balls,TE,MIN,Bench,0,0,6,2025
Colts,Beef One My Balls,D/ST,IND,D/ST,7,1,6,2025
Ashton Jeanty,Beef One My Balls,RB,LV,FLEX,18.2,16.6,6,2025
Harrison Butker,Beef One My Balls,K,KC,K,8.4,6.3,6,2025
Matthew Stafford,Beef One My Balls,QB,LAR,QB,19.9,9.34,6,2025
Jaylen Warren,Beef One My Balls,RB,PIT,RB,16,8.3,6,2025
Kyren Williams,Beef One My Balls,RB,LAR,RB,19.7,16.7,6,2025
Jake Ferguson,Beef One My Balls,TE,DAL,TE,14.9,12.3,6,2025
Puka Nacua,Beef One My Balls,WR,LAR,WR,22.8,4.8,6,2025
Rome Odunze,Beef One My Balls,WR,CHI,WR,16.1,5.2,6,2025
Brock Bowers,Bower Rangers,TE,LV,Bench,0,0,6,2025
Bucky Irving,Bower Rangers,RB,TB,Bench,0,0,6,2025
DJ Moore,Bower Rangers,WR,CHI,Bench,11.7,8.2,6,2025
Darius Slayton,Bower Rangers,WR,NYG,Bench,0,0,6,2025
Jared Goff,Bower Rangers,QB,DET,Bench,15.8,16.82,6,2025
Mason Taylor,Bower Rangers,TE,NYJ,Bench,9.5,1.2,6,2025
Tyrone Tracy Jr.,Bower Rangers,RB,NYG,Bench,6.4,0.6,6,2025
Broncos,Bower Rangers,D/ST,DEN,D/ST,7,17,6,2025
Calvin Ridley,Bower Rangers,WR,TEN,FLEX,11.8,2.8,6,2025
Brandon Aubrey,Bower Rangers,K,DAL,K,9.3,8.1,6,2025
Justin Fields,Bower Rangers,QB,NYJ,QB,17.6,4.9,6,2025
Jacory Croskey-Merritt,Bower Rangers,RB,WSH,RB,13.7,5.8,6,2025
Travis Etienne Jr.,Bower Rangers,RB,JAX,RB,14.8,9.5,6,2025
Darren Waller,Bower Rangers,TE,MIA,TE,9.8,9.2,6,2025
Jaylen Waddle,Bower Rangers,WR,MIA,WR,15.9,15.82,6,2025
Marvin Harrison Jr.,Bower Rangers,WR,ARI,WR,12,5.2,6,2025
Brian Robinson Jr.,Cook my Balls,RB,SF,Bench,4.7,3.8,6,2025
David Njoku,Cook my Balls,TE,CLE,Bench,9.9,5.8,6,2025
DeMario Douglas,Cook my Balls,WR,NE,Bench,4.3,16.1,6,2025
Justin Jefferson,Cook my Balls,WR,MIN,Bench,0,0,6,2025
Romeo Doubs,Cook my Balls,WR,GB,Bench,10.9,10.5,6,2025
Tre Tucker,Cook my Balls,WR,LV,Bench,10.5,12,6,2025
Eagles,Cook my Balls,D/ST,PHI,D/ST,6.9,0,6,2025
Tetairoa McMillan,Cook my Balls,WR,CAR,FLEX,14.6,17.9,6,2025
Brandon Aiyuk,Cook my Balls,WR,SF,IR,0,0,6,2025
Matt Gay,Cook my Balls,K,WSH,K,8.6,7.3,6,2025
Justin Herbert,Cook my Balls,QB,LAC,QB,20.1,18.76,6,2025
James Cook III,Cook my Balls,RB,BUF,RB,16.6,8.7,6,2025
Quinshon Judkins,Cook my Balls,RB,CLE,RB,13.8,3.6,6,2025
Dalton Kincaid,Cook my Balls,TE,BUF,TE,0,0,6,2025
DK Metcalf,Cook my Balls,WR,PIT,WR,13.2,19.5,6,2025
Jakobi Meyers,Cook my Balls,WR,LV,WR,13.2,7.9,6,2025
Brock Purdy,High Speed Chase,QB,SF,Bench,0,0,6,2025
Isiah Pacheco,High Speed Chase,RB,KC,Bench,8.9,6.1,6,2025
Ka'imi Fairbairn,High Speed Chase,K,HOU,Bench,0,0,6,2025
Nico Collins,High Speed Chase,WR,HOU,Bench,0,0,6,2025
Ricky Pearsall,High Speed Chase,WR,SF,Bench,0,0,6,2025
Vikings,High Speed Chase,D/ST,MIN,Bench,0,0,6,2025
Zach Ertz,High Speed Chase,TE,WSH,Bench,8.6,16.3,6,2025
Jaguars,High Speed Chase,D/ST,JAX,D/ST,4.9,1,6,2025
Ja'Marr Chase,High Speed Chase,WR,CIN,FLEX,15.6,25.1,6,2025
Omarion Hampton,High Speed Chase,RB,LAC,IR,0,0,6,2025
Tyler Loop,High Speed Chase,K,BAL,K,7.8,3.7,6,2025
Jordan Love,High Speed Chase,QB,GB,QB,19.3,14.96,6,2025
Chase Brown,High Speed Chase,RB,CIN,RB,13.6,8.9,6,2025
Zach Charbonnet,High Speed Chase,RB,SEA,RB,10.7,4.7,6,2025
Mark Andrews,High Speed Chase,TE,BAL,TE,9.4,6.6,6,2025
George Pickens,High Speed Chase,WR,DAL,WR,16.3,31.8,6,2025
Keenan Allen,High Speed Chase,WR,LAC,WR,16.3,6.7,6,2025
Chris Godwin Jr.,Kupp my balls,WR,TB,Bench,0,0,6,2025
Hassan Haskins,Kupp my balls,RB,LAC,Bench,10.9,3.3,6,2025
Kenneth Gainwell,Kupp my balls,RB,PIT,Bench,11.9,9.6,6,2025
Kyler Murray,Kupp my balls,QB,ARI,Bench,0,0,6,2025
Rashee Rice,Kupp my balls,WR,KC,Bench,0,0,6,2025
Travis Hunter,Kupp my balls,WR,JAX,Bench,9.4,5.5,6,2025
Troy Franklin,Kupp my balls,WR,DEN,Bench,10,3.1,6,2025
Steelers,Kupp my balls,D/ST,PIT,D/ST,7.7,11,6,2025
Rico Dowdle,Kupp my balls,RB,CAR,FLEX,17.8,33.9,6,2025
Mike Evans,Kupp my balls,WR,TB,IR,0,0,6,2025
Chris Boswell,Kupp my balls,K,PIT,K,8.6,15.2,6,2025
Trevor Lawrence,Kupp my balls,QB,JAX,QB,17.9,19.22,6,2025
Bijan Robinson,Kupp my balls,RB,ATL,RB,20.7,35.8,6,2025
Javonte Williams,Kupp my balls,RB,DAL,RB,16.5,8.4,6,2025
Kyle Pitts Sr.,Kupp my balls,TE,ATL,TE,9.1,4.8,6,2025
Cooper Kupp,Kupp my balls,WR,SEA,WR,12.2,12,6,2025
Sterling Shepard,Kupp my balls,WR,TB,WR,10.7,7.1,6,2025
C.J. Stroud,Nix my Balls,QB,HOU,Bench,0,0,6,2025
Darnell Mooney,Nix my Balls,WR,ATL,Bench,0,0,6,2025
Joe Mixon,Nix my Balls,RB,HOU,Bench,0,0,6,2025
Kendrick Bourne,Nix my Balls,WR,SF,Bench,10.7,19.2,6,2025
Lions,Nix my Balls,D/ST,DET,Bench,4.9,1,6,2025
Rhamondre Stevenson,Nix my Balls,RB,NE,Bench,13.1,1.8,6,2025
Terry McLaurin,Nix my Balls,WR,WSH,Bench,0,0,6,2025
Rams,Nix my Balls,D/ST,LAR,D/ST,6.2,16,6,2025
Zay Flowers,Nix my Balls,WR,BAL,FLEX,13.9,8.6,6,2025
Cam Little,Nix my Balls,K,JAX,K,8.6,-1,6,2025
Bo Nix,Nix my Balls,QB,DEN,QB,19.5,13.36,6,2025
Jahmyr Gibbs,Nix my Balls,RB,DET,RB,18.7,7.5,6,2025
Jonathan Taylor,Nix my Balls,RB,IND,RB,23.5,23.7,6,2025
Tyler Warren,Nix my Balls,TE,IND,TE,10.6,18.3,6,2025
Garrett Wilson,Nix my Balls,WR,NYJ,WR,14.9,4.3,6,2025
Khalil Shakir,Nix my Balls,WR,BUF,WR,10,6.3,6,2025
Bills,Njigbas in Paris,D/ST,BUF,Bench,4.9,1,6,2025
Christian Kirk,Njigbas in Paris,WR,HOU,Bench,0,0,6,2025
Jerome Ford,Njigbas in Paris,RB,CLE,Bench,5.5,8,6,2025
Lamar Jackson,Njigbas in Paris,QB,BAL,Bench,0,0,6,2025
Marvin Mims Jr.,Njigbas in Paris,WR,DEN,Bench,9.2,4.8,6,2025
Sam LaPorta,Njigbas in Paris,TE,DET,Bench,11.7,16.5,6,2025
Patriots,Njigbas in Paris,D/ST,NE,D/ST,5.9,6,6,2025
Stefon Diggs,Njigbas in Paris,WR,NE,FLEX,13.7,5.8,6,2025
Cameron Dicker,Njigbas in Paris,K,LAC,K,9,18.3,6,2025
Caleb Williams,Njigbas in Paris,QB,CHI,QB,19.7,19.88,6,2025
Cam Skattebo,Njigbas in Paris,RB,NYG,RB,13.9,31,6,2025
Christian McCaffrey,Njigbas in Paris,RB,SF,RB,24.1,24.1,6,2025
Hunter Henry,Njigbas in Paris,TE,NE,TE,10.3,5.7,6,2025
Jaxon Smith-Njigba,Njigbas in Paris,WR,SEA,WR,17.9,30.2,6,2025
Michael Pittman Jr.,Njigbas in Paris,WR,IND,WR,12.8,4,6,2025
Adam Thielen,S(hamas),WR,MIN,Bench,0,0,6,2025
Dylan Sampson,S(hamas),RB,CLE,Bench,2.9,4.4,6,2025
Jameson Williams,S(hamas),WR,DET,Bench,10.7,18.6,6,2025
Juwan Johnson,S(hamas),TE,NO,Bench,7.9,1.5,6,2025
Kayshon Boutte,S(hamas),WR,NE,Bench,7,26.3,6,2025
Rashid Shaheed,S(hamas),WR,NO,Bench,10,6.8,6,2025
Tyjae Spears,S(hamas),RB,TEN,Bench,5.6,9,6,2025
Titans,S(hamas),D/ST,TEN,D/ST,5.5,6,6,2025
Alvin Kamara,S(hamas),RB,NO,FLEX,13.7,12.6,6,2025
George Kittle,S(hamas),TE,SF,IR,0,0,6,2025
Jake Elliott,S(hamas),K,PHI,K,8.7,6.2,6,2025
Josh Allen,S(hamas),QB,BUF,QB,20.3,15.4,6,2025
Kenneth Walker III,S(hamas),RB,SEA,RB,13.9,4.7,6,2025
TreVeyon Henderson,S(hamas),RB,NE,RB,11.4,4.6,6,2025
Theo Johnson,S(hamas),TE,NYG,TE,9.2,4.7,6,2025
A.J. Brown,S(hamas),WR,PHI,WR,14.1,14,6,2025
Jauan Jennings,S(hamas),WR,SF,WR,11.1,1.7,6,2025
Bhayshul Tuten,Saquon Bustley,RB,JAX,Bench,4.5,4.8,6,2025
Chuba Hubbard,Saquon Bustley,RB,CAR,Bench,0,0,6,2025
Drake Maye,Saquon Bustley,QB,NE,Bench,17.9,27.24,6,2025
Elic Ayomanor,Saquon Bustley,WR,TEN,Bench,8.9,5.7,6,2025
Jordan Addison,Saquon Bustley,WR,MIN,Bench,0,0,6,2025
Kendre Miller,Saquon Bustley,RB,NO,Bench,5.6,4.2,6,2025
Ladd McConkey,Saquon Bustley,WR,LAC,Bench,15.8,23,6,2025
Raiders,Saquon Bustley,D/ST,LV,D/ST,6.2,17,6,2025
D'Andre Swift,Saquon Bustley,RB,CHI,FLEX,14.5,25.5,6,2025
Jayden Reed,Saquon Bustley,WR,GB,IR,0,0,6,2025
Jason Myers,Saquon Bustley,K,SEA,K,8.5,9.7,6,2025
Jayden Daniels,Saquon Bustley,QB,WSH,QB,22.6,21.64,6,2025
J.K. Dobbins,Saquon Bustley,RB,DEN,RB,16,4,6,2025
Saquon Barkley,Saquon Bustley,RB,PHI,RB,17.6,8.7,6,2025
Trey McBride,Saquon Bustley,TE,ARI,TE,14.2,21.2,6,2025
Chris Olave,Saquon Bustley,WR,NO,WR,14.6,15.8,6,2025
Xavier Worthy,Saquon Bustley,WR,KC,WR,15.4,10.6,6,2025
Jerry Jeudy,Team Chieffo,WR,CLE,Bench,9.7,9.3,6,2025
Joe Burrow,Team Chieffo,QB,CIN,Bench,0,0,6,2025
Jonnu Smith,Team Chieffo,TE,PIT,Bench,7.2,5.8,6,2025
Tee Higgins,Team Chieffo,WR,CIN,Bench,11.5,11.2,6,2025
Texans,Team Chieffo,D/ST,HOU,Bench,0,0,6,2025
Tony Pollard,Team Chieffo,RB,TEN,Bench,12.7,6.7,6,2025
Wan'Dale Robinson,Team Chieffo,WR,NYG,Bench,11.6,20.4,6,2025
Packers,Team Chieffo,D/ST,GB,D/ST,7.8,3,6,2025
Rachaad White,Team Chieffo,RB,TB,FLEX,17.1,17.6,6,2025
Chase McLaughlin,Team Chieffo,K,TB,K,9.1,6.5,6,2025
Daniel Jones,Team Chieffo,QB,IND,QB,17.2,22.48,6,2025
Breece Hall,Team Chieffo,RB,NYJ,RB,15.5,5.9,6,2025
Derrick Henry,Team Chieffo,RB,BAL,RB,14,14,6,2025
Dallas Goedert,Team Chieffo,TE,PHI,TE,9.6,26,6,2025
Amon-Ra St. Brown,Team Chieffo,WR,DET,WR,18.9,13.7,6,2025
Emeka Egbuka,Team Chieffo,WR,TB,WR,16.7,4.4,6,2025
Aaron Jones Sr.,lets get this money,RB,MIN,Bench,0,0,6,2025
Harold Fannin Jr.,lets get this money,TE,CLE,Bench,9.5,15.1,6,2025
Jaydon Blue,lets get this money,RB,DAL,Bench,5.9,0,6,2025
Keon Coleman,lets get this money,WR,BUF,Bench,9.8,4.1,6,2025
Ollie Gordon II,lets get this money,RB,MIA,Bench,4.4,1.2,6,2025
RJ Harvey,lets get this money,RB,DEN,Bench,8.1,6.5,6,2025
Woody Marks,lets get this money,RB,HOU,Bench,0,0,6,2025
Chargers,lets get this money,D/ST,LAC,D/ST,4.7,8,6,2025
Matthew Golden,lets get this money,WR,GB,FLEX,11.1,13.2,6,2025
Trey Benson,lets get this money,RB,ARI,IR,0,0,6,2025
Joshua Karty,lets get this money,K,LAR,K,9,4.6,6,2025
Jalen Hurts,lets get this money,QB,PHI,QB,20.5,20.62,6,2025
De'Von Achane,lets get this money,RB,MIA,RB,20.4,31,6,2025
Michael Carter,lets get this money,RB,ARI,RB,8.8,8.4,6,2025
Travis Kelce,lets get this money,TE,KC,TE,11.2,13.8,6,2025
Brian Thomas Jr.,lets get this money,WR,JAX,WR,13.7,23,6,2025
Drake London,lets get this money,WR,ATL,WR,15.6,31.8,6,2025
Brenton Strange,willimantic crack addicts,TE,JAX,Bench,0,0,6,2025
CeeDee Lamb,willimantic crack addicts,WR,DAL,Bench,0,0,6,2025
DeVonta Smith,willimantic crack addicts,WR,PHI,Bench,12.2,8.9,6,2025
Deebo Samuel,willimantic crack addicts,WR,WSH,Bench,16.9,5.4,6,2025
J.J. McCarthy,willimantic crack addicts,QB,MIN,Bench,0,0,6,2025
Michael Wilson,willimantic crack addicts,WR,ARI,Bench,6.8,8.4,6,2025
Nick Chubb,willimantic crack addicts,RB,HOU,Bench,0,0,6,2025
Ravens,willimantic crack addicts,D/ST,BAL,D/ST,2.5,7,6,2025
Rashod Bateman,willimantic crack addicts,WR,BAL,FLEX,7.8,1.8,6,2025
Jake Bates,willimantic crack addicts,K,DET,K,9,4.8,6,2025
Patrick Mahomes,willimantic crack addicts,QB,KC,QB,20.1,31.48,6,2025
David Montgomery,willimantic crack addicts,RB,DET,RB,12.8,8.1,6,2025
Josh Jacobs,willimantic crack addicts,RB,GB,RB,20.9,32,6,2025
Tucker Kraft,willimantic crack addicts,TE,GB,TE,10.5,12.3,6,2025
Davante Adams,willimantic crack addicts,WR,LAR,WR,17.3,7.9,6,2025
Quentin Johnston,willimantic crack addicts,WR,LAC,WR,0,0,6,2025
Jayden Higgins,Beef One My Balls,WR,HOU,Bench,7.1,0,7,2025
Jordan Mason,Beef One My Balls,RB,MIN,Bench,14.1,11.7,7,2025
Josh Downs,Beef One My Balls,WR,IND,Bench,0,0,7,2025
Matthew Stafford,Beef One My Balls,QB,LAR,Bench,17.1,27.38,7,2025
Puka Nacua,Beef One My Balls,WR,LAR,Bench,0,0,7,2025
T.J. Hockenson,Beef One My Balls,TE,MIN,Bench,9.5,10.3,7,2025
Colts,Beef One My Balls,D/ST,IND,D/ST,5.6,4,7,2025
Javonte Williams,Beef One My Balls,RB,DAL,FLEX,17.6,18.8,7,2025
Harrison Butker,Beef One My Balls,K,KC,K,9,7.8,7,2025
Dak Prescott,Beef One My Balls,QB,DAL,QB,21.8,23.26,7,2025
Jaylen Warren,Beef One My Balls,RB,PIT,RB,16.6,19.8,7,2025
Kyren Williams,Beef One My Balls,RB,LAR,RB,16.5,8.5,7,2025
Jake Ferguson,Beef One My Balls,TE,DAL,TE,13.8,21.9,7,2025
Courtland Sutton,Beef One My Balls,WR,DEN,WR,12.8,16.7,7,2025
Rome Odunze,Beef One My Balls,WR,CHI,WR,14.2,5.1,7,2025
Brock Bowers,Bower Rangers,TE,LV,Bench,0,0,7,2025
Bucky Irving,Bower Rangers,RB,TB,Bench,0,0,7,2025
Calvin Ridley,Bower Rangers,WR,TEN,Bench,0,0,7,2025
Darius Slayton,Bower Rangers,WR,NYG,Bench,0,0,7,2025
Jared Goff,Bower Rangers,QB,DET,Bench,16.8,10.34,7,2025
Mason Taylor,Bower Rangers,TE,NYJ,Bench,9.4,6.1,7,2025
Tyrone Tracy Jr.,Bower Rangers,RB,NYG,Bench,4.3,10.6,7,2025
Broncos,Bower Rangers,D/ST,DEN,D/ST,7.3,4,7,2025
Marvin Harrison Jr.,Bower Rangers,WR,ARI,FLEX,12.5,7.8,7,2025
Brandon Aubrey,Bower Rangers,K,DAL,K,9.5,18.7,7,2025
Justin Fields,Bower Rangers,QB,NYJ,QB,18.3,4.04,7,2025
Jacory Croskey-Merritt,Bower Rangers,RB,WSH,RB,16.1,4.2,7,2025
Travis Etienne Jr.,Bower Rangers,RB,JAX,RB,13.4,6.5,7,2025
Darren Waller,Bower Rangers,TE,MIA,TE,8.6,0,7,2025
DJ Moore,Bower Rangers,WR,CHI,WR,10.5,8.2,7,2025
Jaylen Waddle,Bower Rangers,WR,MIA,WR,14.4,2.5,7,2025
Dalton Kincaid,Cook my Balls,TE,BUF,Bench,0,0,7,2025
David Njoku,Cook my Balls,TE,CLE,Bench,0,0,7,2025
DeMario Douglas,Cook my Balls,WR,NE,Bench,5.6,4.7,7,2025
Jakobi Meyers,Cook my Balls,WR,LV,Bench,0,0,7,2025
James Cook III,Cook my Balls,RB,BUF,Bench,0,0,7,2025
Romeo Doubs,Cook my Balls,WR,GB,Bench,12.4,13.2,7,2025
Tre Tucker,Cook my Balls,WR,LV,Bench,12.2,8.3,7,2025
Bears,Cook my Balls,D/ST,CHI,D/ST,5,15,7,2025
Tetairoa McMillan,Cook my Balls,WR,CAR,FLEX,12.5,6.3,7,2025
Brandon Aiyuk,Cook my Balls,WR,SF,IR,0,0,7,2025
Matt Gay,Cook my Balls,K,WSH,K,8.9,2,7,2025
Justin Herbert,Cook my Balls,QB,LAC,QB,17.8,27.9,7,2025
Quinshon Judkins,Cook my Balls,RB,CLE,RB,16.3,26.4,7,2025
Rico Dowdle,Cook my Balls,RB,CAR,RB,14.6,10.6,7,2025
Michael Mayer,Cook my Balls,TE,LV,TE,10.4,2,7,2025
Justin Jefferson,Cook my Balls,WR,MIN,WR,18.2,12.9,7,2025
Mike Evans,Cook my Balls,WR,TB,WR,14,0,7,2025
Brock Purdy,High Speed Chase,QB,SF,Bench,0,0,7,2025
Jaguars,High Speed Chase,D/ST,JAX,Bench,4.1,-1,7,2025
Keenan Allen,High Speed Chase,WR,LAC,Bench,13.5,28.9,7,2025
Mark Andrews,High Speed Chase,TE,BAL,Bench,0,0,7,2025
Ricky Pearsall,High Speed Chase,WR,SF,Bench,0,0,7,2025
Tyler Allgeier,High Speed Chase,RB,ATL,Bench,7.1,1.6,7,2025
Zach Charbonnet,High Speed Chase,RB,SEA,Bench,9.7,19.5,7,2025
Vikings,High Speed Chase,D/ST,MIN,D/ST,6,2,7,2025
Ja'Marr Chase,High Speed Chase,WR,CIN,FLEX,16.1,38.1,7,2025
Omarion Hampton,High Speed Chase,RB,LAC,IR,0,0,7,2025
Ka'imi Fairbairn,High Speed Chase,K,HOU,K,8.3,9.2,7,2025
Jordan Love,High Speed Chase,QB,GB,QB,17.4,13.36,7,2025
Chase Brown,High Speed Chase,RB,CIN,RB,11.4,12,7,2025
Isiah Pacheco,High Speed Chase,RB,KC,RB,11.5,12.4,7,2025
Zach Ertz,High Speed Chase,TE,WSH,TE,11.2,12.7,7,2025
George Pickens,High Speed Chase,WR,DAL,WR,15.8,12.2,7,2025
Nico Collins,High Speed Chase,WR,HOU,WR,17.7,6.7,7,2025
Chris Godwin Jr.,Kupp my balls,WR,TB,Bench,0,0,7,2025
DeVonta Smith,Kupp my balls,WR,PHI,Bench,12.5,33.3,7,2025
Jaxson Dart,Kupp my balls,QB,NYG,Bench,13.8,28.42,7,2025
Kareem Hunt,Kupp my balls,RB,KC,Bench,7.1,1.8,7,2025
Kyle Pitts Sr.,Kupp my balls,TE,ATL,Bench,8.7,13.2,7,2025
Kyler Murray,Kupp my balls,QB,ARI,Bench,0,0,7,2025
Sterling Shepard,Kupp my balls,WR,TB,Bench,7.9,7.5,7,2025
Steelers,Kupp my balls,D/ST,PIT,D/ST,7.9,-4,7,2025
Rashee Rice,Kupp my balls,WR,KC,FLEX,13.7,23.2,7,2025
Chris Boswell,Kupp my balls,K,PIT,K,9.4,8.1,7,2025
Baker Mayfield,Kupp my balls,QB,TB,QB,19.3,11.12,7,2025
Ashton Jeanty,Kupp my balls,RB,LV,RB,16.4,4.4,7,2025
Josh Jacobs,Kupp my balls,RB,GB,RB,19.2,18.8,7,2025
Cade Otton,Kupp my balls,TE,TB,TE,8.7,13.5,7,2025
DK Metcalf,Kupp my balls,WR,PIT,WR,15.8,8,7,2025
Davante Adams,Kupp my balls,WR,LAR,WR,19.3,26.5,7,2025
Bo Nix,Nix my Balls,QB,DEN,Bench,16.7,39.96,7,2025
Garrett Wilson,Nix my Balls,WR,NYJ,Bench,0,0,7,2025
Joe Mixon,Nix my Balls,RB,HOU,Bench,0,0,7,2025
Khalil Shakir,Nix my Balls,WR,BUF,Bench,0,0,7,2025
Lions,Nix my Balls,D/ST,DET,Bench,3.9,13,7,2025
Terry McLaurin,Nix my Balls,WR,WSH,Bench,0,0,7,2025
Zay Flowers,Nix my Balls,WR,BAL,Bench,0,0,7,2025
Rams,Nix my Balls,D/ST,LAR,D/ST,6.7,9,7,2025
Rhamondre Stevenson,Nix my Balls,RB,NE,FLEX,13.3,16.8,7,2025
Cam Little,Nix my Balls,K,JAX,K,7.9,0,7,2025
C.J. Stroud,Nix my Balls,QB,HOU,QB,17.7,13.66,7,2025
Jahmyr Gibbs,Nix my Balls,RB,DET,RB,18.2,36.8,7,2025
Jonathan Taylor,Nix my Balls,RB,IND,RB,24.4,34.2,7,2025
Tyler Warren,Nix my Balls,TE,IND,TE,12.4,16.9,7,2025
Darnell Mooney,Nix my Balls,WR,ATL,WR,10.2,9.8,7,2025
Kendrick Bourne,Nix my Balls,WR,SF,WR,10.2,3.4,7,2025
Bills,Njigbas in Paris,D/ST,BUF,Bench,0,0,7,2025
Christian Kirk,Njigbas in Paris,WR,HOU,Bench,0,0,7,2025
Hunter Henry,Njigbas in Paris,TE,NE,Bench,9.3,7.3,7,2025
Jerome Ford,Njigbas in Paris,RB,CLE,Bench,6.2,3,7,2025
Kimani Vidal,Njigbas in Paris,RB,LAC,Bench,12.2,7.5,7,2025
Lamar Jackson,Njigbas in Paris,QB,BAL,Bench,0,0,7,2025
Marvin Mims Jr.,Njigbas in Paris,WR,DEN,Bench,7.2,15.8,7,2025
Patriots,Njigbas in Paris,D/ST,NE,D/ST,6.7,20,7,2025
Stefon Diggs,Njigbas in Paris,WR,NE,FLEX,13.6,13.9,7,2025
Cameron Dicker,Njigbas in Paris,K,LAC,K,8.5,7.3,7,2025
Caleb Williams,Njigbas in Paris,QB,CHI,QB,19.1,4.68,7,2025
Cam Skattebo,Njigbas in Paris,RB,NYG,RB,14,18.4,7,2025
Christian McCaffrey,Njigbas in Paris,RB,SF,RB,22.6,39.1,7,2025
Sam LaPorta,Njigbas in Paris,TE,DET,TE,13,4.5,7,2025
Jaxon Smith-Njigba,Njigbas in Paris,WR,SEA,WR,20,26.3,7,2025
Michael Pittman Jr.,Njigbas in Paris,WR,IND,WR,12.7,20.8,7,2025
Dylan Sampson,S(hamas),RB,CLE,Bench,3.9,2.7,7,2025
Jauan Jennings,S(hamas),WR,SF,Bench,8.9,7.1,7,2025
Josh Allen,S(hamas),QB,BUF,Bench,0,0,7,2025
Juwan Johnson,S(hamas),TE,NO,Bench,7.5,12.9,7,2025
Kayshon Boutte,S(hamas),WR,NE,Bench,8.6,13.5,7,2025
Rashid Shaheed,S(hamas),WR,NO,Bench,11.3,8,7,2025
Tyjae Spears,S(hamas),RB,TEN,Bench,7.8,7,7,2025
Panthers,S(hamas),D/ST,CAR,D/ST,6.6,16,7,2025
Alvin Kamara,S(hamas),RB,NO,FLEX,15.4,5.9,7,2025
Jake Elliott,S(hamas),K,PHI,K,8.3,3,7,2025
Aaron Rodgers,S(hamas),QB,PIT,QB,17.4,22.56,7,2025
Kenneth Walker III,S(hamas),RB,SEA,RB,11,6.6,7,2025
TreVeyon Henderson,S(hamas),RB,NE,RB,11.5,0.5,7,2025
George Kittle,S(hamas),TE,SF,TE,13,0,7,2025
A.J. Brown,S(hamas),WR,PHI,WR,14.9,28.1,7,2025
Jameson Williams,S(hamas),WR,DET,WR,13.2,0,7,2025
Bhayshul Tuten,Saquon Bustley,RB,JAX,Bench,4,2.2,7,2025
Drake Maye,Saquon Bustley,QB,NE,Bench,19.9,23.08,7,2025
Elic Ayomanor,Saquon Bustley,WR,TEN,Bench,10.3,4.9,7,2025
J.K. Dobbins,Saquon Bustley,RB,DEN,Bench,12.8,9,7,2025
Jordan Addison,Saquon Bustley,WR,MIN,Bench,11.9,21.8,7,2025
Kendre Miller,Saquon Bustley,RB,NO,Bench,6.6,0.7,7,2025
Woody Marks,Saquon Bustley,RB,HOU,Bench,9.1,12.5,7,2025
Chiefs,Saquon Bustley,D/ST,KC,D/ST,7.4,13,7,2025
Ladd McConkey,Saquon Bustley,WR,LAC,FLEX,14,15.7,7,2025
Jayden Reed,Saquon Bustley,WR,GB,IR,0,0,7,2025
Jason Myers,Saquon Bustley,K,SEA,K,8.4,9.3,7,2025
Jayden Daniels,Saquon Bustley,QB,WSH,QB,23.6,17.74,7,2025
D'Andre Swift,Saquon Bustley,RB,CHI,RB,15.7,20.8,7,2025
Saquon Barkley,Saquon Bustley,RB,PHI,RB,16.1,5.2,7,2025
Trey McBride,Saquon Bustley,TE,ARI,TE,16.3,29.4,7,2025
Brian Thomas Jr.,Saquon Bustley,WR,JAX,WR,13.9,6.1,7,2025
Chris Olave,Saquon Bustley,WR,NO,WR,15.6,26.8,7,2025
Derrick Henry,Team Chieffo,RB,BAL,Bench,0,0,7,2025
Emeka Egbuka,Team Chieffo,WR,TB,Bench,12.8,9.8,7,2025
Jerry Jeudy,Team Chieffo,WR,CLE,Bench,11.7,3.7,7,2025
Joe Burrow,Team Chieffo,QB,CIN,Bench,0,0,7,2025
Jonnu Smith,Team Chieffo,TE,PIT,Bench,7.4,11.8,7,2025
Tee Higgins,Team Chieffo,WR,CIN,Bench,11,21.6,7,2025
Texans,Team Chieffo,D/ST,HOU,Bench,5.2,18,7,2025
Packers,Team Chieffo,D/ST,GB,D/ST,5.9,8,7,2025
Rachaad White,Team Chieffo,RB,TB,FLEX,18,8.4,7,2025
Chase McLaughlin,Team Chieffo,K,TB,K,8.9,5.3,7,2025
Daniel Jones,Team Chieffo,QB,IND,QB,18.4,22.22,7,2025
Breece Hall,Team Chieffo,RB,NYJ,RB,16.2,7.2,7,2025
Tony Pollard,Team Chieffo,RB,TEN,RB,10,12.1,7,2025
Dallas Goedert,Team Chieffo,TE,PHI,TE,11.7,4.8,7,2025
Amon-Ra St. Brown,Team Chieffo,WR,DET,WR,20.2,20.6,7,2025
Wan'Dale Robinson,Team Chieffo,WR,NYG,WR,11.3,15.5,7,2025
Aaron Jones Sr.,lets get this money,RB,MIN,Bench,0,0,7,2025
Bam Knight,lets get this money,RB,ARI,Bench,9.9,9.4,7,2025
Keon Coleman,lets get this money,WR,BUF,Bench,0,0,7,2025
Michael Carter,lets get this money,RB,ARI,Bench,11.1,5.6,7,2025
Ollie Gordon II,lets get this money,RB,MIA,Bench,3.8,2.3,7,2025
RJ Harvey,lets get this money,RB,DEN,Bench,8,7.2,7,2025
Travis Kelce,lets get this money,TE,KC,Bench,10.8,8.4,7,2025
Seahawks,lets get this money,D/ST,SEA,D/ST,5.8,10,7,2025
Matthew Golden,lets get this money,WR,GB,FLEX,11.7,7.7,7,2025
Trey Benson,lets get this money,RB,ARI,IR,0,0,7,2025
Andy Borregales,lets get this money,K,NE,K,8.7,7.6,7,2025
Jalen Hurts,lets get this money,QB,PHI,QB,19.9,24.04,7,2025
Chuba Hubbard,lets get this money,RB,CAR,RB,8.5,7.5,7,2025
De'Von Achane,lets get this money,RB,MIA,RB,21.5,12.8,7,2025
Harold Fannin Jr.,lets get this money,TE,CLE,TE,11.7,7.6,7,2025
Drake London,lets get this money,WR,ATL,WR,16.8,8.2,7,2025
Xavier Worthy,lets get this money,WR,KC,WR,13.4,7.8,7,2025
Brenton Strange,willimantic crack addicts,TE,JAX,Bench,0,0,7,2025
Cooper Kupp,willimantic crack addicts,WR,SEA,Bench,10.7,2.2,7,2025
David Montgomery,willimantic crack addicts,RB,DET,Bench,11.8,5.9,7,2025
J.J. McCarthy,willimantic crack addicts,QB,MIN,Bench,0,0,7,2025
Michael Wilson,willimantic crack addicts,WR,ARI,Bench,6.6,7,7,2025
Nick Chubb,willimantic crack addicts,RB,HOU,Bench,9.4,2.1,7,2025
Rashod Bateman,willimantic crack addicts,WR,BAL,Bench,0,0,7,2025
Ravens,willimantic crack addicts,D/ST,BAL,D/ST,0,0,7,2025
CeeDee Lamb,willimantic crack addicts,WR,DAL,FLEX,19.4,22,7,2025
Jake Bates,willimantic crack addicts,K,DET,K,9.2,7.8,7,2025
Patrick Mahomes,willimantic crack addicts,QB,KC,QB,22,26.24,7,2025
Bijan Robinson,willimantic crack addicts,RB,ATL,RB,22.7,21.2,7,2025
Kenneth Gainwell,willimantic crack addicts,RB,PIT,RB,13.1,3.5,7,2025
Tucker Kraft,willimantic crack addicts,TE,GB,TE,9.4,16.8,7,2025
Deebo Samuel,willimantic crack addicts,WR,WSH,WR,0,0,7,2025
Quentin Johnston,willimantic crack addicts,WR,LAC,WR,14.9,11,7,2025
Jayden Higgins,Beef One My Balls,WR,HOU,Bench,9,13.4,8,2025
Jordan Mason,Beef One My Balls,RB,MIN,Bench,11.9,1.6,8,2025
Kyren Williams,Beef One My Balls,RB,LAR,Bench,0,0,8,2025
Matthew Stafford,Beef One My Balls,QB,LAR,Bench,0,0,8,2025
Puka Nacua,Beef One My Balls,WR,LAR,Bench,0,0,8,2025
T.J. Hockenson,Beef One My Balls,TE,MIN,Bench,10.2,4.6,8,2025
Colts,Beef One My Balls,D/ST,IND,D/ST,6.5,7,8,2025
Josh Downs,Beef One My Balls,WR,IND,FLEX,10.9,12.9,8,2025
Harrison Butker,Beef One My Balls,K,KC,K,9.1,4,8,2025
Dak Prescott,Beef One My Balls,QB,DAL,QB,18.3,6.62,8,2025
Javonte Williams,Beef One My Balls,RB,DAL,RB,16.2,17.9,8,2025
Jaylen Warren,Beef One My Balls,RB,PIT,RB,16.3,9.3,8,2025
Jake Ferguson,Beef One My Balls,TE,DAL,TE,13.1,0,8,2025
Courtland Sutton,Beef One My Balls,WR,DEN,WR,13.7,10.7,8,2025
Rome Odunze,Beef One My Balls,WR,CHI,WR,13.2,18.4,8,2025
Brock Bowers,Bower Rangers,TE,LV,Bench,0,0,8,2025
Bucky Irving,Bower Rangers,RB,TB,Bench,0,0,8,2025
Calvin Ridley,Bower Rangers,WR,TEN,Bench,0,0,8,2025
Jared Goff,Bower Rangers,QB,DET,Bench,0,0,8,2025
Marvin Harrison Jr.,Bower Rangers,WR,ARI,Bench,0,0,8,2025
Mason Taylor,Bower Rangers,TE,NYJ,Bench,8.9,14.4,8,2025
Travis Etienne Jr.,Bower Rangers,RB,JAX,Bench,0,0,8,2025
Broncos,Bower Rangers,D/ST,DEN,D/ST,4.2,6,8,2025
Jaylin Noel,Bower Rangers,WR,HOU,FLEX,9.9,11.3,8,2025
Brandon Aubrey,Bower Rangers,K,DAL,K,9.1,5.4,8,2025
Joe Flacco,Bower Rangers,QB,CIN,QB,15.4,24.32,8,2025
Jacory Croskey-Merritt,Bower Rangers,RB,WSH,RB,11.5,2.5,8,2025
Justice Hill,Bower Rangers,RB,BAL,RB,8,0.2,8,2025
Oronde Gadsden,Bower Rangers,TE,LAC,TE,11.1,18.7,8,2025
DJ Moore,Bower Rangers,WR,CHI,WR,10.3,11.6,8,2025
Jaylen Waddle,Bower Rangers,WR,MIA,WR,13.1,20.9,8,2025
Dalton Kincaid,Cook my Balls,TE,BUF,Bench,9.8,3.3,8,2025
DeMario Douglas,Cook my Balls,WR,NE,Bench,6,5.7,8,2025
Hollywood Brown,Cook my Balls,WR,KC,Bench,6.6,0,8,2025
Jakobi Meyers,Cook my Balls,WR,LV,Bench,0,0,8,2025
Romeo Doubs,Cook my Balls,WR,GB,Bench,12.2,9.4,8,2025
Theo Johnson,Cook my Balls,TE,NYG,Bench,9.5,5,8,2025
Tre Tucker,Cook my Balls,WR,LV,Bench,0,0,8,2025
Buccaneers,Cook my Balls,D/ST,TB,D/ST,5.6,25,8,2025
Rico Dowdle,Cook my Balls,RB,CAR,FLEX,12.7,5.4,8,2025
Brandon Aiyuk,Cook my Balls,WR,SF,IR,0,0,8,2025
Matthew Wright,Cook my Balls,K,WSH,K,0,1,8,2025
Justin Herbert,Cook my Balls,QB,LAC,QB,20.1,25.28,8,2025
James Cook III,Cook my Balls,RB,BUF,RB,15.2,33.6,8,2025
Quinshon Judkins,Cook my Balls,RB,CLE,RB,12.4,4.7,8,2025
David Njoku,Cook my Balls,TE,CLE,TE,10.2,13.7,8,2025
Justin Jefferson,Cook my Balls,WR,MIN,WR,18.2,14.4,8,2025
Tetairoa McMillan,Cook my Balls,WR,CAR,WR,13.4,16.9,8,2025
Brock Purdy,High Speed Chase,QB,SF,Bench,0,0,8,2025
Jaguars,High Speed Chase,D/ST,JAX,Bench,0,0,8,2025
Nico Collins,High Speed Chase,WR,HOU,Bench,0,0,8,2025
Ricky Pearsall,High Speed Chase,WR,SF,Bench,0,0,8,2025
Tyler Allgeier,High Speed Chase,RB,ATL,Bench,8,9.4,8,2025
Zach Charbonnet,High Speed Chase,RB,SEA,Bench,0,0,8,2025
Zach Ertz,High Speed Chase,TE,WSH,Bench,9,5.6,8,2025
Vikings,High Speed Chase,D/ST,MIN,D/ST,4.5,-2,8,2025
George Pickens,High Speed Chase,WR,DAL,FLEX,14.3,14.8,8,2025
Omarion Hampton,High Speed Chase,RB,LAC,IR,0,0,8,2025
Ka'imi Fairbairn,High Speed Chase,K,HOU,K,8.3,15.4,8,2025
Jordan Love,High Speed Chase,QB,GB,QB,17.2,28.3,8,2025
Chase Brown,High Speed Chase,RB,CIN,RB,12.3,25.5,8,2025
Isiah Pacheco,High Speed Chase,RB,KC,RB,11.4,5.8,8,2025
Mark Andrews,High Speed Chase,TE,BAL,TE,8.6,6.4,8,2025
Ja'Marr Chase,High Speed Chase,WR,CIN,WR,19.7,21.1,8,2025
Keenan Allen,High Speed Chase,WR,LAC,WR,16,8.4,8,2025
Ashton Jeanty,Kupp my balls,RB,LV,Bench,0,0,8,2025
Cade Otton,Kupp my balls,TE,TB,Bench,9.9,8,8,2025
Chris Godwin Jr.,Kupp my balls,WR,TB,Bench,0,0,8,2025
Davante Adams,Kupp my balls,WR,LAR,Bench,0,0,8,2025
Kyler Murray,Kupp my balls,QB,ARI,Bench,0,0,8,2025
Travis Hunter,Kupp my balls,WR,JAX,Bench,0,0,8,2025
TreVeyon Henderson,Kupp my balls,RB,NE,Bench,8.3,5.5,8,2025
Eagles,Kupp my balls,D/ST,PHI,D/ST,5.8,7,8,2025
DeVonta Smith,Kupp my balls,WR,PHI,FLEX,16.7,14.4,8,2025
Chris Boswell,Kupp my balls,K,PIT,K,9,22,8,2025
Baker Mayfield,Kupp my balls,QB,TB,QB,18.4,4.08,8,2025
Josh Jacobs,Kupp my balls,RB,GB,RB,19.2,13.5,8,2025
Kyle Monangai,Kupp my balls,RB,CHI,RB,8.5,2.4,8,2025
George Kittle,Kupp my balls,TE,SF,TE,10.8,14.3,8,2025
DK Metcalf,Kupp my balls,WR,PIT,WR,14.7,16.5,8,2025
Rashee Rice,Kupp my balls,WR,KC,WR,17.2,25.5,8,2025
C.J. Stroud,Nix my Balls,QB,HOU,Bench,17.3,21.72,8,2025
Garrett Wilson,Nix my Balls,WR,NYJ,Bench,0,0,8,2025
Jahmyr Gibbs,Nix my Balls,RB,DET,Bench,0,0,8,2025
Joe Mixon,Nix my Balls,RB,HOU,Bench,0,0,8,2025
Kendrick Bourne,Nix my Balls,WR,SF,Bench,8.4,7.4,8,2025
Khalil Shakir,Nix my Balls,WR,BUF,Bench,11.7,20.8,8,2025
Rams,Nix my Balls,D/ST,LAR,Bench,0,0,8,2025
49ers,Nix my Balls,D/ST,SF,D/ST,4.8,-3,8,2025
Zay Flowers,Nix my Balls,WR,BAL,FLEX,12.8,14.1,8,2025
Wil Lutz,Nix my Balls,K,DEN,K,8.8,9.2,8,2025
Bo Nix,Nix my Balls,QB,DEN,QB,21.2,23.78,8,2025
Jonathan Taylor,Nix my Balls,RB,IND,RB,25.6,37.4,8,2025
Rhamondre Stevenson,Nix my Balls,RB,NE,RB,12.4,5.9,8,2025
Tyler Warren,Nix my Balls,TE,IND,TE,13,9.3,8,2025
Darnell Mooney,Nix my Balls,WR,ATL,WR,12.2,2.1,8,2025
Terry McLaurin,Nix my Balls,WR,WSH,WR,11.8,14.4,8,2025
Bills,Njigbas in Paris,D/ST,BUF,Bench,4.8,18,8,2025
Christian Kirk,Njigbas in Paris,WR,HOU,Bench,0,0,8,2025
Jaxon Smith-Njigba,Njigbas in Paris,WR,SEA,Bench,0,0,8,2025
Jerome Ford,Njigbas in Paris,RB,CLE,Bench,5,0.9,8,2025
Kimani Vidal,Njigbas in Paris,RB,LAC,Bench,12.7,19.7,8,2025
Lamar Jackson,Njigbas in Paris,QB,BAL,Bench,0,0,8,2025
Sam LaPorta,Njigbas in Paris,TE,DET,Bench,0,0,8,2025
Patriots,Njigbas in Paris,D/ST,NE,D/ST,5.7,12,8,2025
Stefon Diggs,Njigbas in Paris,WR,NE,FLEX,12.8,10.4,8,2025
Cameron Dicker,Njigbas in Paris,K,LAC,K,8.8,15.2,8,2025
Caleb Williams,Njigbas in Paris,QB,CHI,QB,18.4,11.8,8,2025
Cam Skattebo,Njigbas in Paris,RB,NYG,RB,14.3,10,8,2025
Christian McCaffrey,Njigbas in Paris,RB,SF,RB,21.6,9.8,8,2025
Hunter Henry,Njigbas in Paris,TE,NE,TE,9.4,7.7,8,2025
Marvin Mims Jr.,Njigbas in Paris,WR,DEN,WR,8.7,1.8,8,2025
Michael Pittman Jr.,Njigbas in Paris,WR,IND,WR,13.8,23.5,8,2025
A.J. Brown,S(hamas),WR,PHI,Bench,0,0,8,2025
Dylan Sampson,S(hamas),RB,CLE,Bench,2.4,7.9,8,2025
Jameson Williams,S(hamas),WR,DET,Bench,0,0,8,2025
Jaxson Dart,S(hamas),QB,NYG,Bench,17.8,19.42,8,2025
Kayshon Boutte,S(hamas),WR,NE,Bench,7.6,16.5,8,2025
Kenneth Walker III,S(hamas),RB,SEA,Bench,0,0,8,2025
Sterling Shepard,S(hamas),WR,TB,Bench,8,1.8,8,2025
Falcons,S(hamas),D/ST,ATL,D/ST,6.7,0,8,2025
Juwan Johnson,S(hamas),TE,NO,FLEX,9.6,10.3,8,2025
Jake Elliott,S(hamas),K,PHI,K,8.7,8,8,2025
Josh Allen,S(hamas),QB,BUF,QB,20.3,23.22,8,2025
Alvin Kamara,S(hamas),RB,NO,RB,14.3,6.5,8,2025
Tyjae Spears,S(hamas),RB,TEN,RB,9.5,17.2,8,2025
Kyle Pitts Sr.,S(hamas),TE,ATL,TE,10.8,14.9,8,2025
Jauan Jennings,S(hamas),WR,SF,WR,9,8.5,8,2025
Rashid Shaheed,S(hamas),WR,NO,WR,12.2,14.5,8,2025
Bhayshul Tuten,Saquon Bustley,RB,JAX,Bench,0,0,8,2025
Brian Thomas Jr.,Saquon Bustley,WR,JAX,Bench,0,0,8,2025
J.K. Dobbins,Saquon Bustley,RB,DEN,Bench,13.4,14.1,8,2025
Jayden Daniels,Saquon Bustley,QB,WSH,Bench,0,0,8,2025
Tez Johnson,Saquon Bustley,WR,TB,Bench,8.9,9.3,8,2025
Trey McBride,Saquon Bustley,TE,ARI,Bench,0,0,8,2025
Woody Marks,Saquon Bustley,RB,HOU,Bench,10.8,15.1,8,2025
Chiefs,Saquon Bustley,D/ST,KC,D/ST,6.3,11,8,2025
Ladd McConkey,Saquon Bustley,WR,LAC,FLEX,14.8,20.8,8,2025
Jayden Reed,Saquon Bustley,WR,GB,IR,0,0,8,2025
Michael Badgley,Saquon Bustley,K,IND,K,9.2,9.3,8,2025
Drake Maye,Saquon Bustley,QB,NE,QB,18.2,26.28,8,2025
D'Andre Swift,Saquon Bustley,RB,CHI,RB,15,15.1,8,2025
Saquon Barkley,Saquon Bustley,RB,PHI,RB,16.9,33.4,8,2025
Dalton Schultz,Saquon Bustley,TE,HOU,TE,9.7,4.4,8,2025
Chris Olave,Saquon Bustley,WR,NO,WR,16.9,14,8,2025
Jordan Addison,Saquon Bustley,WR,MIN,WR,12.7,11.6,8,2025
Amon-Ra St. Brown,Team Chieffo,WR,DET,Bench,0,0,8,2025
Jerry Jeudy,Team Chieffo,WR,CLE,Bench,11.1,0,8,2025
Joe Burrow,Team Chieffo,QB,CIN,Bench,0,0,8,2025
Jonnu Smith,Team Chieffo,TE,PIT,Bench,8.1,3.7,8,2025
Texans,Team Chieffo,D/ST,HOU,Bench,6.8,7,8,2025
Tony Pollard,Team Chieffo,RB,TEN,Bench,9.7,6.3,8,2025
Wan'Dale Robinson,Team Chieffo,WR,NYG,Bench,13.2,7.8,8,2025
Packers,Team Chieffo,D/ST,GB,D/ST,5.4,7,8,2025
Rachaad White,Team Chieffo,RB,TB,FLEX,16.9,8.1,8,2025
Chase McLaughlin,Team Chieffo,K,TB,K,8.7,18.1,8,2025
Daniel Jones,Team Chieffo,QB,IND,QB,20.7,23.18,8,2025
Breece Hall,Team Chieffo,RB,NYJ,RB,18,32.86,8,2025
Derrick Henry,Team Chieffo,RB,BAL,RB,16.1,19.1,8,2025
Dallas Goedert,Team Chieffo,TE,PHI,TE,12.4,17.8,8,2025
Emeka Egbuka,Team Chieffo,WR,TB,WR,16.9,6.5,8,2025
Tee Higgins,Team Chieffo,WR,CIN,WR,12.4,11.4,8,2025
Bam Knight,lets get this money,RB,ARI,Bench,0,0,8,2025
Chuba Hubbard,lets get this money,RB,CAR,Bench,12,9.4,8,2025
Drake London,lets get this money,WR,ATL,Bench,0,0,8,2025
Matthew Golden,lets get this money,WR,GB,Bench,10.3,3.4,8,2025
Michael Carter,lets get this money,RB,ARI,Bench,0,0,8,2025
Ollie Gordon II,lets get this money,RB,MIA,Bench,4.6,13.6,8,2025
RJ Harvey,lets get this money,RB,DEN,Bench,7.2,24.1,8,2025
Bengals,lets get this money,D/ST,CIN,D/ST,5.3,-9,8,2025
Travis Kelce,lets get this money,TE,KC,FLEX,10.9,21.9,8,2025
Trey Benson,lets get this money,RB,ARI,IR,0,0,8,2025
Matt Prater,lets get this money,K,BUF,K,8.7,12.8,8,2025
Jalen Hurts,lets get this money,QB,PHI,QB,21.8,25.36,8,2025
Aaron Jones Sr.,lets get this money,RB,MIN,RB,10.3,5,8,2025
De'Von Achane,lets get this money,RB,MIA,RB,19.6,20.1,8,2025
Harold Fannin Jr.,lets get this money,TE,CLE,TE,9.6,18.4,8,2025
Keon Coleman,lets get this money,WR,BUF,WR,10.2,6,8,2025
Xavier Worthy,lets get this money,WR,KC,WR,12.5,10.3,8,2025
Brenton Strange,willimantic crack addicts,TE,JAX,Bench,0,0,8,2025
Cooper Kupp,willimantic crack addicts,WR,SEA,Bench,0,0,8,2025
David Montgomery,willimantic crack addicts,RB,DET,Bench,0,0,8,2025
J.J. McCarthy,willimantic crack addicts,QB,MIN,Bench,0,0,8,2025
Josh Reynolds,willimantic crack addicts,WR,NYJ,Bench,0,0,8,2025
Nick Chubb,willimantic crack addicts,RB,HOU,Bench,9.3,8.9,8,2025
Rashod Bateman,willimantic crack addicts,WR,BAL,Bench,6.6,7.1,8,2025
Ravens,willimantic crack addicts,D/ST,BAL,D/ST,2.9,3,8,2025
CeeDee Lamb,willimantic crack addicts,WR,DAL,FLEX,16.9,14.6,8,2025
Jake Bates,willimantic crack addicts,K,DET,K,0,0,8,2025
Patrick Mahomes,willimantic crack addicts,QB,KC,QB,24.5,22.96,8,2025
Bijan Robinson,willimantic crack addicts,RB,ATL,RB,26.7,5.8,8,2025
Kenneth Gainwell,willimantic crack addicts,RB,PIT,RB,10.4,3.5,8,2025
Tucker Kraft,willimantic crack addicts,TE,GB,TE,10.4,33.3,8,2025
Deebo Samuel,willimantic crack addicts,WR,WSH,WR,13.7,4.2,8,2025
Quentin Johnston,willimantic crack addicts,WR,LAC,WR,13.5,0,8,2025
Courtland Sutton,Beef One My Balls,WR,DEN,Bench,13,10,9,2025
Jayden Higgins,Beef One My Balls,WR,HOU,Bench,4.6,1.4,9,2025
Jordan Mason,Beef One My Balls,RB,MIN,Bench,6.3,4.7,9,2025
Josh Downs,Beef One My Balls,WR,IND,Bench,11.1,15.7,9,2025
Matthew Stafford,Beef One My Balls,QB,LAR,Bench,18.2,26.84,9,2025
T.J. Hockenson,Beef One My Balls,TE,MIN,Bench,9.5,9.1,9,2025
Colts,Beef One My Balls,D/ST,IND,D/ST,5.3,7,9,2025
Javonte Williams,Beef One My Balls,RB,DAL,FLEX,16.2,7.3,9,2025
Harrison Butker,Beef One My Balls,K,KC,K,9,7.5,9,2025
Dak Prescott,Beef One My Balls,QB,DAL,QB,18.8,15.4,9,2025
Jaylen Warren,Beef One My Balls,RB,PIT,RB,15.8,16.9,9,2025
Kyren Williams,Beef One My Balls,RB,LAR,RB,15.8,17.4,9,2025
Jake Ferguson,Beef One My Balls,TE,DAL,TE,11.3,8,9,2025
Puka Nacua,Beef One My Balls,WR,LAR,WR,22.2,22.8,9,2025
Rome Odunze,Beef One My Balls,WR,CHI,WR,14.9,0,9,2025
Bucky Irving,Bower Rangers,RB,TB,Bench,0,0,9,2025
Calvin Ridley,Bower Rangers,WR,TEN,Bench,0,0,9,2025
DJ Moore,Bower Rangers,WR,CHI,Bench,13.1,22.98,9,2025
Jared Goff,Bower Rangers,QB,DET,Bench,16.7,19.36,9,2025
Jaylin Noel,Bower Rangers,WR,HOU,Bench,3.6,-0.3,9,2025
Mason Taylor,Bower Rangers,TE,NYJ,Bench,0,0,9,2025
Travis Etienne Jr.,Bower Rangers,RB,JAX,Bench,13.7,16.5,9,2025
Broncos,Bower Rangers,D/ST,DEN,D/ST,6.3,7,9,2025
Brock Bowers,Bower Rangers,TE,LV,FLEX,12.7,43.3,9,2025
Brandon Aubrey,Bower Rangers,K,DAL,K,9.5,3.6,9,2025
Joe Flacco,Bower Rangers,QB,CIN,QB,17.3,30.7,9,2025
Jacory Croskey-Merritt,Bower Rangers,RB,WSH,RB,10.2,5.1,9,2025
Justice Hill,Bower Rangers,RB,BAL,RB,7.2,3.5,9,2025
Oronde Gadsden,Bower Rangers,TE,LAC,TE,11.3,11.8,9,2025
Jaylen Waddle,Bower Rangers,WR,MIA,WR,15.1,14.2,9,2025
Marvin Harrison Jr.,Bower Rangers,WR,ARI,WR,13.3,22.6,9,2025
Dalton Kincaid,Cook my Balls,TE,BUF,Bench,9,22.1,9,2025
David Njoku,Cook my Balls,TE,CLE,Bench,0,0,9,2025
DeMario Douglas,Cook my Balls,WR,NE,Bench,5.5,20,9,2025
Hollywood Brown,Cook my Balls,WR,KC,Bench,5.2,9.3,9,2025
Quinshon Judkins,Cook my Balls,RB,CLE,Bench,0,0,9,2025
Romeo Doubs,Cook my Balls,WR,GB,Bench,11.6,16.1,9,2025
Tre Tucker,Cook my Balls,WR,LV,Bench,9.4,6.8,9,2025
Lions,Cook my Balls,D/ST,DET,D/ST,8,9,9,2025
Jakobi Meyers,Cook my Balls,WR,LV,FLEX,11.5,6.3,9,2025
Brandon Aiyuk,Cook my Balls,WR,SF,IR,0,0,9,2025
Eddy Pineiro,Cook my Balls,K,SF,K,8.8,12.7,9,2025
Justin Herbert,Cook my Balls,QB,LAC,QB,21.6,27.7,9,2025
James Cook III,Cook my Balls,RB,BUF,RB,15.6,13.5,9,2025
Rico Dowdle,Cook my Balls,RB,CAR,RB,11.7,28.1,9,2025
Theo Johnson,Cook my Balls,TE,NYG,TE,10.1,11.7,9,2025
Justin Jefferson,Cook my Balls,WR,MIN,WR,17.7,16.7,9,2025
Tetairoa McMillan,Cook my Balls,WR,CAR,WR,12.9,8.6,9,2025
Brock Purdy,High Speed Chase,QB,SF,Bench,0,0,9,2025
Isiah Pacheco,High Speed Chase,RB,KC,Bench,0,0,9,2025
Keenan Allen,High Speed Chase,WR,LAC,Bench,14,6.1,9,2025
Ricky Pearsall,High Speed Chase,WR,SF,Bench,0,0,9,2025
Tyler Allgeier,High Speed Chase,RB,ATL,Bench,5.4,0.6,9,2025
Vikings,High Speed Chase,D/ST,MIN,Bench,3.1,9,9,2025
Zach Ertz,High Speed Chase,TE,WSH,Bench,10,8.6,9,2025
Jaguars,High Speed Chase,D/ST,JAX,D/ST,7.4,3,9,2025
George Pickens,High Speed Chase,WR,DAL,FLEX,14.3,13.9,9,2025
Omarion Hampton,High Speed Chase,RB,LAC,IR,0,0,9,2025
Ka'imi Fairbairn,High Speed Chase,K,HOU,K,8.3,17.3,9,2025
Jordan Love,High Speed Chase,QB,GB,QB,18.1,9.02,9,2025
Chase Brown,High Speed Chase,RB,CIN,RB,13,19.2,9,2025
Zach Charbonnet,High Speed Chase,RB,SEA,RB,11.1,5.6,9,2025
Mark Andrews,High Speed Chase,TE,BAL,TE,9.9,16.6,9,2025
Ja'Marr Chase,High Speed Chase,WR,CIN,WR,23.2,17.1,9,2025
Nico Collins,High Speed Chase,WR,HOU,WR,16.5,14.5,9,2025
Baker Mayfield,Kupp my balls,QB,TB,Bench,0,0,9,2025
Cade Otton,Kupp my balls,TE,TB,Bench,0,0,9,2025
Chris Godwin Jr.,Kupp my balls,WR,TB,Bench,0,0,9,2025
DeVonta Smith,Kupp my balls,WR,PHI,Bench,0,0,9,2025
Kyle Monangai,Kupp my balls,RB,CHI,Bench,15.4,22.8,9,2025
Kyler Murray,Kupp my balls,QB,ARI,Bench,0,0,9,2025
TreVeyon Henderson,Kupp my balls,RB,NE,Bench,11.7,12.7,9,2025
Chargers,Kupp my balls,D/ST,LAC,D/ST,7,7,9,2025
DK Metcalf,Kupp my balls,WR,PIT,FLEX,16,2.6,9,2025
Travis Hunter,Kupp my balls,WR,JAX,IR,0,0,9,2025
Chris Boswell,Kupp my balls,K,PIT,K,9,10.1,9,2025
Jacoby Brissett,Kupp my balls,QB,ARI,QB,19.4,24.84,9,2025
Ashton Jeanty,Kupp my balls,RB,LV,RB,15.1,19.9,9,2025
Josh Jacobs,Kupp my balls,RB,GB,RB,18.7,20,9,2025
George Kittle,Kupp my balls,TE,SF,TE,13.1,6.9,9,2025
Davante Adams,Kupp my balls,WR,LAR,WR,16.1,23,9,2025
Rashee Rice,Kupp my balls,WR,KC,WR,18.4,18.6,9,2025
C.J. Stroud,Nix my Balls,QB,HOU,Bench,16.9,4.36,9,2025
Darnell Mooney,Nix my Balls,WR,ATL,Bench,9.7,2.5,9,2025
Garrett Wilson,Nix my Balls,WR,NYJ,Bench,0,0,9,2025
Joe Mixon,Nix my Balls,RB,HOU,Bench,0,0,9,2025
Kendrick Bourne,Nix my Balls,WR,SF,Bench,9,5.4,9,2025
Rhamondre Stevenson,Nix my Balls,RB,NE,Bench,0,0,9,2025
Terry McLaurin,Nix my Balls,WR,WSH,Bench,0,0,9,2025
Rams,Nix my Balls,D/ST,LAR,D/ST,8.2,10,9,2025
Zay Flowers,Nix my Balls,WR,BAL,FLEX,16.1,11.4,9,2025
Wil Lutz,Nix my Balls,K,DEN,K,8.3,3.4,9,2025
Bo Nix,Nix my Balls,QB,DEN,QB,16.6,18.52,9,2025
Jahmyr Gibbs,Nix my Balls,RB,DET,RB,19.2,5.8,9,2025
Jonathan Taylor,Nix my Balls,RB,IND,RB,23.4,7.7,9,2025
Tyler Warren,Nix my Balls,TE,IND,TE,13.6,7.6,9,2025
Khalil Shakir,Nix my Balls,WR,BUF,WR,12.8,11.3,9,2025
Tory Horton,Nix my Balls,WR,SEA,WR,11.1,20.8,9,2025
Bills,Njigbas in Paris,D/ST,BUF,Bench,3.4,5,9,2025
Caleb Williams,Njigbas in Paris,QB,CHI,Bench,20.1,38.7,9,2025
Cam Skattebo,Njigbas in Paris,RB,NYG,Bench,0,0,9,2025
Christian Kirk,Njigbas in Paris,WR,HOU,Bench,9.1,6.6,9,2025
Hunter Henry,Njigbas in Paris,TE,NE,Bench,9.1,9.1,9,2025
Jerome Ford,Njigbas in Paris,RB,CLE,Bench,0,0,9,2025
Marvin Mims Jr.,Njigbas in Paris,WR,DEN,Bench,0,0,9,2025
Patriots,Njigbas in Paris,D/ST,NE,D/ST,4.7,3,9,2025
Stefon Diggs,Njigbas in Paris,WR,NE,FLEX,13.1,12.8,9,2025
Cameron Dicker,Njigbas in Paris,K,LAC,K,9.4,10.9,9,2025
Lamar Jackson,Njigbas in Paris,QB,BAL,QB,23.4,25.56,9,2025
Christian McCaffrey,Njigbas in Paris,RB,SF,RB,26,34.3,9,2025
Kimani Vidal,Njigbas in Paris,RB,LAC,RB,15.6,3,9,2025
Sam LaPorta,Njigbas in Paris,TE,DET,TE,11.8,21.7,9,2025
Jaxon Smith-Njigba,Njigbas in Paris,WR,SEA,WR,24.5,22,9,2025
Michael Pittman Jr.,Njigbas in Paris,WR,IND,WR,16.3,20.5,9,2025
A.J. Brown,S(hamas),WR,PHI,Bench,0,0,9,2025
Jake Elliott,S(hamas),K,PHI,Bench,0,0,9,2025
Jaxson Dart,S(hamas),QB,NYG,Bench,21.1,27.24,9,2025
Juwan Johnson,S(hamas),TE,NO,Bench,8.3,12.1,9,2025
Kayshon Boutte,S(hamas),WR,NE,Bench,9.8,0,9,2025
Sterling Shepard,S(hamas),WR,TB,Bench,0,0,9,2025
Tyjae Spears,S(hamas),RB,TEN,Bench,9.5,9.2,9,2025
Bears,S(hamas),D/ST,CHI,D/ST,5.1,1,9,2025
Jameson Williams,S(hamas),WR,DET,FLEX,11,16.6,9,2025
Tyler Loop,S(hamas),K,BAL,K,8.9,4,9,2025
Josh Allen,S(hamas),QB,BUF,QB,21.5,28.82,9,2025
Alvin Kamara,S(hamas),RB,NO,RB,11.4,0.7,9,2025
Kenneth Walker III,S(hamas),RB,SEA,RB,12,8.1,9,2025
Kyle Pitts Sr.,S(hamas),TE,ATL,TE,10.9,7.8,9,2025
Jauan Jennings,S(hamas),WR,SF,WR,12,14.1,9,2025
Rashid Shaheed,S(hamas),WR,NO,WR,10.8,11.8,9,2025
Bhayshul Tuten,Saquon Bustley,RB,JAX,Bench,5.4,9.6,9,2025
Brian Thomas Jr.,Saquon Bustley,WR,JAX,Bench,13.9,8.5,9,2025
D'Andre Swift,Saquon Bustley,RB,CHI,Bench,0,0,9,2025
Jayden Daniels,Saquon Bustley,QB,WSH,Bench,19.5,15.22,9,2025
Saquon Barkley,Saquon Bustley,RB,PHI,Bench,0,0,9,2025
Tez Johnson,Saquon Bustley,WR,TB,Bench,0,0,9,2025
Woody Marks,Saquon Bustley,RB,HOU,Bench,9.8,2.7,9,2025
Seahawks,Saquon Bustley,D/ST,SEA,D/ST,6.1,11,9,2025
Ladd McConkey,Saquon Bustley,WR,LAC,FLEX,16.1,9.6,9,2025
Jayden Reed,Saquon Bustley,WR,GB,IR,0,0,9,2025
Jason Myers,Saquon Bustley,K,SEA,K,8.8,9.1,9,2025
Drake Maye,Saquon Bustley,QB,NE,QB,20.6,16.36,9,2025
J.K. Dobbins,Saquon Bustley,RB,DEN,RB,11.5,6.9,9,2025
Tyrone Tracy Jr.,Saquon Bustley,RB,NYG,RB,14.4,6.7,9,2025
Trey McBride,Saquon Bustley,TE,ARI,TE,18.8,16.5,9,2025
Chris Olave,Saquon Bustley,WR,NO,WR,14.4,8.7,9,2025
Jordan Addison,Saquon Bustley,WR,MIN,WR,12.6,8.4,9,2025
Breece Hall,Team Chieffo,RB,NYJ,Bench,0,0,9,2025
Chase McLaughlin,Team Chieffo,K,TB,Bench,0,0,9,2025
Dallas Goedert,Team Chieffo,TE,PHI,Bench,0,0,9,2025
Emeka Egbuka,Team Chieffo,WR,TB,Bench,0,0,9,2025
Jerry Jeudy,Team Chieffo,WR,CLE,Bench,0,0,9,2025
Joe Burrow,Team Chieffo,QB,CIN,Bench,0,0,9,2025
Rachaad White,Team Chieffo,RB,TB,Bench,0,0,9,2025
Packers,Team Chieffo,D/ST,GB,D/ST,6.3,6,9,2025
Wan'Dale Robinson,Team Chieffo,WR,NYG,FLEX,13.1,13.6,9,2025
Cairo Santos,Team Chieffo,K,CHI,K,8.9,10,9,2025
Daniel Jones,Team Chieffo,QB,IND,QB,21.7,14.08,9,2025
Derrick Henry,Team Chieffo,RB,BAL,RB,16,13.1,9,2025
Tony Pollard,Team Chieffo,RB,TEN,RB,9.8,7.8,9,2025
Jonnu Smith,Team Chieffo,TE,PIT,TE,8.7,5.5,9,2025
Amon-Ra St. Brown,Team Chieffo,WR,DET,WR,19.3,18.7,9,2025
Tee Higgins,Team Chieffo,WR,CIN,WR,12.9,33.1,9,2025
Chuba Hubbard,lets get this money,RB,CAR,Bench,7.8,1.7,9,2025
Harold Fannin Jr.,lets get this money,TE,CLE,Bench,0,0,9,2025
Jalen Hurts,lets get this money,QB,PHI,Bench,0,0,9,2025
Matthew Golden,lets get this money,WR,GB,Bench,8.3,2.9,9,2025
Ollie Gordon II,lets get this money,RB,MIA,Bench,6.7,1.9,9,2025
RJ Harvey,lets get this money,RB,DEN,Bench,7,16.6,9,2025
Troy Franklin,lets get this money,WR,DEN,Bench,10.6,8.3,9,2025
Texans,lets get this money,D/ST,HOU,D/ST,5.5,9,9,2025
Aaron Jones Sr.,lets get this money,RB,MIN,FLEX,10.7,11.8,9,2025
Trey Benson,lets get this money,RB,ARI,IR,0,0,9,2025
Michael Badgley,lets get this money,K,IND,K,9.2,12.5,9,2025
Tua Tagovailoa,lets get this money,QB,MIA,QB,16.3,8.54,9,2025
Bam Knight,lets get this money,RB,ARI,RB,12,6.7,9,2025
De'Von Achane,lets get this money,RB,MIA,RB,22.2,16.6,9,2025
Travis Kelce,lets get this money,TE,KC,TE,12.1,12.6,9,2025
Drake London,lets get this money,WR,ATL,WR,18.1,38.8,9,2025
Xavier Worthy,lets get this money,WR,KC,WR,12,6,9,2025
Brenton Strange,willimantic crack addicts,TE,JAX,Bench,0,0,9,2025
Cooper Kupp,willimantic crack addicts,WR,SEA,Bench,0,0,9,2025
J.J. McCarthy,willimantic crack addicts,QB,MIN,Bench,14.4,18.92,9,2025
Josh Reynolds,willimantic crack addicts,WR,NYJ,Bench,0,0,9,2025
Kenneth Gainwell,willimantic crack addicts,RB,PIT,Bench,9.9,7.4,9,2025
Nick Chubb,willimantic crack addicts,RB,HOU,Bench,8.5,3.4,9,2025
Rashod Bateman,willimantic crack addicts,WR,BAL,Bench,8.8,9.3,9,2025
Ravens,willimantic crack addicts,D/ST,BAL,D/ST,5.3,12,9,2025
CeeDee Lamb,willimantic crack addicts,WR,DAL,FLEX,18.9,15.5,9,2025
Jake Bates,willimantic crack addicts,K,DET,K,9.1,6.1,9,2025
Patrick Mahomes,willimantic crack addicts,QB,KC,QB,23.3,10.5,9,2025
Bijan Robinson,willimantic crack addicts,RB,ATL,RB,20.2,17.6,9,2025
David Montgomery,willimantic crack addicts,RB,DET,RB,12.7,11,9,2025
Tucker Kraft,willimantic crack addicts,TE,GB,TE,11.3,4,9,2025
Deebo Samuel,willimantic crack addicts,WR,WSH,WR,14.4,9.4,9,2025
Quentin Johnston,willimantic crack addicts,WR,LAC,WR,12.3,15.3,9,2025
Dak Prescott,Beef One My Balls,QB,DAL,Bench,0,0,10,2025
Jake Ferguson,Beef One My Balls,TE,DAL,Bench,0,0,10,2025
Javonte Williams,Beef One My Balls,RB,DAL,Bench,0,0,10,2025
Jayden Higgins,Beef One My Balls,WR,HOU,Bench,3.8,15.2,10,2025
Jordan Mason,Beef One My Balls,RB,MIN,Bench,8.2,4.1,10,2025
Josh Downs,Beef One My Balls,WR,IND,Bench,11.2,1.3,10,2025
Colts,Beef One My Balls,D/ST,IND,D/ST,4.4,7,10,2025
Puka Nacua,Beef One My Balls,WR,LAR,FLEX,23,17.4,10,2025
Matt Prater,Beef One My Balls,K,BUF,K,9.2,1,10,2025
Matthew Stafford,Beef One My Balls,QB,LAR,QB,19.5,26.9,10,2025
Jaylen Warren,Beef One My Balls,RB,PIT,RB,15.3,11.1,10,2025
Kyren Williams,Beef One My Balls,RB,LAR,RB,15.6,22.4,10,2025
T.J. Hockenson,Beef One My Balls,TE,MIN,TE,9.6,2.8,10,2025
Courtland Sutton,Beef One My Balls,WR,DEN,WR,13.3,5.4,10,2025
Rome Odunze,Beef One My Balls,WR,CHI,WR,13.3,20.6,10,2025
Brandon Aubrey,Bower Rangers,K,DAL,Bench,0,0,10,2025
Bucky Irving,Bower Rangers,RB,TB,Bench,0,0,10,2025
Calvin Ridley,Bower Rangers,WR,TEN,Bench,0,0,10,2025
DJ Moore,Bower Rangers,WR,CHI,Bench,11.5,0,10,2025
Darius Slayton,Bower Rangers,WR,NYG,Bench,11.1,12.9,10,2025
Joe Flacco,Bower Rangers,QB,CIN,Bench,0,0,10,2025
Mason Taylor,Bower Rangers,TE,NYJ,Bench,8.3,1.4,10,2025
Broncos,Bower Rangers,D/ST,DEN,D/ST,8.2,16,10,2025
Brock Bowers,Bower Rangers,TE,LV,FLEX,15.8,3.7,10,2025
Ryan Fitzgerald,Bower Rangers,K,CAR,K,8.3,0,10,2025
Jared Goff,Bower Rangers,QB,DET,QB,18.7,24.8,10,2025
Jacory Croskey-Merritt,Bower Rangers,RB,WSH,RB,9.4,3,10,2025
Travis Etienne Jr.,Bower Rangers,RB,JAX,RB,12.7,15.7,10,2025
Oronde Gadsden,Bower Rangers,TE,LAC,TE,11.5,4.3,10,2025
Jaylen Waddle,Bower Rangers,WR,MIA,WR,14.1,19.4,10,2025
Marvin Harrison Jr.,Bower Rangers,WR,ARI,WR,13.3,14.3,10,2025
Dalton Kincaid,Cook my Balls,TE,BUF,Bench,9.8,5.7,10,2025
David Njoku,Cook my Balls,TE,CLE,Bench,9.2,10.1,10,2025
DeMario Douglas,Cook my Balls,WR,NE,Bench,9,5.4,10,2025
Hollywood Brown,Cook my Balls,WR,KC,Bench,0,0,10,2025
Jakobi Meyers,Cook my Balls,WR,JAX,Bench,8.5,7.1,10,2025
Romeo Doubs,Cook my Balls,WR,GB,Bench,12.8,1.5,10,2025
Tre Tucker,Cook my Balls,WR,LV,Bench,10.2,5.5,10,2025
Lions,Cook my Balls,D/ST,DET,D/ST,7.1,4,10,2025
Quinshon Judkins,Cook my Balls,RB,CLE,FLEX,15.1,10.5,10,2025
Brandon Aiyuk,Cook my Balls,WR,SF,IR,0,0,10,2025
Eddy Pineiro,Cook my Balls,K,SF,K,8.4,2,10,2025
Justin Herbert,Cook my Balls,QB,LAC,QB,20.1,14.7,10,2025
James Cook III,Cook my Balls,RB,BUF,RB,21,10.7,10,2025
Rico Dowdle,Cook my Balls,RB,CAR,RB,18.2,15.3,10,2025
Theo Johnson,Cook my Balls,TE,NYG,TE,10.3,14.5,10,2025
Justin Jefferson,Cook my Balls,WR,MIN,WR,20,7.7,10,2025
Tetairoa McMillan,Cook my Balls,WR,CAR,WR,12.2,11,10,2025
Chase Brown,High Speed Chase,RB,CIN,Bench,0,0,10,2025
George Pickens,High Speed Chase,WR,DAL,Bench,0,0,10,2025
Isiah Pacheco,High Speed Chase,RB,KC,Bench,0,0,10,2025
Ja'Marr Chase,High Speed Chase,WR,CIN,Bench,0,0,10,2025
Ka'imi Fairbairn,High Speed Chase,K,HOU,Bench,0,0,10,2025
Sam Darnold,High Speed Chase,QB,SEA,Bench,16.6,4.92,10,2025
Zach Ertz,High Speed Chase,TE,WSH,Bench,9.5,9.4,10,2025
Jaguars,High Speed Chase,D/ST,JAX,D/ST,6,8,10,2025
Alec Pierce,High Speed Chase,WR,IND,FLEX,10.5,18.4,10,2025
Andy Borregales,High Speed Chase,K,NE,K,8.5,4,10,2025
Jordan Love,High Speed Chase,QB,GB,QB,17,7.84,10,2025
D'Andre Swift,High Speed Chase,RB,CHI,RB,13.6,14.8,10,2025
Tyrone Tracy Jr.,High Speed Chase,RB,NYG,RB,12.5,8.1,10,2025
Mark Andrews,High Speed Chase,TE,BAL,TE,9.6,10.4,10,2025
Keenan Allen,High Speed Chase,WR,LAC,WR,12.5,3.9,10,2025
Nico Collins,High Speed Chase,WR,HOU,WR,15.7,22.6,10,2025
Cade Otton,Kupp my balls,TE,TB,Bench,9.6,17.2,10,2025
Chris Godwin Jr.,Kupp my balls,WR,TB,Bench,0,0,10,2025
Jacoby Brissett,Kupp my balls,QB,ARI,Bench,15.3,19.42,10,2025
Kyle Monangai,Kupp my balls,RB,CHI,Bench,11.4,8.8,10,2025
Kyler Murray,Kupp my balls,QB,ARI,Bench,0,0,10,2025
Rashee Rice,Kupp my balls,WR,KC,Bench,0,0,10,2025
TreVeyon Henderson,Kupp my balls,RB,NE,Bench,13.2,28,10,2025
Steelers,Kupp my balls,D/ST,PIT,D/ST,5.3,5,10,2025
DK Metcalf,Kupp my balls,WR,PIT,FLEX,13.3,6.5,10,2025
Travis Hunter,Kupp my balls,WR,JAX,IR,0,0,10,2025
Chris Boswell,Kupp my balls,K,PIT,K,8.6,5.9,10,2025
Baker Mayfield,Kupp my balls,QB,TB,QB,16.1,22.92,10,2025
Ashton Jeanty,Kupp my balls,RB,LV,RB,13.9,15.3,10,2025
Josh Jacobs,Kupp my balls,RB,GB,RB,18.1,19.7,10,2025
George Kittle,Kupp my balls,TE,SF,TE,11.6,23.4,10,2025
Davante Adams,Kupp my balls,WR,LAR,WR,16.5,19.7,10,2025
DeVonta Smith,Kupp my balls,WR,PHI,WR,14.9,16.9,10,2025
C.J. Stroud,Nix my Balls,QB,HOU,Bench,0,0,10,2025
Darnell Mooney,Nix my Balls,WR,ATL,Bench,8.7,2.7,10,2025
Joe Mixon,Nix my Balls,RB,HOU,Bench,0,0,10,2025
Kendrick Bourne,Nix my Balls,WR,SF,Bench,6.8,2.9,10,2025
Rhamondre Stevenson,Nix my Balls,RB,NE,Bench,0,0,10,2025
Terry McLaurin,Nix my Balls,WR,WSH,Bench,0,0,10,2025
Tory Horton,Nix my Balls,WR,SEA,Bench,0,0,10,2025
Rams,Nix my Balls,D/ST,LAR,D/ST,6.4,5,10,2025
Zay Flowers,Nix my Balls,WR,BAL,FLEX,15.6,12.1,10,2025
Wil Lutz,Nix my Balls,K,DEN,K,8.7,3.2,10,2025
Bo Nix,Nix my Balls,QB,DEN,QB,19.1,5.8,10,2025
Jahmyr Gibbs,Nix my Balls,RB,DET,RB,18.2,38.2,10,2025
Jonathan Taylor,Nix my Balls,RB,IND,RB,21.2,49.6,10,2025
Tyler Warren,Nix my Balls,TE,IND,TE,12.4,17.9,10,2025
Garrett Wilson,Nix my Balls,WR,NYJ,WR,13.7,0,10,2025
Khalil Shakir,Nix my Balls,WR,BUF,WR,12.7,12.8,10,2025
Bills,Njigbas in Paris,D/ST,BUF,Bench,6.3,2,10,2025
Caleb Williams,Njigbas in Paris,QB,CHI,Bench,18.5,25.1,10,2025
Christian Kirk,Njigbas in Paris,WR,HOU,Bench,9.1,1.3,10,2025
Hunter Henry,Njigbas in Paris,TE,NE,Bench,10.7,1.9,10,2025
Jerome Ford,Njigbas in Paris,RB,CLE,Bench,3.8,0.1,10,2025
Marvin Mims Jr.,Njigbas in Paris,WR,DEN,Bench,0,0,10,2025
Patriots,Njigbas in Paris,D/ST,NE,Bench,4.5,1,10,2025
Texans,Njigbas in Paris,D/ST,HOU,D/ST,6.8,16,10,2025
Stefon Diggs,Njigbas in Paris,WR,NE,FLEX,14,15.6,10,2025
Cameron Dicker,Njigbas in Paris,K,LAC,K,9.1,14.3,10,2025
Lamar Jackson,Njigbas in Paris,QB,BAL,QB,23.6,16.64,10,2025
Christian McCaffrey,Njigbas in Paris,RB,SF,RB,24.5,17.6,10,2025
Kimani Vidal,Njigbas in Paris,RB,LAC,RB,11.7,17.8,10,2025
Sam LaPorta,Njigbas in Paris,TE,DET,TE,13.1,10.3,10,2025
Jaxon Smith-Njigba,Njigbas in Paris,WR,SEA,WR,22,20.3,10,2025
Michael Pittman Jr.,Njigbas in Paris,WR,IND,WR,15,3.9,10,2025
Jaxson Dart,S(hamas),QB,NYG,Bench,22.1,26.28,10,2025
Juwan Johnson,S(hamas),TE,NO,Bench,9,19.2,10,2025
Kayshon Boutte,S(hamas),WR,NE,Bench,0,0,10,2025
Rashid Shaheed,S(hamas),WR,SEA,Bench,10.4,3.3,10,2025
Sterling Shepard,S(hamas),WR,TB,Bench,7.6,6.1,10,2025
Tyjae Spears,S(hamas),RB,TEN,Bench,0,0,10,2025
Tyler Loop,S(hamas),K,BAL,Bench,8.9,12.4,10,2025
Browns,S(hamas),D/ST,CLE,D/ST,6.5,8,10,2025
Jameson Williams,S(hamas),WR,DET,FLEX,12.1,23.9,10,2025
Jake Elliott,S(hamas),K,PHI,K,8.7,4.9,10,2025
Josh Allen,S(hamas),QB,BUF,QB,22.5,19.34,10,2025
Alvin Kamara,S(hamas),RB,NO,RB,12.2,14.5,10,2025
Kenneth Walker III,S(hamas),RB,SEA,RB,12.5,8,10,2025
Kyle Pitts Sr.,S(hamas),TE,ATL,TE,11.8,5.8,10,2025
A.J. Brown,S(hamas),WR,PHI,WR,17.2,3.3,10,2025
Jauan Jennings,S(hamas),WR,SF,WR,11.9,17.1,10,2025
Bhayshul Tuten,Saquon Bustley,RB,JAX,Bench,4.5,2,10,2025
Brian Thomas Jr.,Saquon Bustley,WR,JAX,Bench,0,0,10,2025
Devin Singletary,Saquon Bustley,RB,NYG,Bench,9.7,10.3,10,2025
J.K. Dobbins,Saquon Bustley,RB,DEN,Bench,13.2,9.4,10,2025
Jayden Daniels,Saquon Bustley,QB,WSH,Bench,0,0,10,2025
Jayden Reed,Saquon Bustley,WR,GB,Bench,0,0,10,2025
Tez Johnson,Saquon Bustley,WR,TB,Bench,9.5,20.2,10,2025
Seahawks,Saquon Bustley,D/ST,SEA,D/ST,6.6,21,10,2025
Ladd McConkey,Saquon Bustley,WR,LAC,FLEX,15.3,20.7,10,2025
Omarion Hampton,Saquon Bustley,RB,LAC,IR,0,0,10,2025
Jason Myers,Saquon Bustley,K,SEA,K,8.8,16.2,10,2025
Drake Maye,Saquon Bustley,QB,NE,QB,20.8,18.1,10,2025
Saquon Barkley,Saquon Bustley,RB,PHI,RB,16.1,13.1,10,2025
Woody Marks,Saquon Bustley,RB,HOU,RB,10.2,16.1,10,2025
Trey McBride,Saquon Bustley,TE,ARI,TE,17.2,27.7,10,2025
Chris Olave,Saquon Bustley,WR,NO,WR,14.6,21.4,10,2025
Jordan Addison,Saquon Bustley,WR,MIN,WR,12.8,6.5,10,2025
Chase McLaughlin,Team Chieffo,K,TB,Bench,8.5,5.6,10,2025
Jerry Jeudy,Team Chieffo,WR,CLE,Bench,9.6,19.8,10,2025
Joe Burrow,Team Chieffo,QB,CIN,Bench,0,0,10,2025
Jonnu Smith,Team Chieffo,TE,PIT,Bench,8,1.4,10,2025
Tee Higgins,Team Chieffo,WR,CIN,Bench,0,0,10,2025
Tony Pollard,Team Chieffo,RB,TEN,Bench,0,0,10,2025
Wan'Dale Robinson,Team Chieffo,WR,NYG,Bench,14.1,12.2,10,2025
Packers,Team Chieffo,D/ST,GB,D/ST,5,7,10,2025
Rachaad White,Team Chieffo,RB,TB,FLEX,16.2,10.4,10,2025
Cairo Santos,Team Chieffo,K,CHI,K,8.6,5.2,10,2025
Daniel Jones,Team Chieffo,QB,IND,QB,20,15.5,10,2025
Breece Hall,Team Chieffo,RB,NYJ,RB,14.4,19.5,10,2025
Derrick Henry,Team Chieffo,RB,BAL,RB,15.8,11.4,10,2025
Dallas Goedert,Team Chieffo,TE,PHI,TE,10.8,8.3,10,2025
Amon-Ra St. Brown,Team Chieffo,WR,DET,WR,22.3,16.8,10,2025
Emeka Egbuka,Team Chieffo,WR,TB,WR,15.6,23.5,10,2025
Bam Knight,lets get this money,RB,ARI,Bench,9.6,4.3,10,2025
Chuba Hubbard,lets get this money,RB,CAR,Bench,6.2,2.5,10,2025
Matthew Golden,lets get this money,WR,GB,Bench,0,0,10,2025
Ollie Gordon II,lets get this money,RB,MIA,Bench,5.1,-0.3,10,2025
Travis Kelce,lets get this money,TE,KC,Bench,0,0,10,2025
Xavier Worthy,lets get this money,WR,KC,Bench,0,0,10,2025
Zach Charbonnet,lets get this money,RB,SEA,Bench,9.9,14.3,10,2025
Panthers,lets get this money,D/ST,CAR,D/ST,6.3,4,10,2025
Aaron Jones Sr.,lets get this money,RB,MIN,FLEX,11.4,15.9,10,2025
Trey Benson,lets get this money,RB,ARI,IR,0,0,10,2025
Michael Badgley,lets get this money,K,IND,K,9,7.8,10,2025
Jalen Hurts,lets get this money,QB,PHI,QB,21.4,12.02,10,2025
De'Von Achane,lets get this money,RB,MIA,RB,21.5,40.5,10,2025
RJ Harvey,lets get this money,RB,DEN,RB,8.2,3.8,10,2025
Harold Fannin Jr.,lets get this money,TE,CLE,TE,10.1,8.4,10,2025
Drake London,lets get this money,WR,ATL,WR,19.8,24.4,10,2025
Troy Franklin,lets get this money,WR,DEN,WR,12.3,15,10,2025
Brenton Strange,willimantic crack addicts,TE,JAX,Bench,0,0,10,2025
CeeDee Lamb,willimantic crack addicts,WR,DAL,Bench,0,0,10,2025
Cooper Kupp,willimantic crack addicts,WR,SEA,Bench,8.6,9.4,10,2025
Nick Chubb,willimantic crack addicts,RB,HOU,Bench,8.9,6.2,10,2025
Patrick Mahomes,willimantic crack addicts,QB,KC,Bench,0,0,10,2025
Rashod Bateman,willimantic crack addicts,WR,BAL,Bench,8.9,4,10,2025
Tucker Kraft,willimantic crack addicts,TE,GB,Bench,0,0,10,2025
Ravens,willimantic crack addicts,D/ST,BAL,D/ST,6.1,6,10,2025
Kenneth Gainwell,willimantic crack addicts,RB,PIT,FLEX,8.9,2.4,10,2025
Jake Bates,willimantic crack addicts,K,DET,K,9.1,12.8,10,2025
J.J. McCarthy,willimantic crack addicts,QB,MIN,QB,17.7,14.72,10,2025
Bijan Robinson,willimantic crack addicts,RB,ATL,RB,20.6,10.8,10,2025
David Montgomery,willimantic crack addicts,RB,DET,RB,13.9,10.1,10,2025
Luke Musgrave,willimantic crack addicts,TE,GB,TE,8.2,5.3,10,2025
Deebo Samuel,willimantic crack addicts,WR,WSH,WR,14,12.9,10,2025
Quentin Johnston,willimantic crack addicts,WR,LAC,WR,11.7,9.2,10,2025
Colts,Beef One My Balls,D/ST,IND,Bench,0,0,11,2025
Courtland Sutton,Beef One My Balls,WR,DEN,Bench,13.2,9.9,11,2025
Dak Prescott,Beef One My Balls,QB,DAL,Bench,17.9,24.32,11,2025
Jayden Higgins,Beef One My Balls,WR,HOU,Bench,8.2,9.5,11,2025
Jordan Mason,Beef One My Balls,RB,MIN,Bench,8.3,10.5,11,2025
Josh Downs,Beef One My Balls,WR,IND,Bench,0,0,11,2025
T.J. Hockenson,Beef One My Balls,TE,MIN,Bench,8.5,6.9,11,2025
Cowboys,Beef One My Balls,D/ST,DAL,D/ST,6.6,11,11,2025
Javonte Williams,Beef One My Balls,RB,DAL,FLEX,16.1,10.3,11,2025
Matt Prater,Beef One My Balls,K,BUF,K,8.7,8.9,11,2025
Matthew Stafford,Beef One My Balls,QB,LAR,QB,18,13.2,11,2025
Jaylen Warren,Beef One My Balls,RB,PIT,RB,19,8.7,11,2025
Kyren Williams,Beef One My Balls,RB,LAR,RB,13.9,16.6,11,2025
Jake Ferguson,Beef One My Balls,TE,DAL,TE,10.8,11.6,11,2025
Puka Nacua,Beef One My Balls,WR,LAR,WR,20.5,14.3,11,2025
Rome Odunze,Beef One My Balls,WR,CHI,WR,14.6,6.1,11,2025
Bucky Irving,Bower Rangers,RB,TB,Bench,0,0,11,2025
Calvin Ridley,Bower Rangers,WR,TEN,Bench,8.7,2.3,11,2025
Darius Slayton,Bower Rangers,WR,NYG,Bench,0,0,11,2025
Jacory Croskey-Merritt,Bower Rangers,RB,WSH,Bench,8.6,4.3,11,2025
Jared Goff,Bower Rangers,QB,DET,Bench,16.2,12.1,11,2025
Marvin Harrison Jr.,Bower Rangers,WR,ARI,Bench,0,0,11,2025
Oronde Gadsden,Bower Rangers,TE,LAC,Bench,10.5,6.1,11,2025
Broncos,Bower Rangers,D/ST,DEN,D/ST,5.8,7,11,2025
Brock Bowers,Bower Rangers,TE,LV,FLEX,17.2,14.2,11,2025
Brandon Aubrey,Bower Rangers,K,DAL,K,9.2,9,11,2025
Joe Flacco,Bower Rangers,QB,CIN,QB,16.7,9.86,11,2025
Sean Tucker,Bower Rangers,RB,TB,RB,10.2,34,11,2025
Travis Etienne Jr.,Bower Rangers,RB,JAX,RB,14.6,19.3,11,2025
Dalton Schultz,Bower Rangers,TE,HOU,TE,10.2,11.1,11,2025
DJ Moore,Bower Rangers,WR,CHI,WR,9.6,3.1,11,2025
Jaylen Waddle,Bower Rangers,WR,MIA,WR,16.8,8.2,11,2025
Dalton Kincaid,Cook my Balls,TE,BUF,Bench,0,0,11,2025
David Njoku,Cook my Balls,TE,CLE,Bench,8.3,1.7,11,2025
DeMario Douglas,Cook my Balls,WR,NE,Bench,7.6,6.1,11,2025
Hollywood Brown,Cook my Balls,WR,KC,Bench,3.9,8,11,2025
Jakobi Meyers,Cook my Balls,WR,JAX,Bench,9.7,11.4,11,2025
Romeo Doubs,Cook my Balls,WR,GB,Bench,11.9,9.3,11,2025
Tre Tucker,Cook my Balls,WR,LV,Bench,11,14.7,11,2025
Lions,Cook my Balls,D/ST,DET,D/ST,5.5,4,11,2025
Quinshon Judkins,Cook my Balls,RB,CLE,FLEX,14.1,5.9,11,2025
Brandon Aiyuk,Cook my Balls,WR,SF,IR,0,0,11,2025
Eddy Pineiro,Cook my Balls,K,SF,K,8.7,16.2,11,2025
Justin Herbert,Cook my Balls,QB,LAC,QB,19.6,3.34,11,2025
James Cook III,Cook my Balls,RB,BUF,RB,18.5,20.4,11,2025
Rico Dowdle,Cook my Balls,RB,CAR,RB,19.4,15,11,2025
Theo Johnson,Cook my Balls,TE,NYG,TE,10.4,6.6,11,2025
Justin Jefferson,Cook my Balls,WR,MIN,WR,19.5,11.1,11,2025
Tetairoa McMillan,Cook my Balls,WR,CAR,WR,13.5,33,11,2025
Alec Pierce,High Speed Chase,WR,IND,Bench,0,0,11,2025
Isiah Pacheco,High Speed Chase,RB,KC,Bench,0,0,11,2025
Ka'imi Fairbairn,High Speed Chase,K,HOU,Bench,0,0,11,2025
Keenan Allen,High Speed Chase,WR,LAC,Bench,12.1,9.3,11,2025
Sam Darnold,High Speed Chase,QB,SEA,Bench,15,4.26,11,2025
Tyrone Tracy Jr.,High Speed Chase,RB,NYG,Bench,12.6,17.9,11,2025
Zach Ertz,High Speed Chase,TE,WSH,Bench,10,8.2,11,2025
Jaguars,High Speed Chase,D/ST,JAX,D/ST,5.7,12,11,2025
George Pickens,High Speed Chase,WR,DAL,FLEX,14.7,29.4,11,2025
Andy Borregales,High Speed Chase,K,NE,K,9.2,9,11,2025
Jordan Love,High Speed Chase,QB,GB,QB,16.3,17.66,11,2025
Chase Brown,High Speed Chase,RB,CIN,RB,14.7,18.7,11,2025
D'Andre Swift,High Speed Chase,RB,CHI,RB,14.7,9,11,2025
Mark Andrews,High Speed Chase,TE,BAL,TE,9,15.7,11,2025
Ja'Marr Chase,High Speed Chase,WR,CIN,WR,22.3,6,11,2025
Nico Collins,High Speed Chase,WR,HOU,WR,16.4,24.2,11,2025
Cade Otton,Kupp my balls,TE,TB,Bench,9.7,4.8,11,2025
Chris Godwin Jr.,Kupp my balls,WR,TB,Bench,0,0,11,2025
DK Metcalf,Kupp my balls,WR,PIT,Bench,12.6,9.9,11,2025
DeVonta Smith,Kupp my balls,WR,PHI,Bench,15.3,1.8,11,2025
Jacoby Brissett,Kupp my balls,QB,ARI,Bench,17.9,21.88,11,2025
Kyle Monangai,Kupp my balls,RB,CHI,Bench,8.9,10.7,11,2025
Kyler Murray,Kupp my balls,QB,ARI,Bench,0,0,11,2025
Falcons,Kupp my balls,D/ST,ATL,D/ST,5.9,-1,11,2025
Ashton Jeanty,Kupp my balls,RB,LV,FLEX,18.8,9.4,11,2025
Chris Boswell,Kupp my balls,K,PIT,K,9.3,9.5,11,2025
Baker Mayfield,Kupp my balls,QB,TB,QB,17.4,16.82,11,2025
Josh Jacobs,Kupp my balls,RB,GB,RB,21.9,4,11,2025
TreVeyon Henderson,Kupp my balls,RB,NE,RB,14,32.3,11,2025
George Kittle,Kupp my balls,TE,SF,TE,13.9,24.7,11,2025
Davante Adams,Kupp my balls,WR,LAR,WR,15.7,7.1,11,2025
Rashee Rice,Kupp my balls,WR,KC,WR,16.4,9.8,11,2025
C.J. Stroud,Nix my Balls,QB,HOU,Bench,0,0,11,2025
Calvin Austin III,Nix my Balls,WR,PIT,Bench,11.5,1.5,11,2025
Joe Mixon,Nix my Balls,RB,HOU,Bench,0,0,11,2025
Jonathan Taylor,Nix my Balls,RB,IND,Bench,0,0,11,2025
Kendrick Bourne,Nix my Balls,WR,SF,Bench,3.1,0,11,2025
Terry McLaurin,Nix my Balls,WR,WSH,Bench,0,0,11,2025
Tyler Warren,Nix my Balls,TE,IND,Bench,0,0,11,2025
Rams,Nix my Balls,D/ST,LAR,D/ST,5.4,5,11,2025
Zay Flowers,Nix my Balls,WR,BAL,FLEX,13.1,11.3,11,2025
Wil Lutz,Nix my Balls,K,DEN,K,8,19,11,2025
Bo Nix,Nix my Balls,QB,DEN,QB,17.5,12.6,11,2025
Jahmyr Gibbs,Nix my Balls,RB,DET,RB,17.4,19.6,11,2025
Rhamondre Stevenson,Nix my Balls,RB,NE,RB,0,0,11,2025
Harold Fannin Jr.,Nix my Balls,TE,CLE,TE,9,4.6,11,2025
Garrett Wilson,Nix my Balls,WR,NYJ,WR,0,0,11,2025
Khalil Shakir,Nix my Balls,WR,BUF,WR,12.9,0.7,11,2025
Caleb Williams,Njigbas in Paris,QB,CHI,Bench,19.5,10.32,11,2025
Kyle Williams,Njigbas in Paris,WR,NE,Bench,6.7,0,11,2025
Mack Hollins,Njigbas in Paris,WR,NE,Bench,10.3,10.4,11,2025
Marvin Mims Jr.,Njigbas in Paris,WR,DEN,Bench,7.1,0.2,11,2025
Michael Pittman Jr.,Njigbas in Paris,WR,IND,Bench,0,0,11,2025
Patriots,Njigbas in Paris,D/ST,NE,Bench,7.3,7,11,2025
Texans,Njigbas in Paris,D/ST,HOU,D/ST,7.7,10,11,2025
Hunter Henry,Njigbas in Paris,TE,NE,FLEX,10,8.5,11,2025
Cameron Dicker,Njigbas in Paris,K,LAC,K,9.1,8.7,11,2025
Lamar Jackson,Njigbas in Paris,QB,BAL,QB,19.7,4.72,11,2025
Christian McCaffrey,Njigbas in Paris,RB,SF,RB,26.3,35.1,11,2025
Kimani Vidal,Njigbas in Paris,RB,LAC,RB,12.8,3.2,11,2025
Sam LaPorta,Njigbas in Paris,TE,DET,TE,0,0,11,2025
Jaxon Smith-Njigba,Njigbas in Paris,WR,SEA,WR,23,20.6,11,2025
Stefon Diggs,Njigbas in Paris,WR,NE,WR,13.9,19.5,11,2025
Alvin Kamara,S(hamas),RB,NO,Bench,0,0,11,2025
Juwan Johnson,S(hamas),TE,NO,Bench,0,0,11,2025
Kayshon Boutte,S(hamas),WR,NE,Bench,0,0,11,2025
Rashid Shaheed,S(hamas),WR,SEA,Bench,9.6,4.9,11,2025
Sterling Shepard,S(hamas),WR,TB,Bench,7.5,10.1,11,2025
Tyjae Spears,S(hamas),RB,TEN,Bench,9,8.4,11,2025
Tyler Loop,S(hamas),K,BAL,Bench,8.2,11.3,11,2025
Chargers,S(hamas),D/ST,LAC,D/ST,7.2,-1,11,2025
Jameson Williams,S(hamas),WR,DET,FLEX,12.6,19.7,11,2025
Jake Elliott,S(hamas),K,PHI,K,8.8,12,11,2025
Josh Allen,S(hamas),QB,BUF,QB,20.7,42.68,11,2025
Kareem Hunt,S(hamas),RB,KC,RB,10.9,13.2,11,2025
Kenneth Walker III,S(hamas),RB,SEA,RB,10.7,20.1,11,2025
Kyle Pitts Sr.,S(hamas),TE,ATL,TE,10.3,3.4,11,2025
A.J. Brown,S(hamas),WR,PHI,WR,15.7,11.9,11,2025
Jauan Jennings,S(hamas),WR,SF,WR,14.2,9.4,11,2025
Bam Knight,Saquon Bustley,RB,ARI,Bench,11.2,14.5,11,2025
Bhayshul Tuten,Saquon Bustley,RB,JAX,Bench,4.8,13.4,11,2025
Brian Thomas Jr.,Saquon Bustley,WR,JAX,Bench,0,0,11,2025
Chris Olave,Saquon Bustley,WR,NO,Bench,0,0,11,2025
Devin Singletary,Saquon Bustley,RB,NYG,Bench,9.6,17.7,11,2025
Jayden Daniels,Saquon Bustley,QB,WSH,Bench,0,0,11,2025
Jayden Reed,Saquon Bustley,WR,GB,Bench,0,0,11,2025
Seahawks,Saquon Bustley,D/ST,SEA,D/ST,3.8,4,11,2025
Ladd McConkey,Saquon Bustley,WR,LAC,FLEX,15.3,4.3,11,2025
Omarion Hampton,Saquon Bustley,RB,LAC,IR,0,0,11,2025
Jason Myers,Saquon Bustley,K,SEA,K,8.4,13.8,11,2025
Drake Maye,Saquon Bustley,QB,NE,QB,22.4,15.44,11,2025
Saquon Barkley,Saquon Bustley,RB,PHI,RB,15.5,10,11,2025
Woody Marks,Saquon Bustley,RB,HOU,RB,13.9,6.1,11,2025
Trey McBride,Saquon Bustley,TE,ARI,TE,18.9,27.5,11,2025
Jordan Addison,Saquon Bustley,WR,MIN,WR,12.8,10,11,2025
Tez Johnson,Saquon Bustley,WR,TB,WR,9.2,1.6,11,2025
Chase McLaughlin,Team Chieffo,K,TB,Bench,8.5,6.7,11,2025
Jerry Jeudy,Team Chieffo,WR,CLE,Bench,10.5,5.1,11,2025
Joe Burrow,Team Chieffo,QB,CIN,Bench,0,0,11,2025
Jonnu Smith,Team Chieffo,TE,PIT,Bench,8.3,0,11,2025
Tee Higgins,Team Chieffo,WR,CIN,Bench,13.6,15.3,11,2025
Tony Pollard,Team Chieffo,RB,TEN,Bench,9.3,5.6,11,2025
Wan'Dale Robinson,Team Chieffo,WR,NYG,Bench,14.9,7.6,11,2025
Packers,Team Chieffo,D/ST,GB,D/ST,8.1,6,11,2025
Rachaad White,Team Chieffo,RB,TB,FLEX,14.2,8.2,11,2025
Cairo Santos,Team Chieffo,K,CHI,K,8.6,17.3,11,2025
Daniel Jones,Team Chieffo,QB,IND,QB,0,0,11,2025
Breece Hall,Team Chieffo,RB,NYJ,RB,13.8,8.4,11,2025
Derrick Henry,Team Chieffo,RB,BAL,RB,14.6,20.2,11,2025
Dallas Goedert,Team Chieffo,TE,PHI,TE,11.1,4.4,11,2025
Amon-Ra St. Brown,Team Chieffo,WR,DET,WR,20.2,6.2,11,2025
Emeka Egbuka,Team Chieffo,WR,TB,WR,16.6,9,11,2025
Blake Corum,lets get this money,RB,LAR,Bench,5.8,1.5,11,2025
Chuba Hubbard,lets get this money,RB,CAR,Bench,5.2,3.8,11,2025
Emari Demercado,lets get this money,RB,ARI,Bench,9.8,4,11,2025
Matthew Golden,lets get this money,WR,GB,Bench,7.6,3.4,11,2025
Ollie Gordon II,lets get this money,RB,MIA,Bench,1.8,10.5,11,2025
Xavier Worthy,lets get this money,WR,KC,Bench,11.4,5.5,11,2025
Zach Charbonnet,lets get this money,RB,SEA,Bench,8.5,6.7,11,2025
Chiefs,lets get this money,D/ST,KC,D/ST,5.2,2,11,2025
RJ Harvey,lets get this money,RB,DEN,FLEX,12.8,8,11,2025
Trey Benson,lets get this money,RB,ARI,IR,0,0,11,2025
Harrison Mevis,lets get this money,K,LAR,K,8.8,3,11,2025
Jalen Hurts,lets get this money,QB,PHI,QB,21.6,14.5,11,2025
Aaron Jones Sr.,lets get this money,RB,MIN,RB,14.1,11.1,11,2025
De'Von Achane,lets get this money,RB,MIA,RB,27.9,21.5,11,2025
Travis Kelce,lets get this money,TE,KC,TE,10,24.1,11,2025
Drake London,lets get this money,WR,ATL,WR,18.8,18.9,11,2025
Troy Franklin,lets get this money,WR,DEN,WR,12.8,12.4,11,2025
Cooper Kupp,willimantic crack addicts,WR,SEA,Bench,8,5.3,11,2025
J.J. McCarthy,willimantic crack addicts,QB,MIN,Bench,18.4,6,11,2025
Kenneth Gainwell,willimantic crack addicts,RB,PIT,Bench,9.6,29.5,11,2025
Luke Musgrave,willimantic crack addicts,TE,GB,Bench,6.6,0.9,11,2025
Nick Chubb,willimantic crack addicts,RB,HOU,Bench,8.7,1.7,11,2025
Rashod Bateman,willimantic crack addicts,WR,BAL,Bench,0,0,11,2025
Tucker Kraft,willimantic crack addicts,TE,GB,Bench,0,0,11,2025
Ravens,willimantic crack addicts,D/ST,BAL,D/ST,6.3,11,11,2025
CeeDee Lamb,willimantic crack addicts,WR,DAL,FLEX,19.4,17.6,11,2025
Jake Bates,willimantic crack addicts,K,DET,K,8.8,5.4,11,2025
Patrick Mahomes,willimantic crack addicts,QB,KC,QB,18,13.34,11,2025
Bijan Robinson,willimantic crack addicts,RB,ATL,RB,20.6,30.3,11,2025
David Montgomery,willimantic crack addicts,RB,DET,RB,10.3,4.7,11,2025
Evan Engram,willimantic crack addicts,TE,DEN,TE,8.3,7.3,11,2025
Deebo Samuel,willimantic crack addicts,WR,WSH,WR,13.9,20.7,11,2025
Quentin Johnston,willimantic crack addicts,WR,LAC,WR,12.5,0,11,2025
Colts,Beef One My Balls,D/ST,IND,Bench,4,3,12,2025
Courtland Sutton,Beef One My Balls,WR,DEN,Bench,0,0,12,2025
Dak Prescott,Beef One My Balls,QB,DAL,Bench,17.7,27.06,12,2025
Jayden Higgins,Beef One My Balls,WR,HOU,Bench,9,13.8,12,2025
Jordan Mason,Beef One My Balls,RB,MIN,Bench,4.9,4.2,12,2025
Josh Downs,Beef One My Balls,WR,IND,Bench,10.7,3,12,2025
T.J. Hockenson,Beef One My Balls,TE,MIN,Bench,8.2,5.9,12,2025
Cowboys,Beef One My Balls,D/ST,DAL,D/ST,4.2,5,12,2025
Javonte Williams,Beef One My Balls,RB,DAL,FLEX,14.2,12.1,12,2025
Matt Prater,Beef One My Balls,K,BUF,K,8.4,9.2,12,2025
Matthew Stafford,Beef One My Balls,QB,LAR,QB,19.6,22.92,12,2025
Jaylen Warren,Beef One My Balls,RB,PIT,RB,14.4,12.8,12,2025
Kyren Williams,Beef One My Balls,RB,LAR,RB,15,5.8,12,2025
Jake Ferguson,Beef One My Balls,TE,DAL,TE,9.8,11.1,12,2025
Puka Nacua,Beef One My Balls,WR,LAR,WR,20.7,16.7,12,2025
Rome Odunze,Beef One My Balls,WR,CHI,WR,13.4,8.3,12,2025
Broncos,Bower Rangers,D/ST,DEN,Bench,0,0,12,2025
Bucky Irving,Bower Rangers,RB,TB,Bench,0,0,12,2025
Jacory Croskey-Merritt,Bower Rangers,RB,WSH,Bench,0,0,12,2025
Jaylen Waddle,Bower Rangers,WR,MIA,Bench,0,0,12,2025
Joe Flacco,Bower Rangers,QB,CIN,Bench,15.4,9.62,12,2025
Marvin Harrison Jr.,Bower Rangers,WR,ARI,Bench,0,0,12,2025
Oronde Gadsden,Bower Rangers,TE,LAC,Bench,0,0,12,2025
Raiders,Bower Rangers,D/ST,LV,D/ST,7.1,7,12,2025
Brock Bowers,Bower Rangers,TE,LV,FLEX,15.1,11.5,12,2025
Brandon Aubrey,Bower Rangers,K,DAL,K,9.1,6.2,12,2025
Jared Goff,Bower Rangers,QB,DET,QB,17.8,17.16,12,2025
Sean Tucker,Bower Rangers,RB,TB,RB,10.5,5.6,12,2025
Travis Etienne Jr.,Bower Rangers,RB,JAX,RB,13.6,20.6,12,2025
Dalton Schultz,Bower Rangers,TE,HOU,TE,10.2,1.8,12,2025
DJ Moore,Bower Rangers,WR,CHI,WR,8.5,23.4,12,2025
Darius Slayton,Bower Rangers,WR,NYG,WR,10,3.3,12,2025
Dalton Kincaid,Cook my Balls,TE,BUF,Bench,0,0,12,2025
David Njoku,Cook my Balls,TE,CLE,Bench,6.7,0,12,2025
DeMario Douglas,Cook my Balls,WR,NE,Bench,6.7,6.1,12,2025
Hollywood Brown,Cook my Balls,WR,KC,Bench,5.1,2,12,2025
Jakobi Meyers,Cook my Balls,WR,JAX,Bench,10.4,15,12,2025
Justin Herbert,Cook my Balls,QB,LAC,Bench,0,0,12,2025
Romeo Doubs,Cook my Balls,WR,GB,Bench,12.4,4.3,12,2025
Lions,Cook my Balls,D/ST,DET,D/ST,7.7,-3,12,2025
Quinshon Judkins,Cook my Balls,RB,CLE,FLEX,13.9,16.7,12,2025
Brandon Aiyuk,Cook my Balls,WR,SF,IR,0,0,12,2025
Harrison Mevis,Cook my Balls,K,LAR,K,9,13.2,12,2025
Brock Purdy,Cook my Balls,QB,SF,QB,20.4,7.32,12,2025
James Cook III,Cook my Balls,RB,BUF,RB,15.8,21.9,12,2025
Rico Dowdle,Cook my Balls,RB,CAR,RB,18.7,11.4,12,2025
Theo Johnson,Cook my Balls,TE,NYG,TE,9.7,10.7,12,2025
Justin Jefferson,Cook my Balls,WR,MIN,WR,17.5,8.8,12,2025
Tetairoa McMillan,Cook my Balls,WR,CAR,WR,16.3,11.5,12,2025
Isiah Pacheco,High Speed Chase,RB,KC,Bench,0,0,12,2025
Ja'Marr Chase,High Speed Chase,WR,CIN,Bench,0,0,12,2025
Ka'imi Fairbairn,High Speed Chase,K,HOU,Bench,8.3,11.3,12,2025
Keenan Allen,High Speed Chase,WR,LAC,Bench,0,0,12,2025
Sam Darnold,High Speed Chase,QB,SEA,Bench,15.2,17.66,12,2025
Tyrone Tracy Jr.,High Speed Chase,RB,NYG,Bench,12.9,16,12,2025
Zach Ertz,High Speed Chase,TE,WSH,Bench,0,0,12,2025
Jaguars,High Speed Chase,D/ST,JAX,D/ST,6.3,6,12,2025
Alec Pierce,High Speed Chase,WR,IND,FLEX,11.4,3.6,12,2025
Andy Borregales,High Speed Chase,K,NE,K,9.3,17.7,12,2025
Jordan Love,High Speed Chase,QB,GB,QB,17.4,7.06,12,2025
Chase Brown,High Speed Chase,RB,CIN,RB,15.5,15,12,2025
D'Andre Swift,High Speed Chase,RB,CHI,RB,14.8,1.9,12,2025
Mark Andrews,High Speed Chase,TE,BAL,TE,10,2.1,12,2025
George Pickens,High Speed Chase,WR,DAL,WR,16.6,29.6,12,2025
Nico Collins,High Speed Chase,WR,HOU,WR,16.4,8.5,12,2025
Cade Otton,Kupp my balls,TE,TB,Bench,9.5,6.1,12,2025
Chris Godwin Jr.,Kupp my balls,WR,TB,Bench,7.5,2.9,12,2025
DK Metcalf,Kupp my balls,WR,PIT,Bench,13.7,14.4,12,2025
Jaxson Dart,Kupp my balls,QB,NYG,Bench,0,0,12,2025
Josh Jacobs,Kupp my balls,RB,GB,Bench,0,0,12,2025
Kyle Monangai,Kupp my balls,RB,CHI,Bench,7.9,10.8,12,2025
Kyler Murray,Kupp my balls,QB,ARI,Bench,0,0,12,2025
Falcons,Kupp my balls,D/ST,ATL,D/ST,5.1,15,12,2025
DeVonta Smith,Kupp my balls,WR,PHI,FLEX,14.8,14.9,12,2025
Chris Boswell,Kupp my balls,K,PIT,K,8.7,4,12,2025
Baker Mayfield,Kupp my balls,QB,TB,QB,14.6,3.54,12,2025
Ashton Jeanty,Kupp my balls,RB,LV,RB,15.3,24.8,12,2025
TreVeyon Henderson,Kupp my balls,RB,NE,RB,14.5,11.1,12,2025
George Kittle,Kupp my balls,TE,SF,TE,15.2,13.8,12,2025
Davante Adams,Kupp my balls,WR,LAR,WR,16.8,23.2,12,2025
Rashee Rice,Kupp my balls,WR,KC,WR,17.7,24.1,12,2025
Bo Nix,Nix my Balls,QB,DEN,Bench,0,0,12,2025
C.J. Stroud,Nix my Balls,QB,HOU,Bench,0,0,12,2025
Garrett Wilson,Nix my Balls,WR,NYJ,Bench,0,0,12,2025
Harold Fannin Jr.,Nix my Balls,TE,CLE,Bench,9.1,8.4,12,2025
Terry McLaurin,Nix my Balls,WR,WSH,Bench,0,0,12,2025
Wil Lutz,Nix my Balls,K,DEN,Bench,0,0,12,2025
Zay Flowers,Nix my Balls,WR,BAL,Bench,13.2,11.9,12,2025
Rams,Nix my Balls,D/ST,LAR,D/ST,5.7,20,12,2025
Rhamondre Stevenson,Nix my Balls,RB,NE,FLEX,14.1,2,12,2025
Brandon McManus,Nix my Balls,K,GB,K,8.4,12.2,12,2025
Jacoby Brissett,Nix my Balls,QB,ARI,QB,16.7,18.68,12,2025
Jahmyr Gibbs,Nix my Balls,RB,DET,RB,21,55.4,12,2025
Jonathan Taylor,Nix my Balls,RB,IND,RB,20.5,8.6,12,2025
Tyler Warren,Nix my Balls,TE,IND,TE,14.8,9.5,12,2025
Khalil Shakir,Nix my Balls,WR,BUF,WR,11.5,17,12,2025
Michael Wilson,Nix my Balls,WR,ARI,WR,13,21.8,12,2025
Brock Wright,Njigbas in Paris,TE,DET,Bench,8.7,5.9,12,2025
Caleb Williams,Njigbas in Paris,QB,CHI,Bench,17.7,21.66,12,2025
Cameron Dicker,Njigbas in Paris,K,LAC,Bench,0,0,12,2025
Kimani Vidal,Njigbas in Paris,RB,LAC,Bench,0,0,12,2025
Mack Hollins,Njigbas in Paris,WR,NE,Bench,6.8,5,12,2025
Marvin Mims Jr.,Njigbas in Paris,WR,DEN,Bench,0,0,12,2025
Texans,Njigbas in Paris,D/ST,HOU,Bench,5.3,14,12,2025
Patriots,Njigbas in Paris,D/ST,NE,D/ST,5.9,10,12,2025
Michael Pittman Jr.,Njigbas in Paris,WR,IND,FLEX,15.6,13.7,12,2025
Michael Badgley,Njigbas in Paris,K,IND,K,8.6,7.5,12,2025
Lamar Jackson,Njigbas in Paris,QB,BAL,QB,21.2,7.22,12,2025
Christian McCaffrey,Njigbas in Paris,RB,SF,RB,26.1,27.2,12,2025
Tyler Allgeier,Njigbas in Paris,RB,ATL,RB,6.8,5.9,12,2025
Hunter Henry,Njigbas in Paris,TE,NE,TE,11.5,24.5,12,2025
Jaxon Smith-Njigba,Njigbas in Paris,WR,SEA,WR,21.3,37.1,12,2025
Stefon Diggs,Njigbas in Paris,WR,NE,WR,16.5,4,12,2025
Jake Elliott,S(hamas),K,PHI,Bench,8.7,2,12,2025
Juwan Johnson,S(hamas),TE,NO,Bench,9.3,10.6,12,2025
Kareem Hunt,S(hamas),RB,KC,Bench,13.5,20,12,2025
Kayshon Boutte,S(hamas),WR,NE,Bench,9.7,3.5,12,2025
Rashid Shaheed,S(hamas),WR,SEA,Bench,7.8,0.5,12,2025
Sterling Shepard,S(hamas),WR,TB,Bench,4.3,4.2,12,2025
Tyjae Spears,S(hamas),RB,TEN,Bench,9.6,6.5,12,2025
Browns,S(hamas),D/ST,CLE,D/ST,7.7,17,12,2025
Jameson Williams,S(hamas),WR,DET,FLEX,12.9,0,12,2025
Tyler Loop,S(hamas),K,BAL,K,9,11.3,12,2025
Josh Allen,S(hamas),QB,BUF,QB,19.1,8.12,12,2025
Alvin Kamara,S(hamas),RB,NO,RB,13.7,3.5,12,2025
Kenneth Walker III,S(hamas),RB,SEA,RB,13.8,13.1,12,2025
Kyle Pitts Sr.,S(hamas),TE,ATL,TE,10.9,4.5,12,2025
A.J. Brown,S(hamas),WR,PHI,WR,16.3,25,12,2025
Jauan Jennings,S(hamas),WR,SF,WR,14,15.1,12,2025
Bam Knight,Saquon Bustley,RB,ARI,Bench,11.4,13.2,12,2025
Bhayshul Tuten,Saquon Bustley,RB,JAX,Bench,7.4,1.7,12,2025
Devin Singletary,Saquon Bustley,RB,NYG,Bench,9.9,4.7,12,2025
Jayden Daniels,Saquon Bustley,QB,WSH,Bench,0,0,12,2025
Jayden Reed,Saquon Bustley,WR,GB,Bench,0,0,12,2025
Ladd McConkey,Saquon Bustley,WR,LAC,Bench,0,0,12,2025
Tez Johnson,Saquon Bustley,WR,TB,Bench,5,12.3,12,2025
Seahawks,Saquon Bustley,D/ST,SEA,D/ST,7.1,6,12,2025
Brian Thomas Jr.,Saquon Bustley,WR,JAX,FLEX,0,0,12,2025
Omarion Hampton,Saquon Bustley,RB,LAC,IR,0,0,12,2025
Jason Myers,Saquon Bustley,K,SEA,K,8.8,14.3,12,2025
Drake Maye,Saquon Bustley,QB,NE,QB,25,15.96,12,2025
Saquon Barkley,Saquon Bustley,RB,PHI,RB,16.8,12.4,12,2025
Woody Marks,Saquon Bustley,RB,HOU,RB,13.6,7.9,12,2025
Trey McBride,Saquon Bustley,TE,ARI,TE,17.9,16.9,12,2025
Chris Olave,Saquon Bustley,WR,NO,WR,17,16,12,2025
Jordan Addison,Saquon Bustley,WR,MIN,WR,11.9,0,12,2025
Chase McLaughlin,Team Chieffo,K,TB,Bench,8.1,1,12,2025
Jerry Jeudy,Team Chieffo,WR,CLE,Bench,9.9,2.9,12,2025
Joe Burrow,Team Chieffo,QB,CIN,Bench,0,0,12,2025
Jonnu Smith,Team Chieffo,TE,PIT,Bench,7.6,5.8,12,2025
Tee Higgins,Team Chieffo,WR,CIN,Bench,15.7,8.1,12,2025
Tony Pollard,Team Chieffo,RB,TEN,Bench,10,8.1,12,2025
Wan'Dale Robinson,Team Chieffo,WR,NYG,Bench,14.1,30.6,12,2025
Packers,Team Chieffo,D/ST,GB,D/ST,7.5,18,12,2025
Rachaad White,Team Chieffo,RB,TB,FLEX,10.9,5.2,12,2025
Cairo Santos,Team Chieffo,K,CHI,K,8.5,8.7,12,2025
Daniel Jones,Team Chieffo,QB,IND,QB,19.9,16.84,12,2025
Breece Hall,Team Chieffo,RB,NYJ,RB,14.2,13.9,12,2025
Derrick Henry,Team Chieffo,RB,BAL,RB,17.1,22.8,12,2025
Dallas Goedert,Team Chieffo,TE,PHI,TE,11.3,4,12,2025
Amon-Ra St. Brown,Team Chieffo,WR,DET,WR,20.2,29.9,12,2025
Emeka Egbuka,Team Chieffo,WR,TB,WR,16.8,6.2,12,2025
Blake Corum,lets get this money,RB,LAR,Bench,7.9,2.4,12,2025
De'Von Achane,lets get this money,RB,MIA,Bench,0,0,12,2025
Ollie Gordon II,lets get this money,RB,MIA,Bench,0,0,12,2025
RJ Harvey,lets get this money,RB,DEN,Bench,0,0,12,2025
Ricky Pearsall,lets get this money,WR,SF,Bench,10.3,2.8,12,2025
Trey Benson,lets get this money,RB,ARI,Bench,0,0,12,2025
Troy Franklin,lets get this money,WR,DEN,Bench,0,0,12,2025
49ers,lets get this money,D/ST,SF,D/ST,5,10,12,2025
Emanuel Wilson,lets get this money,RB,GB,FLEX,14.5,26.5,12,2025
Drake London,lets get this money,WR,ATL,IR,0,0,12,2025
Harrison Butker,lets get this money,K,KC,K,8.9,15,12,2025
Jalen Hurts,lets get this money,QB,PHI,QB,22.4,30.86,12,2025
Aaron Jones Sr.,lets get this money,RB,MIN,RB,13.5,8.7,12,2025
Zach Charbonnet,lets get this money,RB,SEA,RB,9.8,9.5,12,2025
Travis Kelce,lets get this money,TE,KC,TE,11.8,8.4,12,2025
Christian Watson,lets get this money,WR,GB,WR,11.7,9.9,12,2025
Xavier Worthy,lets get this money,WR,KC,WR,11.3,9.9,12,2025
Cooper Kupp,willimantic crack addicts,WR,SEA,Bench,8.7,4.4,12,2025
J.J. McCarthy,willimantic crack addicts,QB,MIN,Bench,14.2,0.48,12,2025
Kenneth Gainwell,willimantic crack addicts,RB,PIT,Bench,10.5,18.2,12,2025
Luke Musgrave,willimantic crack addicts,TE,GB,Bench,4,1.7,12,2025
Nick Chubb,willimantic crack addicts,RB,HOU,Bench,6.4,2.5,12,2025
Rashod Bateman,willimantic crack addicts,WR,BAL,Bench,0,0,12,2025
Tucker Kraft,willimantic crack addicts,TE,GB,Bench,0,0,12,2025
Ravens,willimantic crack addicts,D/ST,BAL,D/ST,6.6,12,12,2025
CeeDee Lamb,willimantic crack addicts,WR,DAL,FLEX,18.2,11.5,12,2025
Jake Bates,willimantic crack addicts,K,DET,K,9.3,13.6,12,2025
Patrick Mahomes,willimantic crack addicts,QB,KC,QB,21.1,17.08,12,2025
Bijan Robinson,willimantic crack addicts,RB,ATL,RB,21.7,14.7,12,2025
David Montgomery,willimantic crack addicts,RB,DET,RB,13,6.7,12,2025
Evan Engram,willimantic crack addicts,TE,DEN,TE,0,0,12,2025
Deebo Samuel,willimantic crack addicts,WR,WSH,WR,0,0,12,2025
Quentin Johnston,willimantic crack addicts,WR,LAC,WR,0,0,12,2025
Colts,Beef One My Balls,D/ST,IND,Bench,5.8,3,13,2025
Courtland Sutton,Beef One My Balls,WR,DEN,Bench,13.7,17.2,13,2025
Dak Prescott,Beef One My Balls,QB,DAL,Bench,19.4,20.6,13,2025
Jayden Higgins,Beef One My Balls,WR,HOU,Bench,10.6,11.5,13,2025
Jordan Mason,Beef One My Balls,RB,MIN,Bench,5.7,5.8,13,2025
Josh Downs,Beef One My Balls,WR,IND,Bench,8.9,6.4,13,2025
T.J. Hockenson,Beef One My Balls,TE,MIN,Bench,6.6,11.9,13,2025
Cowboys,Beef One My Balls,D/ST,DAL,D/ST,3.2,1,13,2025
Javonte Williams,Beef One My Balls,RB,DAL,FLEX,15.1,17,13,2025
Matt Prater,Beef One My Balls,K,BUF,K,8.7,8.4,13,2025
Matthew Stafford,Beef One My Balls,QB,LAR,QB,18.9,11.62,13,2025
Jaylen Warren,Beef One My Balls,RB,PIT,RB,13.8,12.4,13,2025
Kyren Williams,Beef One My Balls,RB,LAR,RB,14,13.2,13,2025
Jake Ferguson,Beef One My Balls,TE,DAL,TE,11,8.6,13,2025
Puka Nacua,Beef One My Balls,WR,LAR,WR,20.2,13.2,13,2025
Rome Odunze,Beef One My Balls,WR,CHI,WR,13.5,2.8,13,2025
Broncos,Bower Rangers,D/ST,DEN,Bench,7.2,1,13,2025
DJ Moore,Bower Rangers,WR,CHI,Bench,9.6,4.7,13,2025
Dalton Schultz,Bower Rangers,TE,HOU,Bench,8.9,12.5,13,2025
Darius Slayton,Bower Rangers,WR,NYG,Bench,8.2,14.1,13,2025
Jacory Croskey-Merritt,Bower Rangers,RB,WSH,Bench,5.5,2,13,2025
Joe Flacco,Bower Rangers,QB,CIN,Bench,0,0,13,2025
Sean Tucker,Bower Rangers,RB,TB,Bench,6.8,0,13,2025
Raiders,Bower Rangers,D/ST,LV,D/ST,5.7,4,13,2025
Oronde Gadsden,Bower Rangers,TE,LAC,FLEX,10.6,3.7,13,2025
Brandon Aubrey,Bower Rangers,K,DAL,K,9.1,13.1,13,2025
Jared Goff,Bower Rangers,QB,DET,QB,16,20.64,13,2025
Bucky Irving,Bower Rangers,RB,TB,RB,11.8,16.1,13,2025
Travis Etienne Jr.,Bower Rangers,RB,JAX,RB,15.1,5.1,13,2025
Brock Bowers,Bower Rangers,TE,LV,TE,14.6,22.3,13,2025
Jaylen Waddle,Bower Rangers,WR,MIA,WR,14.2,7,13,2025
Marvin Harrison Jr.,Bower Rangers,WR,ARI,WR,13.7,12.9,13,2025
Brock Purdy,Cook my Balls,QB,SF,Bench,14.7,17.12,13,2025
Dalton Kincaid,Cook my Balls,TE,BUF,Bench,0,0,13,2025
David Njoku,Cook my Balls,TE,CLE,Bench,5.2,2.4,13,2025
DeMario Douglas,Cook my Balls,WR,NE,Bench,5.8,6.3,13,2025
Hollywood Brown,Cook my Balls,WR,KC,Bench,4.5,10,13,2025
Jakobi Meyers,Cook my Balls,WR,JAX,Bench,10.2,21.3,13,2025
Romeo Doubs,Cook my Balls,WR,GB,Bench,11,12,13,2025
Chargers,Cook my Balls,D/ST,LAC,D/ST,9.1,11,13,2025
Quinshon Judkins,Cook my Balls,RB,CLE,FLEX,13.1,15.9,13,2025
Brandon Aiyuk,Cook my Balls,WR,SF,IR,0,0,13,2025
Harrison Mevis,Cook my Balls,K,LAR,K,8.9,4,13,2025
Justin Herbert,Cook my Balls,QB,LAC,QB,18.2,12.84,13,2025
James Cook III,Cook my Balls,RB,BUF,RB,17.9,18.7,13,2025
Rico Dowdle,Cook my Balls,RB,CAR,RB,15.2,9.9,13,2025
Theo Johnson,Cook my Balls,TE,NYG,TE,8.8,5.9,13,2025
Justin Jefferson,Cook my Balls,WR,MIN,WR,14,2.4,13,2025
Tetairoa McMillan,Cook my Balls,WR,CAR,WR,13.2,11.3,13,2025
Alec Pierce,High Speed Chase,WR,IND,Bench,9.8,17.8,13,2025
Isiah Pacheco,High Speed Chase,RB,KC,Bench,9.7,5.3,13,2025
Jordan Love,High Speed Chase,QB,GB,Bench,15.7,25.76,13,2025
Ka'imi Fairbairn,High Speed Chase,K,HOU,Bench,8.1,8.6,13,2025
Tre Tucker,High Speed Chase,WR,LV,Bench,10.5,5,13,2025
Tyrone Tracy Jr.,High Speed Chase,RB,NYG,Bench,12.5,4.3,13,2025
Zach Ertz,High Speed Chase,TE,WSH,Bench,8.7,20.6,13,2025
Browns,High Speed Chase,D/ST,CLE,D/ST,5.4,3,13,2025
Amon-Ra St. Brown,High Speed Chase,WR,DET,FLEX,20.7,0,13,2025
Cam Little,High Speed Chase,K,JAX,K,8.5,6.5,13,2025
Joe Burrow,High Speed Chase,QB,CIN,QB,17.9,19.24,13,2025
Chase Brown,High Speed Chase,RB,CIN,RB,15.7,18.3,13,2025
D'Andre Swift,High Speed Chase,RB,CHI,RB,11.4,20.8,13,2025
Dallas Goedert,High Speed Chase,TE,PHI,TE,10.8,4.7,13,2025
George Pickens,High Speed Chase,WR,DAL,WR,19,16.8,13,2025
Ja'Marr Chase,High Speed Chase,WR,CIN,WR,21.5,18,13,2025
Ashton Jeanty,Kupp my balls,RB,LV,Bench,15.5,12.1,13,2025
Baker Mayfield,Kupp my balls,QB,TB,Bench,15.5,14.46,13,2025
Cade Otton,Kupp my balls,TE,TB,Bench,8.1,2.9,13,2025
Chris Godwin Jr.,Kupp my balls,WR,TB,Bench,8.2,10.8,13,2025
Jaxson Dart,Kupp my balls,QB,NYG,Bench,18.8,13.56,13,2025
Falcons,Kupp my balls,D/ST,ATL,D/ST,6.7,4,13,2025
DeVonta Smith,Kupp my balls,WR,PHI,FLEX,15.4,9.8,13,2025
Chris Boswell,Kupp my balls,K,PIT,K,8.8,1,13,2025
Lamar Jackson,Kupp my balls,QB,BAL,QB,21.3,6.54,13,2025
Josh Jacobs,Kupp my balls,RB,GB,RB,19.3,10.1,13,2025
TreVeyon Henderson,Kupp my balls,RB,NE,RB,16.7,11.6,13,2025
George Kittle,Kupp my balls,TE,SF,TE,12.9,10.7,13,2025
Davante Adams,Kupp my balls,WR,LAR,WR,16.5,21.8,13,2025
Rashee Rice,Kupp my balls,WR,KC,WR,18.1,29.4,13,2025
C.J. Stroud,Nix my Balls,QB,HOU,Bench,17.2,9.04,13,2025
Garrett Wilson,Nix my Balls,WR,NYJ,Bench,0,0,13,2025
Harold Fannin Jr.,Nix my Balls,TE,CLE,Bench,9.4,11.3,13,2025
Jacoby Brissett,Nix my Balls,QB,ARI,Bench,17.2,19.64,13,2025
Michael Wilson,Nix my Balls,WR,ARI,Bench,11.5,6.6,13,2025
Terry McLaurin,Nix my Balls,WR,WSH,Bench,11,22.6,13,2025
Wil Lutz,Nix my Balls,K,DEN,Bench,8.4,9.6,13,2025
Rams,Nix my Balls,D/ST,LAR,D/ST,7.5,1,13,2025
Rhamondre Stevenson,Nix my Balls,RB,NE,FLEX,11.7,11,13,2025
Brandon McManus,Nix my Balls,K,GB,K,8.2,8.5,13,2025
Bo Nix,Nix my Balls,QB,DEN,QB,20.3,16.44,13,2025
Jahmyr Gibbs,Nix my Balls,RB,DET,RB,21,11.6,13,2025
Jonathan Taylor,Nix my Balls,RB,IND,RB,20.3,15.1,13,2025
Tyler Warren,Nix my Balls,TE,IND,TE,13.3,11.2,13,2025
Khalil Shakir,Nix my Balls,WR,BUF,WR,12.1,1.5,13,2025
Zay Flowers,Nix my Balls,WR,BAL,WR,14.1,0.6,13,2025
Brenton Strange,Njigbas in Paris,TE,JAX,Bench,8.8,13.5,13,2025
DK Metcalf,Njigbas in Paris,WR,PIT,Bench,13.3,6.2,13,2025
Kimani Vidal,Njigbas in Paris,RB,LAC,Bench,12.5,20.7,13,2025
Mack Hollins,Njigbas in Paris,WR,NE,Bench,7.3,5.3,13,2025
Marvin Mims Jr.,Njigbas in Paris,WR,DEN,Bench,6.3,3.7,13,2025
Texans,Njigbas in Paris,D/ST,HOU,Bench,5.2,4,13,2025
Tyler Allgeier,Njigbas in Paris,RB,ATL,Bench,7.9,13.5,13,2025
Patriots,Njigbas in Paris,D/ST,NE,D/ST,5.9,13,13,2025
Michael Pittman Jr.,Njigbas in Paris,WR,IND,FLEX,13.3,2.3,13,2025
Cameron Dicker,Njigbas in Paris,K,LAC,K,8.9,9.6,13,2025
Caleb Williams,Njigbas in Paris,QB,CHI,QB,17.4,9.46,13,2025
Christian McCaffrey,Njigbas in Paris,RB,SF,RB,23.3,17.4,13,2025
Kyle Monangai,Njigbas in Paris,RB,CHI,RB,8.1,19,13,2025
Hunter Henry,Njigbas in Paris,TE,NE,TE,11.2,11.3,13,2025
Jaxon Smith-Njigba,Njigbas in Paris,WR,SEA,WR,21.9,4.3,13,2025
Stefon Diggs,Njigbas in Paris,WR,NE,WR,13.6,5.6,13,2025
Alvin Kamara,S(hamas),RB,NO,Bench,0,0,13,2025
Jake Elliott,S(hamas),K,PHI,Bench,8.7,3.4,13,2025
Juwan Johnson,S(hamas),TE,NO,Bench,8.7,8.9,13,2025
Kayshon Boutte,S(hamas),WR,NE,Bench,8.1,13.5,13,2025
Rashid Shaheed,S(hamas),WR,SEA,Bench,7.9,2.6,13,2025
Sterling Shepard,S(hamas),WR,TB,Bench,5.3,1.5,13,2025
Tyjae Spears,S(hamas),RB,TEN,Bench,9.9,8.4,13,2025
Dolphins,S(hamas),D/ST,MIA,D/ST,6.6,13,13,2025
Jameson Williams,S(hamas),WR,DET,FLEX,11.8,26.9,13,2025
Tyler Loop,S(hamas),K,BAL,K,9.1,2,13,2025
Josh Allen,S(hamas),QB,BUF,QB,20.7,16.72,13,2025
Kareem Hunt,S(hamas),RB,KC,RB,9.3,9,13,2025
Kenneth Walker III,S(hamas),RB,SEA,RB,13.9,10.4,13,2025
Kyle Pitts Sr.,S(hamas),TE,ATL,TE,11.4,15.2,13,2025
A.J. Brown,S(hamas),WR,PHI,WR,16.8,35.2,13,2025
Jauan Jennings,S(hamas),WR,SF,WR,11.1,13.9,13,2025
Bam Knight,Saquon Bustley,RB,ARI,Bench,12.2,16.8,13,2025
Bhayshul Tuten,Saquon Bustley,RB,JAX,Bench,7.1,8.9,13,2025
Devin Singletary,Saquon Bustley,RB,NYG,Bench,6.3,19.2,13,2025
Jayden Daniels,Saquon Bustley,QB,WSH,Bench,0,0,13,2025
Jordan Addison,Saquon Bustley,WR,MIN,Bench,8.5,8.6,13,2025
Omarion Hampton,Saquon Bustley,RB,LAC,Bench,0,0,13,2025
Tez Johnson,Saquon Bustley,WR,TB,Bench,6.4,1.5,13,2025
Seahawks,Saquon Bustley,D/ST,SEA,D/ST,8.5,28,13,2025
Brian Thomas Jr.,Saquon Bustley,WR,JAX,FLEX,11.9,4.8,13,2025
Jayden Reed,Saquon Bustley,WR,GB,IR,0,0,13,2025
Jason Myers,Saquon Bustley,K,SEA,K,8.8,20.3,13,2025
Drake Maye,Saquon Bustley,QB,NE,QB,22.4,20.48,13,2025
Saquon Barkley,Saquon Bustley,RB,PHI,RB,17.7,5.6,13,2025
Woody Marks,Saquon Bustley,RB,HOU,RB,11.8,7.7,13,2025
Trey McBride,Saquon Bustley,TE,ARI,TE,17.3,22.2,13,2025
Chris Olave,Saquon Bustley,WR,NO,WR,15.9,14.7,13,2025
Ladd McConkey,Saquon Bustley,WR,LAC,WR,13.2,13.9,13,2025
Chase McLaughlin,Team Chieffo,K,TB,Bench,8.4,10.2,13,2025
Jerry Jeudy,Team Chieffo,WR,CLE,Bench,9.1,5.6,13,2025
Jonnu Smith,Team Chieffo,TE,PIT,Bench,5.7,1.6,13,2025
Keenan Allen,Team Chieffo,WR,LAC,Bench,12,7,13,2025
Rachaad White,Team Chieffo,RB,TB,Bench,6.3,5.9,13,2025
Sam Darnold,Team Chieffo,QB,SEA,Bench,15.2,3.12,13,2025
Tee Higgins,Team Chieffo,WR,CIN,Bench,0,0,13,2025
Packers,Team Chieffo,D/ST,GB,D/ST,3.8,2,13,2025
Isaiah Hodgins,Team Chieffo,WR,NYG,FLEX,9.8,1.4,13,2025
Cairo Santos,Team Chieffo,K,CHI,K,8.2,6,13,2025
Daniel Jones,Team Chieffo,QB,IND,QB,17.2,16.14,13,2025
Breece Hall,Team Chieffo,RB,NYJ,RB,16.3,15.6,13,2025
Derrick Henry,Team Chieffo,RB,BAL,RB,20.7,17.4,13,2025
Mark Andrews,Team Chieffo,TE,BAL,TE,12,8.7,13,2025
Emeka Egbuka,Team Chieffo,WR,TB,WR,14,8.2,13,2025
Nico Collins,Team Chieffo,WR,HOU,WR,16.4,21.5,13,2025
Aaron Jones Sr.,lets get this money,RB,MIN,Bench,12.5,4.5,13,2025
Devin Neal,lets get this money,RB,NO,Bench,11.1,9.9,13,2025
Luther Burden III,lets get this money,WR,CHI,Bench,8.3,7.6,13,2025
Ollie Gordon II,lets get this money,RB,MIA,Bench,4.6,1,13,2025
Tony Pollard,lets get this money,RB,TEN,Bench,10.3,5.3,13,2025
Trey Benson,lets get this money,RB,ARI,Bench,0,0,13,2025
Troy Franklin,lets get this money,WR,DEN,Bench,13,4.1,13,2025
49ers,lets get this money,D/ST,SF,D/ST,7,12,13,2025
Zach Charbonnet,lets get this money,RB,SEA,FLEX,8.4,11.2,13,2025
Drake London,lets get this money,WR,ATL,IR,0,0,13,2025
Harrison Butker,lets get this money,K,KC,K,9,4,13,2025
Jalen Hurts,lets get this money,QB,PHI,QB,23.4,16.3,13,2025
De'Von Achane,lets get this money,RB,MIA,RB,24.4,19.4,13,2025
RJ Harvey,lets get this money,RB,DEN,RB,14.6,21.2,13,2025
Travis Kelce,lets get this money,TE,KC,TE,11.7,15.5,13,2025
Christian Watson,lets get this money,WR,GB,WR,12.3,18.3,13,2025
Xavier Worthy,lets get this money,WR,KC,WR,10.9,11.4,13,2025
Cooper Kupp,willimantic crack addicts,WR,SEA,Bench,8.4,5.4,13,2025
J.J. McCarthy,willimantic crack addicts,QB,MIN,Bench,0,0,13,2025
Luke Musgrave,willimantic crack addicts,TE,GB,Bench,3.4,3.3,13,2025
Nick Chubb,willimantic crack addicts,RB,HOU,Bench,5.4,9.4,13,2025
Quentin Johnston,willimantic crack addicts,WR,LAC,Bench,10,11.3,13,2025
Rashod Bateman,willimantic crack addicts,WR,BAL,Bench,7.1,0,13,2025
Tucker Kraft,willimantic crack addicts,TE,GB,Bench,0,0,13,2025
Ravens,willimantic crack addicts,D/ST,BAL,D/ST,5.7,1,13,2025
Kenneth Gainwell,willimantic crack addicts,RB,PIT,FLEX,13.1,6.5,13,2025
Jake Bates,willimantic crack addicts,K,DET,K,8.9,6.1,13,2025
Patrick Mahomes,willimantic crack addicts,QB,KC,QB,21.7,29.44,13,2025
Bijan Robinson,willimantic crack addicts,RB,ATL,RB,20.7,30.3,13,2025
David Montgomery,willimantic crack addicts,RB,DET,RB,10.5,12.8,13,2025
Evan Engram,willimantic crack addicts,TE,DEN,TE,8.1,13.9,13,2025
CeeDee Lamb,willimantic crack addicts,WR,DAL,WR,20,24.2,13,2025
Deebo Samuel,willimantic crack addicts,WR,WSH,WR,11.6,11.1,13,2025
Cowboys,Beef One My Balls,D/ST,DAL,Bench,3,-3,14,2025
Jayden Higgins,Beef One My Balls,WR,HOU,Bench,10.1,6.4,14,2025
Jordan Mason,Beef One My Balls,RB,MIN,Bench,8.3,11.2,14,2025
Josh Downs,Beef One My Balls,WR,IND,Bench,9.5,6.3,14,2025
Matthew Stafford,Beef One My Balls,QB,LAR,Bench,18.5,23.24,14,2025
Rome Odunze,Beef One My Balls,WR,CHI,Bench,0,0,14,2025
T.J. Hockenson,Beef One My Balls,TE,MIN,Bench,8.8,9.2,14,2025
Colts,Beef One My Balls,D/ST,IND,D/ST,6,0,14,2025
Kyren Williams,Beef One My Balls,RB,LAR,FLEX,13.7,17.7,14,2025
Matt Prater,Beef One My Balls,K,BUF,K,9.2,6.6,14,2025
Dak Prescott,Beef One My Balls,QB,DAL,QB,20.3,18.44,14,2025
Javonte Williams,Beef One My Balls,RB,DAL,RB,14.1,14.7,14,2025
Jaylen Warren,Beef One My Balls,RB,PIT,RB,12.2,15.2,14,2025
Jake Ferguson,Beef One My Balls,TE,DAL,TE,11,10.8,14,2025
Courtland Sutton,Beef One My Balls,WR,DEN,WR,11.8,12.2,14,2025
Puka Nacua,Beef One My Balls,WR,LAR,WR,20.9,35.7,14,2025
Broncos,Bower Rangers,D/ST,DEN,Bench,9,13,14,2025
DJ Moore,Bower Rangers,WR,CHI,Bench,12.8,0.6,14,2025
Dalton Schultz,Bower Rangers,TE,HOU,Bench,9.7,5.2,14,2025
Darius Slayton,Bower Rangers,WR,NYG,Bench,0,0,14,2025
Jacory Croskey-Merritt,Bower Rangers,RB,WSH,Bench,4.1,3.2,14,2025
Joe Flacco,Bower Rangers,QB,CIN,Bench,0,0,14,2025
Sean Tucker,Bower Rangers,RB,TB,Bench,2.5,8.9,14,2025
Raiders,Bower Rangers,D/ST,LV,D/ST,3.3,2,14,2025
Oronde Gadsden,Bower Rangers,TE,LAC,FLEX,9.3,1.7,14,2025
Brandon Aubrey,Bower Rangers,K,DAL,K,9.2,25.6,14,2025
Jared Goff,Bower Rangers,QB,DET,QB,18.5,16.16,14,2025
Bucky Irving,Bower Rangers,RB,TB,RB,16.4,16.1,14,2025
Travis Etienne Jr.,Bower Rangers,RB,JAX,RB,11.7,21.2,14,2025
Brock Bowers,Bower Rangers,TE,LV,TE,13.2,14.6,14,2025
Jaylen Waddle,Bower Rangers,WR,MIA,WR,14,18.1,14,2025
Marvin Harrison Jr.,Bower Rangers,WR,ARI,WR,0,0,14,2025
Brock Purdy,Cook my Balls,QB,SF,Bench,0,0,14,2025
David Njoku,Cook my Balls,TE,CLE,Bench,4.3,7.1,14,2025
Hollywood Brown,Cook my Balls,WR,KC,Bench,2.9,4.5,14,2025
Rico Dowdle,Cook my Balls,RB,CAR,Bench,0,0,14,2025
Tetairoa McMillan,Cook my Balls,WR,CAR,Bench,0,0,14,2025
Theo Johnson,Cook my Balls,TE,NYG,Bench,0,0,14,2025
Wan'Dale Robinson,Cook my Balls,WR,NYG,Bench,0,0,14,2025
Chargers,Cook my Balls,D/ST,LAC,D/ST,5.2,10,14,2025
Romeo Doubs,Cook my Balls,WR,GB,FLEX,10.4,0,14,2025
Brandon Aiyuk,Cook my Balls,WR,SF,IR,0,0,14,2025
Harrison Mevis,Cook my Balls,K,LAR,K,8.9,8.6,14,2025
Justin Herbert,Cook my Balls,QB,LAC,QB,16.2,12.16,14,2025
James Cook III,Cook my Balls,RB,BUF,RB,21.3,11.1,14,2025
Quinshon Judkins,Cook my Balls,RB,CLE,RB,14.8,9.4,14,2025
Dalton Kincaid,Cook my Balls,TE,BUF,TE,10,14.1,14,2025
Jakobi Meyers,Cook my Balls,WR,JAX,WR,11.3,14.8,14,2025
Justin Jefferson,Cook my Balls,WR,MIN,WR,15.3,3.1,14,2025
Alec Pierce,High Speed Chase,WR,IND,Bench,10.7,13,14,2025
Isiah Pacheco,High Speed Chase,RB,KC,Bench,8.3,3,14,2025
Jordan Love,High Speed Chase,QB,GB,Bench,17.7,19.26,14,2025
Ka'imi Fairbairn,High Speed Chase,K,HOU,Bench,8,8.3,14,2025
Tre Tucker,High Speed Chase,WR,LV,Bench,9.3,4.4,14,2025
Tyrone Tracy Jr.,High Speed Chase,RB,NYG,Bench,0,0,14,2025
Zach Ertz,High Speed Chase,TE,WSH,Bench,9.2,2.1,14,2025
Browns,High Speed Chase,D/ST,CLE,D/ST,6.9,4,14,2025
Amon-Ra St. Brown,High Speed Chase,WR,DET,FLEX,19.5,15.2,14,2025
Cam Little,High Speed Chase,K,JAX,K,8.3,12.3,14,2025
Joe Burrow,High Speed Chase,QB,CIN,QB,18,23.36,14,2025
Chase Brown,High Speed Chase,RB,CIN,RB,14.7,18.5,14,2025
D'Andre Swift,High Speed Chase,RB,CHI,RB,11.1,11.2,14,2025
Dallas Goedert,High Speed Chase,TE,PHI,TE,9.4,15.8,14,2025
George Pickens,High Speed Chase,WR,DAL,WR,18.9,8.7,14,2025
Ja'Marr Chase,High Speed Chase,WR,CIN,WR,19.1,10.2,14,2025
Baker Mayfield,Kupp my balls,QB,TB,Bench,15.4,11.08,14,2025
Brian Thomas Jr.,Kupp my balls,WR,JAX,Bench,11.3,11.7,14,2025
Chris Godwin Jr.,Kupp my balls,WR,TB,Bench,11,10.5,14,2025
Emanuel Wilson,Kupp my balls,RB,GB,Bench,6.1,1,14,2025
George Kittle,Kupp my balls,TE,SF,Bench,0,0,14,2025
Jaxson Dart,Kupp my balls,QB,NYG,Bench,0,0,14,2025
TreVeyon Henderson,Kupp my balls,RB,NE,Bench,0,0,14,2025
Buccaneers,Kupp my balls,D/ST,TB,D/ST,5.8,7,14,2025
DeVonta Smith,Kupp my balls,WR,PHI,FLEX,13.5,7.7,14,2025
Chris Boswell,Kupp my balls,K,PIT,K,8.3,8.1,14,2025
Lamar Jackson,Kupp my balls,QB,BAL,QB,16.8,21.06,14,2025
Ashton Jeanty,Kupp my balls,RB,LV,RB,15.8,5.8,14,2025
Josh Jacobs,Kupp my balls,RB,GB,RB,21.3,17.2,14,2025
Darren Waller,Kupp my balls,TE,MIA,TE,7.3,2.7,14,2025
Davante Adams,Kupp my balls,WR,LAR,WR,16.7,6.9,14,2025
Rashee Rice,Kupp my balls,WR,KC,WR,17.1,7.4,14,2025
C.J. Stroud,Nix my Balls,QB,HOU,Bench,16.7,12.62,14,2025
Garrett Wilson,Nix my Balls,WR,NYJ,Bench,0,0,14,2025
Harold Fannin Jr.,Nix my Balls,TE,CLE,Bench,9.6,25.4,14,2025
Jacoby Brissett,Nix my Balls,QB,ARI,Bench,15.3,19.04,14,2025
Michael Wilson,Nix my Balls,WR,ARI,Bench,14.9,37.2,14,2025
Rhamondre Stevenson,Nix my Balls,RB,NE,Bench,0,0,14,2025
Wil Lutz,Nix my Balls,K,DEN,Bench,8.4,5.3,14,2025
Rams,Nix my Balls,D/ST,LAR,D/ST,6.9,6,14,2025
Terry McLaurin,Nix my Balls,WR,WSH,FLEX,11.7,7.1,14,2025
Brandon McManus,Nix my Balls,K,GB,K,8.7,4,14,2025
Bo Nix,Nix my Balls,QB,DEN,QB,17.8,15.98,14,2025
Jahmyr Gibbs,Nix my Balls,RB,DET,RB,22.9,37,14,2025
Jonathan Taylor,Nix my Balls,RB,IND,RB,20.8,11.4,14,2025
Tyler Warren,Nix my Balls,TE,IND,TE,12.9,3.7,14,2025
Khalil Shakir,Nix my Balls,WR,BUF,WR,12,9.6,14,2025
Zay Flowers,Nix my Balls,WR,BAL,WR,12.3,20.6,14,2025
Christian McCaffrey,Njigbas in Paris,RB,SF,Bench,0,0,14,2025
Hunter Henry,Njigbas in Paris,TE,NE,Bench,0,0,14,2025
Kimani Vidal,Njigbas in Paris,RB,LAC,Bench,6.9,11.4,14,2025
Mack Hollins,Njigbas in Paris,WR,NE,Bench,0,0,14,2025
Patriots,Njigbas in Paris,D/ST,NE,Bench,0,0,14,2025
Stefon Diggs,Njigbas in Paris,WR,NE,Bench,0,0,14,2025
Tyler Allgeier,Njigbas in Paris,RB,ATL,Bench,7.3,8.7,14,2025
Titans,Njigbas in Paris,D/ST,TEN,D/ST,6.4,4,14,2025
Michael Pittman Jr.,Njigbas in Paris,WR,IND,FLEX,12.8,16.9,14,2025
Cameron Dicker,Njigbas in Paris,K,LAC,K,8.7,22,14,2025
Caleb Williams,Njigbas in Paris,QB,CHI,QB,16.7,14.94,14,2025
Devin Neal,Njigbas in Paris,RB,NO,RB,12.3,15.4,14,2025
Kyle Monangai,Njigbas in Paris,RB,CHI,RB,9.7,8.7,14,2025
Brenton Strange,Njigbas in Paris,TE,JAX,TE,8.9,5.7,14,2025
DK Metcalf,Njigbas in Paris,WR,PIT,WR,12.2,21.8,14,2025
Jaxon Smith-Njigba,Njigbas in Paris,WR,SEA,WR,20.9,28.1,14,2025
Jake Elliott,S(hamas),K,PHI,Bench,8,16.9,14,2025
Jauan Jennings,S(hamas),WR,SF,Bench,0,0,14,2025
Juwan Johnson,S(hamas),TE,NO,Bench,9.7,7.8,14,2025
Kayshon Boutte,S(hamas),WR,NE,Bench,0,0,14,2025
Rashid Shaheed,S(hamas),WR,SEA,Bench,8,16.7,14,2025
Sterling Shepard,S(hamas),WR,TB,Bench,3.1,1.5,14,2025
Tyjae Spears,S(hamas),RB,TEN,Bench,8.6,6.7,14,2025
Dolphins,S(hamas),D/ST,MIA,D/ST,6,17,14,2025
Alvin Kamara,S(hamas),RB,NO,FLEX,0,0,14,2025
Tyler Loop,S(hamas),K,BAL,K,8.4,11,14,2025
Josh Allen,S(hamas),QB,BUF,QB,24,37.84,14,2025
Kareem Hunt,S(hamas),RB,KC,RB,8.6,9,14,2025
Kenneth Walker III,S(hamas),RB,SEA,RB,13.3,3.8,14,2025
Kyle Pitts Sr.,S(hamas),TE,ATL,TE,10.8,15,14,2025
A.J. Brown,S(hamas),WR,PHI,WR,16.3,16,14,2025
Jameson Williams,S(hamas),WR,DET,WR,13.8,17.3,14,2025
Bhayshul Tuten,Saquon Bustley,RB,JAX,Bench,6.4,-1.5,14,2025
Chuba Hubbard,Saquon Bustley,RB,CAR,Bench,0,0,14,2025
Devin Singletary,Saquon Bustley,RB,NYG,Bench,0,0,14,2025
Drake Maye,Saquon Bustley,QB,NE,Bench,0,0,14,2025
Mike Evans,Saquon Bustley,WR,TB,Bench,0,0,14,2025
Saquon Barkley,Saquon Bustley,RB,PHI,Bench,14.5,18.2,14,2025
Texans,Saquon Bustley,D/ST,HOU,Bench,4.8,13,14,2025
Seahawks,Saquon Bustley,D/ST,SEA,D/ST,6.3,20,14,2025
Bam Knight,Saquon Bustley,RB,ARI,FLEX,10.7,6.4,14,2025
Jayden Reed,Saquon Bustley,WR,GB,IR,7.7,9.3,14,2025
Jason Myers,Saquon Bustley,K,SEA,K,8.6,14.7,14,2025
Jayden Daniels,Saquon Bustley,QB,WSH,QB,18.3,2.72,14,2025
Omarion Hampton,Saquon Bustley,RB,LAC,RB,12.1,14.7,14,2025
Woody Marks,Saquon Bustley,RB,HOU,RB,11,15.6,14,2025
Trey McBride,Saquon Bustley,TE,ARI,TE,15.6,10.8,14,2025
Chris Olave,Saquon Bustley,WR,NO,WR,14.9,6,14,2025
Ladd McConkey,Saquon Bustley,WR,LAC,WR,12.3,2.2,14,2025
Chase McLaughlin,Team Chieffo,K,TB,Bench,8.4,9.8,14,2025
Isaiah Hodgins,Team Chieffo,WR,NYG,Bench,0,0,14,2025
Jerry Jeudy,Team Chieffo,WR,CLE,Bench,8.9,16.6,14,2025
Jonnu Smith,Team Chieffo,TE,PIT,Bench,5,0,14,2025
Rachaad White,Team Chieffo,RB,TB,Bench,5.6,6.5,14,2025
Sam Darnold,Team Chieffo,QB,SEA,Bench,14.3,22.26,14,2025
Tee Higgins,Team Chieffo,WR,CIN,Bench,13.3,27.2,14,2025
Packers,Team Chieffo,D/ST,GB,D/ST,3.7,3,14,2025
Keenan Allen,Team Chieffo,WR,LAC,FLEX,10.5,5.2,14,2025
Cairo Santos,Team Chieffo,K,CHI,K,8.4,8.4,14,2025
Daniel Jones,Team Chieffo,QB,IND,QB,17.2,0.8,14,2025
Breece Hall,Team Chieffo,RB,NYJ,RB,16.6,4.3,14,2025
Derrick Henry,Team Chieffo,RB,BAL,RB,16.4,11.2,14,2025
Mark Andrews,Team Chieffo,TE,BAL,TE,9.1,1.9,14,2025
Emeka Egbuka,Team Chieffo,WR,TB,WR,13.6,3.5,14,2025
Nico Collins,Team Chieffo,WR,HOU,WR,16.9,16.1,14,2025
Aaron Jones Sr.,lets get this money,RB,MIN,Bench,12.7,7.6,14,2025
Chris Rodriguez Jr.,lets get this money,RB,WSH,Bench,8.9,5.2,14,2025
Drake London,lets get this money,WR,ATL,Bench,0,0,14,2025
Ollie Gordon II,lets get this money,RB,MIA,Bench,3.3,7.7,14,2025
Tony Pollard,lets get this money,RB,TEN,Bench,10.6,28.1,14,2025
Troy Franklin,lets get this money,WR,DEN,Bench,9.5,4.1,14,2025
Zach Charbonnet,lets get this money,RB,SEA,Bench,8.8,8.6,14,2025
49ers,lets get this money,D/ST,SF,D/ST,0,0,14,2025
Xavier Worthy,lets get this money,WR,KC,FLEX,10.1,8.5,14,2025
Trey Benson,lets get this money,RB,ARI,IR,0,0,14,2025
Harrison Butker,lets get this money,K,KC,K,8.5,3.6,14,2025
Jalen Hurts,lets get this money,QB,PHI,QB,19.4,0.4,14,2025
De'Von Achane,lets get this money,RB,MIA,RB,23.5,17.5,14,2025
RJ Harvey,lets get this money,RB,DEN,RB,13.5,22,14,2025
Travis Kelce,lets get this money,TE,KC,TE,10.1,1.8,14,2025
Christian Watson,lets get this money,WR,GB,WR,11.8,24.9,14,2025
Luther Burden III,lets get this money,WR,CHI,WR,10.3,11,14,2025
Cooper Kupp,willimantic crack addicts,WR,SEA,Bench,8.7,11.5,14,2025
J.J. McCarthy,willimantic crack addicts,QB,MIN,Bench,14.7,20.42,14,2025
Luke Musgrave,willimantic crack addicts,TE,GB,Bench,3.1,4.2,14,2025
Nick Chubb,willimantic crack addicts,RB,HOU,Bench,5.3,0.3,14,2025
Quentin Johnston,willimantic crack addicts,WR,LAC,Bench,8.7,2.8,14,2025
Rashod Bateman,willimantic crack addicts,WR,BAL,Bench,6,4.3,14,2025
Tucker Kraft,willimantic crack addicts,TE,GB,Bench,0,0,14,2025
Ravens,willimantic crack addicts,D/ST,BAL,D/ST,5.9,0,14,2025
Kenneth Gainwell,willimantic crack addicts,RB,PIT,FLEX,11.4,16.2,14,2025
Jake Bates,willimantic crack addicts,K,DET,K,9.3,17.1,14,2025
Patrick Mahomes,willimantic crack addicts,QB,KC,QB,17.9,6.3,14,2025
Bijan Robinson,willimantic crack addicts,RB,ATL,RB,20.4,9.4,14,2025
David Montgomery,willimantic crack addicts,RB,DET,RB,10.7,14.3,14,2025
Evan Engram,willimantic crack addicts,TE,DEN,TE,7.8,2.8,14,2025
CeeDee Lamb,willimantic crack addicts,WR,DAL,WR,19.5,18.1,14,2025
Deebo Samuel,willimantic crack addicts,WR,WSH,WR,11,6.7,14,2025
Colts,Beef One My Balls,D/ST,IND,Bench,3.8,1,15,2025
Dak Prescott,Beef One My Balls,QB,DAL,Bench,18.2,11.96,15,2025
Jayden Higgins,Beef One My Balls,WR,HOU,Bench,9.9,1.4,15,2025
Jordan Mason,Beef One My Balls,RB,MIN,Bench,7.5,2.9,15,2025
Josh Downs,Beef One My Balls,WR,IND,Bench,7.4,10.3,15,2025
Rome Odunze,Beef One My Balls,WR,CHI,Bench,0,0,15,2025
T.J. Hockenson,Beef One My Balls,TE,MIN,Bench,9,10.6,15,2025
Cowboys,Beef One My Balls,D/ST,DAL,D/ST,7.1,1,15,2025
Jaylen Warren,Beef One My Balls,RB,PIT,FLEX,12.4,7.8,15,2025
Matt Prater,Beef One My Balls,K,BUF,K,8.5,5,15,2025
Matthew Stafford,Beef One My Balls,QB,LAR,QB,19.9,20.92,15,2025
Javonte Williams,Beef One My Balls,RB,DAL,RB,14.4,15.1,15,2025
Kyren Williams,Beef One My Balls,RB,LAR,RB,13.8,21.8,15,2025
Jake Ferguson,Beef One My Balls,TE,DAL,TE,10,3.6,15,2025
Courtland Sutton,Beef One My Balls,WR,DEN,WR,13.1,24.3,15,2025
Puka Nacua,Beef One My Balls,WR,LAR,WR,22.2,27.9,15,2025
Alec Pierce,High Speed Chase,WR,IND,Bench,9.2,2.6,15,2025
Isiah Pacheco,High Speed Chase,RB,KC,Bench,7.2,2.1,15,2025
Jordan Love,High Speed Chase,QB,GB,Bench,14.8,13.94,15,2025
Ka'imi Fairbairn,High Speed Chase,K,HOU,Bench,8.4,17,15,2025
Tre Tucker,High Speed Chase,WR,LV,Bench,8.9,0,15,2025
Tyrone Tracy Jr.,High Speed Chase,RB,NYG,Bench,13.6,24.7,15,2025
Zach Ertz,High Speed Chase,TE,WSH,Bench,0,0,15,2025
Browns,High Speed Chase,D/ST,CLE,D/ST,4.1,1,15,2025
Amon-Ra St. Brown,High Speed Chase,WR,DET,FLEX,20.9,41.4,15,2025
Cam Little,High Speed Chase,K,JAX,K,9,11.5,15,2025
Joe Burrow,High Speed Chase,QB,CIN,QB,18.8,5.5,15,2025
Chase Brown,High Speed Chase,RB,CIN,RB,15.3,16,15,2025
D'Andre Swift,High Speed Chase,RB,CHI,RB,12.2,22.6,15,2025
Dallas Goedert,High Speed Chase,TE,PHI,TE,10.3,25,15,2025
George Pickens,High Speed Chase,WR,DAL,WR,16.3,6.3,15,2025
Ja'Marr Chase,High Speed Chase,WR,CIN,WR,20.4,23.2,15,2025
Bo Nix,Nix my Balls,QB,DEN,Bench,17.1,29.08,15,2025
Brandon McManus,Nix my Balls,K,GB,Bench,8.2,17.1,15,2025
Garrett Wilson,Nix my Balls,WR,NYJ,Bench,0,0,15,2025
Jacoby Brissett,Nix my Balls,QB,ARI,Bench,13.9,20.56,15,2025
Khalil Shakir,Nix my Balls,WR,BUF,Bench,10.5,11.5,15,2025
Rams,Nix my Balls,D/ST,LAR,Bench,4.2,-1,15,2025
Tyler Warren,Nix my Balls,TE,IND,Bench,10.5,4.9,15,2025
Eagles,Nix my Balls,D/ST,PHI,D/ST,7.3,16,15,2025
Terry McLaurin,Nix my Balls,WR,WSH,FLEX,13.4,15.9,15,2025
Wil Lutz,Nix my Balls,K,DEN,K,8.4,4,15,2025
C.J. Stroud,Nix my Balls,QB,HOU,QB,17.3,23.4,15,2025
Jahmyr Gibbs,Nix my Balls,RB,DET,RB,21.7,9.8,15,2025
Jonathan Taylor,Nix my Balls,RB,IND,RB,17.6,13.1,15,2025
Harold Fannin Jr.,Nix my Balls,TE,CLE,TE,11.2,12,15,2025
Michael Wilson,Nix my Balls,WR,ARI,WR,13.5,16.4,15,2025
Zay Flowers,Nix my Balls,WR,BAL,WR,12.8,15.8,15,2025
Brenton Strange,Njigbas in Paris,TE,JAX,Bench,8.2,3.6,15,2025
Caleb Williams,Njigbas in Paris,QB,CHI,Bench,16,18.98,15,2025
Kyle Monangai,Njigbas in Paris,RB,CHI,Bench,10.9,3.3,15,2025
Mack Hollins,Njigbas in Paris,WR,NE,Bench,7.5,8.1,15,2025
Michael Pittman Jr.,Njigbas in Paris,WR,IND,Bench,12.3,5.6,15,2025
Patriots,Njigbas in Paris,D/ST,NE,Bench,4.6,-1,15,2025
Tyler Allgeier,Njigbas in Paris,RB,ATL,Bench,9.2,1.8,15,2025
Jaguars,Njigbas in Paris,D/ST,JAX,D/ST,9.2,11,15,2025
Stefon Diggs,Njigbas in Paris,WR,NE,FLEX,13.3,5.6,15,2025
Cameron Dicker,Njigbas in Paris,K,LAC,K,8.4,13.1,15,2025
Trevor Lawrence,Njigbas in Paris,QB,JAX,QB,17.3,44.3,15,2025
Christian McCaffrey,Njigbas in Paris,RB,SF,RB,26.7,15.7,15,2025
Devin Neal,Njigbas in Paris,RB,NO,RB,14.1,10.2,15,2025
Hunter Henry,Njigbas in Paris,TE,NE,TE,10.3,2.8,15,2025
DK Metcalf,Njigbas in Paris,WR,PIT,WR,13.9,14.5,15,2025
Jaxon Smith-Njigba,Njigbas in Paris,WR,SEA,WR,20.6,18.3,15,2025
Bam Knight,Saquon Bustley,RB,ARI,Bench,9.6,-0.2,15,2025
Chuba Hubbard,Saquon Bustley,RB,CAR,Bench,10.3,4.8,15,2025
Devin Singletary,Saquon Bustley,RB,NYG,Bench,10.9,2.4,15,2025
Jayden Daniels,Saquon Bustley,QB,WSH,Bench,0,0,15,2025
Jayden Reed,Saquon Bustley,WR,GB,Bench,10,10.5,15,2025
Mike Evans,Saquon Bustley,WR,TB,Bench,9.6,19.2,15,2025
Texans,Saquon Bustley,D/ST,HOU,Bench,7.9,6,15,2025
Seahawks,Saquon Bustley,D/ST,SEA,D/ST,7.7,6,15,2025
Saquon Barkley,Saquon Bustley,RB,PHI,FLEX,16.4,17.2,15,2025
Jason Myers,Saquon Bustley,K,SEA,K,8.9,26.3,15,2025
Drake Maye,Saquon Bustley,QB,NE,QB,21.4,20.5,15,2025
Omarion Hampton,Saquon Bustley,RB,LAC,RB,11.7,7.5,15,2025
Woody Marks,Saquon Bustley,RB,HOU,RB,15.1,10.8,15,2025
Trey McBride,Saquon Bustley,TE,ARI,TE,14,37.4,15,2025
Chris Olave,Saquon Bustley,WR,NO,WR,13.6,20.5,15,2025
Ladd McConkey,Saquon Bustley,WR,LAC,WR,13.6,4,15,2025
Aaron Jones Sr.,lets get this money,RB,MIN,Bench,13.5,9.5,15,2025
Chris Rodriguez Jr.,lets get this money,RB,WSH,Bench,0,0,15,2025
Christian Watson,lets get this money,WR,GB,Bench,11.3,5.9,15,2025
Luther Burden III,lets get this money,WR,CHI,Bench,10.1,14.4,15,2025
Ollie Gordon II,lets get this money,RB,MIA,Bench,2,0,15,2025
Tony Pollard,lets get this money,RB,TEN,Bench,12.2,18.2,15,2025
Xavier Worthy,lets get this money,WR,KC,Bench,8.9,5.5,15,2025
49ers,lets get this money,D/ST,SF,D/ST,6.4,0,15,2025
Zach Charbonnet,lets get this money,RB,SEA,FLEX,8.9,3.1,15,2025
Drake London,lets get this money,WR,ATL,IR,0,0,15,2025
Harrison Butker,lets get this money,K,KC,K,8.4,8.4,15,2025
Jalen Hurts,lets get this money,QB,PHI,QB,20.2,22.9,15,2025
De'Von Achane,lets get this money,RB,MIA,RB,23.1,18.7,15,2025
RJ Harvey,lets get this money,RB,DEN,RB,14.5,10.5,15,2025
Travis Kelce,lets get this money,TE,KC,TE,9.9,14,15,2025
John Metchie III,lets get this money,WR,NYJ,WR,9.6,6.9,15,2025
Jordan Addison,lets get this money,WR,MIN,WR,12.4,8.6,15,2025
Colts,Beef One My Balls,D/ST,IND,Bench,4.3,-3,16,2025
Jayden Higgins,Beef One My Balls,WR,HOU,Bench,8.7,2.7,16,2025
Jordan Mason,Beef One My Balls,RB,MIN,Bench,8.6,2.1,16,2025
Kyren Williams,Beef One My Balls,RB,LAR,Bench,12,11.5,16,2025
Matthew Stafford,Beef One My Balls,QB,LAR,Bench,14.7,30.88,16,2025
Rome Odunze,Beef One My Balls,WR,CHI,Bench,0,0,16,2025
T.J. Hockenson,Beef One My Balls,TE,MIN,Bench,8.7,1.2,16,2025
Cowboys,Beef One My Balls,D/ST,DAL,D/ST,4.6,-6,16,2025
Josh Downs,Beef One My Balls,WR,IND,FLEX,8.9,11.8,16,2025
Eddy Pineiro,Beef One My Balls,K,SF,K,8.8,11.3,16,2025
Dak Prescott,Beef One My Balls,QB,DAL,QB,16.9,19.16,16,2025
Javonte Williams,Beef One My Balls,RB,DAL,RB,15.1,6.3,16,2025
Jaylen Warren,Beef One My Balls,RB,PIT,RB,14.3,29.1,16,2025
Jake Ferguson,Beef One My Balls,TE,DAL,TE,9.8,4.9,16,2025
Courtland Sutton,Beef One My Balls,WR,DEN,WR,13.1,20.6,16,2025
Puka Nacua,Beef One My Balls,WR,LAR,WR,19.8,46.5,16,2025
Alec Pierce,High Speed Chase,WR,IND,Bench,8.1,24.6,16,2025
Cam Little,High Speed Chase,K,JAX,Bench,8.5,11.3,16,2025
Chiefs,High Speed Chase,D/ST,KC,Bench,6.5,1,16,2025
Isiah Pacheco,High Speed Chase,RB,KC,Bench,9.3,13.5,16,2025
Jordan Love,High Speed Chase,QB,GB,Bench,17.3,3.78,16,2025
Tre Tucker,High Speed Chase,WR,LV,Bench,8.9,9.4,16,2025
Tyrone Tracy Jr.,High Speed Chase,RB,NYG,Bench,12.8,9.8,16,2025
Browns,High Speed Chase,D/ST,CLE,D/ST,4.3,4,16,2025
Amon-Ra St. Brown,High Speed Chase,WR,DET,FLEX,21.3,9.4,16,2025
Ka'imi Fairbairn,High Speed Chase,K,HOU,K,8.6,17.4,16,2025
Joe Burrow,High Speed Chase,QB,CIN,QB,17.1,28.96,16,2025
Chase Brown,High Speed Chase,RB,CIN,RB,14.9,32.9,16,2025
D'Andre Swift,High Speed Chase,RB,CHI,RB,13,9,16,2025
Dallas Goedert,High Speed Chase,TE,PHI,TE,11.9,12.2,16,2025
George Pickens,High Speed Chase,WR,DAL,WR,14,26,16,2025
Ja'Marr Chase,High Speed Chase,WR,CIN,WR,18.9,19.9,16,2025
Baker Mayfield,Kupp my balls,QB,TB,Bench,16.6,12.7,16,2025
Buccaneers,Kupp my balls,D/ST,TB,Bench,5.1,4,16,2025
Chris Godwin Jr.,Kupp my balls,WR,TB,Bench,10.7,8,16,2025
Davante Adams,Kupp my balls,WR,LAR,Bench,0,0,16,2025
Emanuel Wilson,Kupp my balls,RB,GB,Bench,4.1,8.2,16,2025
Jawhar Jordan,Kupp my balls,RB,HOU,Bench,8.9,12,16,2025
Rashee Rice,Kupp my balls,WR,KC,Bench,0,0,16,2025
Saints,Kupp my balls,D/ST,NO,D/ST,8.2,19,16,2025
TreVeyon Henderson,Kupp my balls,RB,NE,FLEX,14.1,2.2,16,2025
Chris Boswell,Kupp my balls,K,PIT,K,8.9,10.2,16,2025
Jaxson Dart,Kupp my balls,QB,NYG,QB,17.9,0.02,16,2025
Ashton Jeanty,Kupp my balls,RB,LV,RB,15.1,31.8,16,2025
Josh Jacobs,Kupp my balls,RB,GB,RB,18.9,4.8,16,2025
George Kittle,Kupp my balls,TE,SF,TE,15.1,24.5,16,2025
Brian Thomas Jr.,Kupp my balls,WR,JAX,WR,11.8,3.8,16,2025
DeVonta Smith,Kupp my balls,WR,PHI,WR,13.1,16.2,16,2025
Devin Singletary,Saquon Bustley,RB,NYG,Bench,7.5,5.6,16,2025
Jason Myers,Saquon Bustley,K,SEA,Bench,8.5,2,16,2025
Jayden Reed,Saquon Bustley,WR,GB,Bench,11.2,7.1,16,2025
Ladd McConkey,Saquon Bustley,WR,LAC,Bench,12.6,14.3,16,2025
Michael Carter,Saquon Bustley,RB,ARI,Bench,11,6.5,16,2025
Seahawks,Saquon Bustley,D/ST,SEA,Bench,5.6,-4,16,2025
Woody Marks,Saquon Bustley,RB,HOU,Bench,0,0,16,2025
Texans,Saquon Bustley,D/ST,HOU,D/ST,9.8,11,16,2025
Saquon Barkley,Saquon Bustley,RB,PHI,FLEX,19.1,21.2,16,2025
Jayden Daniels,Saquon Bustley,QB,WSH,IR,0,0,16,2025
Will Reichard,Saquon Bustley,K,MIN,K,8.5,11.4,16,2025
Drake Maye,Saquon Bustley,QB,NE,QB,19.4,23.7,16,2025
Chuba Hubbard,Saquon Bustley,RB,CAR,RB,9.9,4.4,16,2025
Omarion Hampton,Saquon Bustley,RB,LAC,RB,13.2,16.5,16,2025
Trey McBride,Saquon Bustley,TE,ARI,TE,16.8,6.7,16,2025
Chris Olave,Saquon Bustley,WR,NO,WR,14.2,36.8,16,2025
Mike Evans,Saquon Bustley,WR,TB,WR,12.9,14.1,16,2025
Colts,Beef One My Balls,D/ST,IND,Bench,4.5,5,17,2025
Jayden Higgins,Beef One My Balls,WR,HOU,Bench,6.6,16.8,17,2025
Jordan Mason,Beef One My Balls,RB,MIN,Bench,0,0,17,2025
Josh Downs,Beef One My Balls,WR,IND,Bench,9.5,5.4,17,2025
Matthew Stafford,Beef One My Balls,QB,LAR,Bench,19.4,12.76,17,2025
Rome Odunze,Beef One My Balls,WR,CHI,Bench,0,0,17,2025
T.J. Hockenson,Beef One My Balls,TE,MIN,Bench,0,0,17,2025
Cowboys,Beef One My Balls,D/ST,DAL,D/ST,5.9,2,17,2025
Kyren Williams,Beef One My Balls,RB,LAR,FLEX,15.3,16,17,2025
Eddy Pineiro,Beef One My Balls,K,SF,K,9.2,6,17,2025
Dak Prescott,Beef One My Balls,QB,DAL,QB,20.5,22.68,17,2025
Javonte Williams,Beef One My Balls,RB,DAL,RB,16.4,11.4,17,2025
Jaylen Warren,Beef One My Balls,RB,PIT,RB,13.7,6.4,17,2025
Jake Ferguson,Beef One My Balls,TE,DAL,TE,9.4,7.6,17,2025
Courtland Sutton,Beef One My Balls,WR,DEN,WR,14.4,8,17,2025
Puka Nacua,Beef One My Balls,WR,LAR,WR,23.2,15.7,17,2025
Alec Pierce,High Speed Chase,WR,IND,Bench,8.5,0,17,2025
Isiah Pacheco,High Speed Chase,RB,KC,Bench,9.8,3.2,17,2025
Jordan Love,High Speed Chase,QB,GB,Bench,0,0,17,2025
Ka'imi Fairbairn,High Speed Chase,K,HOU,Bench,8.1,10.5,17,2025
Lions,High Speed Chase,D/ST,DET,Bench,8.3,10,17,2025
Tre Tucker,High Speed Chase,WR,LV,Bench,10.8,9.9,17,2025
Tyrone Tracy Jr.,High Speed Chase,RB,NYG,Bench,13.3,6.7,17,2025
Browns,High Speed Chase,D/ST,CLE,D/ST,5.2,8,17,2025
Amon-Ra St. Brown,High Speed Chase,WR,DET,FLEX,19.3,14.8,17,2025
Cam Little,High Speed Chase,K,JAX,K,9,14.9,17,2025
Joe Burrow,High Speed Chase,QB,CIN,QB,19.1,20.4,17,2025
Chase Brown,High Speed Chase,RB,CIN,RB,16.4,29.1,17,2025
D'Andre Swift,High Speed Chase,RB,CHI,RB,13.9,21.9,17,2025
Dallas Goedert,High Speed Chase,TE,PHI,TE,10.1,9.8,17,2025
George Pickens,High Speed Chase,WR,DAL,WR,16.7,11.8,17,2025
Ja'Marr Chase,High Speed Chase,WR,CIN,WR,20.6,25,17,2025
Baker Mayfield,Kupp my balls,QB,TB,Bench,15.2,17.44,17,2025
Buccaneers,Kupp my balls,D/ST,TB,Bench,5.5,4,17,2025
Chris Godwin Jr.,Kupp my balls,WR,TB,Bench,10.5,23.8,17,2025
Emanuel Wilson,Kupp my balls,RB,GB,Bench,4,3.4,17,2025
George Kittle,Kupp my balls,TE,SF,Bench,0,0,17,2025
Jawhar Jordan,Kupp my balls,RB,HOU,Bench,4.2,3.6,17,2025
Rashee Rice,Kupp my balls,WR,KC,Bench,0,0,17,2025
Saints,Kupp my balls,D/ST,NO,D/ST,6.2,12,17,2025
TreVeyon Henderson,Kupp my balls,RB,NE,FLEX,13.9,8.2,17,2025
Chris Boswell,Kupp my balls,K,PIT,K,8.6,7.4,17,2025
Jaxson Dart,Kupp my balls,QB,NYG,QB,16.6,25.08,17,2025
Ashton Jeanty,Kupp my balls,RB,LV,RB,20.6,9.3,17,2025
Josh Jacobs,Kupp my balls,RB,GB,RB,14.7,1.3,17,2025
Jake Tonges,Kupp my balls,TE,SF,TE,10.8,19,17,2025
Brian Thomas Jr.,Kupp my balls,WR,JAX,WR,11.5,7.9,17,2025
DeVonta Smith,Kupp my balls,WR,PHI,WR,11.6,4.5,17,2025
Chuba Hubbard,Saquon Bustley,RB,CAR,Bench,7.5,2.8,17,2025
Devin Singletary,Saquon Bustley,RB,NYG,Bench,9.4,17,17,2025
Jayden Reed,Saquon Bustley,WR,GB,Bench,9.2,8.1,17,2025
Ladd McConkey,Saquon Bustley,WR,LAC,Bench,10.6,4.1,17,2025
Michael Carter,Saquon Bustley,RB,ARI,Bench,12.9,6.3,17,2025
Texans,Saquon Bustley,D/ST,HOU,Bench,6.8,10,17,2025
Woody Marks,Saquon Bustley,RB,HOU,Bench,10.6,8.5,17,2025
Seahawks,Saquon Bustley,D/ST,SEA,D/ST,6.7,12,17,2025
Rhamondre Stevenson,Saquon Bustley,RB,NE,FLEX,12.8,27.2,17,2025
Jayden Daniels,Saquon Bustley,QB,WSH,IR,0,0,17,2025
Jason Myers,Saquon Bustley,K,SEA,K,8.8,10.8,17,2025
Drake Maye,Saquon Bustley,QB,NE,QB,22,32.44,17,2025
Omarion Hampton,Saquon Bustley,RB,LAC,RB,14.9,20,17,2025
Saquon Barkley,Saquon Bustley,RB,PHI,RB,18,6.8,17,2025
Trey McBride,Saquon Bustley,TE,ARI,TE,19.1,23.6,17,2025
Chris Olave,Saquon Bustley,WR,NO,WR,17.1,25.9,17,2025
Mike Evans,Saquon Bustley,WR,TB,WR,13.6,12.1,17,2025
